[02:22:31] [Server thread/INFO]: Starting minecraft server version 1.8.8
[02:22:31] [Server thread/INFO]: Loading properties
[02:22:31] [Server thread/INFO]: Default game type: SURVIVAL
[02:22:31] [Server thread/INFO]: This server is running PandaSpigot version git-PandaSpigot-119 (MC: 1.8.8) (Implementing API version 1.8.8-R0.1-SNAPSHOT) (Git: 858ab0f)
[02:22:31] [Server thread/INFO]: Debug logging is disabled
[02:22:31] [Server thread/INFO]: Spigot Timings: true - Verbose: true - Interval: 5m - Length: 60m
[02:22:31] [Server thread/INFO]: Server Ping Player Sample Count: 12

[02:22:31] [Server thread/INFO]: Using 4 threads for Netty based IO
[02:22:32] [Server thread/INFO]: Data value allowed items: 
[02:22:32] [Server thread/INFO]: Generating keypair
[02:22:32] [Server thread/INFO]: Starting Minecraft server on *:25565
[02:22:32] [Server thread/INFO]: Using default channel type
[02:22:33] [Server thread/INFO]: Set PluginClassLoader as parallel capable
[02:22:33] [Server thread/INFO]: [ViaVersion] Loading ViaVersion v5.0.0
[02:22:33] [Server thread/INFO]: [ViaVersion] ViaVersion 5.0.0 is now loaded. Registering protocol transformers and injecting...
[02:22:33] [Via-Mappingloader-0/INFO]: [ViaVersion] Loading block connection mappings ...
[02:22:34] [Server thread/INFO]: [ViaBackwards] Loading translations...
[02:22:34] [Server thread/INFO]: [ViaBackwards] Registering protocols...
[02:22:34] [Server thread/INFO]: [ViaRewind] Registering protocols...
[02:22:34] [Server thread/INFO]: [ViaBackwards] Loading ViaBackwards v5.0.0
[02:22:34] [Server thread/INFO]: [ViaRewind] Loading ViaRewind v4.0.0
[02:22:34] [Server thread/INFO]: [ViaRewind-Legacy-Support] Loading ViaRewind-Legacy-Support v1.5.1
[02:22:34] [Server thread/INFO]: [ViaRewind] Enabling ViaRewind v4.0.0
[02:22:34] [Server thread/WARN]: **** SERVER IS RUNNING IN OFFLINE/INSECURE MODE!
[02:22:34] [Server thread/WARN]: The server will make no attempt to authenticate usernames. Beware.
[02:22:34] [Server thread/WARN]: Whilst this makes it possible to use BungeeCord, unless access to your server is properly restricted, it also opens up the ability for hackers to connect with any username they choose.
[02:22:34] [Server thread/WARN]: Please see http://www.spigotmc.org/wiki/firewall-guide/ for further information.
[02:22:34] [Server thread/WARN]: To change this, set "online-mode" to "true" in the server.properties file.
[02:22:34] [Server thread/INFO]: **** Beginning UUID conversion, this may take A LONG time ****
[02:22:34] [Server thread/INFO]: Preparing level "world"
[02:22:34] [Server thread/INFO]: -------- World Settings For [world] --------
[02:22:34] [Server thread/INFO]: Chunks to Grow per Tick: 650
[02:22:34] [Server thread/INFO]: Clear tick list: false
[02:22:34] [Server thread/INFO]: Experience Merge Radius: 3.0
[02:22:34] [Server thread/INFO]: Mob Spawn Range: 4
[02:22:34] [Server thread/INFO]: Anti X-Ray: true
[02:22:34] [Server thread/INFO]: 	Engine Mode: 1
[02:22:34] [Server thread/INFO]: 	Hidden Blocks: [14, 15, 16, 21, 48, 49, 54, 56, 73, 74, 82, 129, 130]
[02:22:34] [Server thread/INFO]: 	Replace Blocks: [1, 5]
[02:22:34] [Server thread/INFO]: Nerfing mobs spawned from spawners: false
[02:22:34] [Server thread/INFO]: Cactus Growth Modifier: 100%
[02:22:34] [Server thread/INFO]: Cane Growth Modifier: 100%
[02:22:34] [Server thread/INFO]: Melon Growth Modifier: 100%
[02:22:34] [Server thread/INFO]: Mushroom Growth Modifier: 100%
[02:22:34] [Server thread/INFO]: Pumpkin Growth Modifier: 100%
[02:22:34] [Server thread/INFO]: Sapling Growth Modifier: 100%
[02:22:34] [Server thread/INFO]: Wheat Growth Modifier: 100%
[02:22:34] [Server thread/INFO]: NetherWart Growth Modifier: 100%
[02:22:34] [Server thread/INFO]: Entity Activation Range: An 32 / Mo 32 / Mi 16
[02:22:34] [Server thread/INFO]: Entity Tracking Range: Pl 48 / An 48 / Mo 48 / Mi 32 / Other 64
[02:22:34] [Server thread/INFO]: Hopper Transfer: 8 Hopper Check: 8 Hopper Amount: 1
[02:22:34] [Server thread/INFO]: Random Lighting Updates: false
[02:22:34] [Server thread/INFO]: Structure Info Saving: true
[02:22:34] [Server thread/INFO]: Sending up to 10 chunks per packet
[02:22:34] [Server thread/INFO]: Max Entity Collisions: 8
[02:22:34] [Server thread/INFO]: Custom Map Seeds:  Village: 10387312 Feature: 14357617
[02:22:34] [Server thread/INFO]: Max TNT Explosions: 100
[02:22:34] [Server thread/INFO]: Tile Max Tick Time: 50ms Entity max Tick Time: 50ms
[02:22:34] [Server thread/INFO]: Item Despawn Rate: 6000
[02:22:34] [Server thread/INFO]: Item Merge Radius: 2.5
[02:22:34] [Server thread/INFO]: Arrow Despawn Rate: 1200
[02:22:34] [Server thread/INFO]: View Distance: 10
[02:22:34] [Server thread/INFO]: Allow Zombie Pigmen to spawn from portal blocks: true
[02:22:34] [Server thread/INFO]: Zombie Aggressive Towards Villager: true
[02:22:34] [Server thread/INFO]: -------- World Settings For [world] --------
[02:22:34] [Server thread/INFO]: Keep spawn chunk loaded: true
[02:22:34] [Server thread/INFO]: WorldServer TickNextTick cap set at 10000
[02:22:34] [Server thread/INFO]: WorldServer TickNextTickList cap always processes redstone: false
[02:22:34] [Server thread/INFO]: World async lighting: false
[02:22:34] [Server thread/INFO]: Max height for cactus growth 3. Max height for reed growth 3
[02:22:34] [Server thread/INFO]: Living Entity Despawn Ranges:  Soft: 32 Hard: 128
[02:22:34] [Server thread/INFO]: Squids will spawn between Y: 45.0 and Y: 63.0
[02:22:34] [Server thread/INFO]: Player blocking damage multiplier set to 0.5
[02:22:34] [Server thread/INFO]: Remove invalid mob spawner tile entities: true
[02:22:34] [Server thread/INFO]: Water over lava flow speed: 5
[02:22:34] [Server thread/INFO]: Fix TNT cannons: false
[02:22:34] [Server thread/INFO]: Allow undead horse types to be leashed: false
[02:22:35] [Server thread/INFO]: -------- World Settings For [world_nether] --------
[02:22:35] [Server thread/INFO]: Chunks to Grow per Tick: 650
[02:22:35] [Server thread/INFO]: Clear tick list: false
[02:22:35] [Server thread/INFO]: Experience Merge Radius: 3.0
[02:22:35] [Server thread/INFO]: Mob Spawn Range: 4
[02:22:35] [Server thread/INFO]: Anti X-Ray: true
[02:22:35] [Server thread/INFO]: 	Engine Mode: 1
[02:22:35] [Server thread/INFO]: 	Hidden Blocks: [14, 15, 16, 21, 48, 49, 54, 56, 73, 74, 82, 129, 130]
[02:22:35] [Server thread/INFO]: 	Replace Blocks: [1, 5]
[02:22:35] [Server thread/INFO]: Nerfing mobs spawned from spawners: false
[02:22:35] [Server thread/INFO]: Cactus Growth Modifier: 100%
[02:22:35] [Server thread/INFO]: Cane Growth Modifier: 100%
[02:22:35] [Server thread/INFO]: Melon Growth Modifier: 100%
[02:22:35] [Server thread/INFO]: Mushroom Growth Modifier: 100%
[02:22:35] [Server thread/INFO]: Pumpkin Growth Modifier: 100%
[02:22:35] [Server thread/INFO]: Sapling Growth Modifier: 100%
[02:22:35] [Server thread/INFO]: Wheat Growth Modifier: 100%
[02:22:35] [Server thread/INFO]: NetherWart Growth Modifier: 100%
[02:22:35] [Server thread/INFO]: Entity Activation Range: An 32 / Mo 32 / Mi 16
[02:22:35] [Server thread/INFO]: Entity Tracking Range: Pl 48 / An 48 / Mo 48 / Mi 32 / Other 64
[02:22:35] [Server thread/INFO]: Hopper Transfer: 8 Hopper Check: 8 Hopper Amount: 1
[02:22:35] [Server thread/INFO]: Random Lighting Updates: false
[02:22:35] [Server thread/INFO]: Structure Info Saving: true
[02:22:35] [Server thread/INFO]: Sending up to 10 chunks per packet
[02:22:35] [Server thread/INFO]: Max Entity Collisions: 8
[02:22:35] [Server thread/INFO]: Custom Map Seeds:  Village: 10387312 Feature: 14357617
[02:22:35] [Server thread/INFO]: Max TNT Explosions: 100
[02:22:35] [Server thread/INFO]: Tile Max Tick Time: 50ms Entity max Tick Time: 50ms
[02:22:35] [Server thread/INFO]: Item Despawn Rate: 6000
[02:22:35] [Server thread/INFO]: Item Merge Radius: 2.5
[02:22:35] [Server thread/INFO]: Arrow Despawn Rate: 1200
[02:22:35] [Server thread/INFO]: View Distance: 10
[02:22:35] [Server thread/INFO]: Allow Zombie Pigmen to spawn from portal blocks: true
[02:22:35] [Server thread/INFO]: Zombie Aggressive Towards Villager: true
[02:22:35] [Server thread/INFO]: -------- World Settings For [world_nether] --------
[02:22:35] [Server thread/INFO]: Keep spawn chunk loaded: true
[02:22:35] [Server thread/INFO]: WorldServer TickNextTick cap set at 10000
[02:22:35] [Server thread/INFO]: WorldServer TickNextTickList cap always processes redstone: false
[02:22:35] [Server thread/INFO]: World async lighting: false
[02:22:35] [Server thread/INFO]: Max height for cactus growth 3. Max height for reed growth 3
[02:22:35] [Server thread/INFO]: Living Entity Despawn Ranges:  Soft: 32 Hard: 128
[02:22:35] [Server thread/INFO]: Squids will spawn between Y: 45.0 and Y: 63.0
[02:22:35] [Server thread/INFO]: Player blocking damage multiplier set to 0.5
[02:22:35] [Server thread/INFO]: Remove invalid mob spawner tile entities: true
[02:22:35] [Server thread/INFO]: Water over lava flow speed: 5
[02:22:35] [Server thread/INFO]: Fix TNT cannons: false
[02:22:35] [Server thread/INFO]: Allow undead horse types to be leashed: false
[02:22:35] [Server thread/INFO]: -------- World Settings For [world_the_end] --------
[02:22:35] [Server thread/INFO]: Chunks to Grow per Tick: 650
[02:22:35] [Server thread/INFO]: Clear tick list: false
[02:22:35] [Server thread/INFO]: Experience Merge Radius: 3.0
[02:22:35] [Server thread/INFO]: Mob Spawn Range: 4
[02:22:35] [Server thread/INFO]: Anti X-Ray: true
[02:22:35] [Server thread/INFO]: 	Engine Mode: 1
[02:22:35] [Server thread/INFO]: 	Hidden Blocks: [14, 15, 16, 21, 48, 49, 54, 56, 73, 74, 82, 129, 130]
[02:22:35] [Server thread/INFO]: 	Replace Blocks: [1, 5]
[02:22:35] [Server thread/INFO]: Nerfing mobs spawned from spawners: false
[02:22:35] [Server thread/INFO]: Cactus Growth Modifier: 100%
[02:22:35] [Server thread/INFO]: Cane Growth Modifier: 100%
[02:22:35] [Server thread/INFO]: Melon Growth Modifier: 100%
[02:22:35] [Server thread/INFO]: Mushroom Growth Modifier: 100%
[02:22:35] [Server thread/INFO]: Pumpkin Growth Modifier: 100%
[02:22:35] [Server thread/INFO]: Sapling Growth Modifier: 100%
[02:22:35] [Server thread/INFO]: Wheat Growth Modifier: 100%
[02:22:35] [Server thread/INFO]: NetherWart Growth Modifier: 100%
[02:22:35] [Server thread/INFO]: Entity Activation Range: An 32 / Mo 32 / Mi 16
[02:22:35] [Server thread/INFO]: Entity Tracking Range: Pl 48 / An 48 / Mo 48 / Mi 32 / Other 64
[02:22:35] [Server thread/INFO]: Hopper Transfer: 8 Hopper Check: 8 Hopper Amount: 1
[02:22:35] [Server thread/INFO]: Random Lighting Updates: false
[02:22:35] [Server thread/INFO]: Structure Info Saving: true
[02:22:35] [Server thread/INFO]: Sending up to 10 chunks per packet
[02:22:35] [Server thread/INFO]: Max Entity Collisions: 8
[02:22:35] [Server thread/INFO]: Custom Map Seeds:  Village: 10387312 Feature: 14357617
[02:22:35] [Server thread/INFO]: Max TNT Explosions: 100
[02:22:35] [Server thread/INFO]: Tile Max Tick Time: 50ms Entity max Tick Time: 50ms
[02:22:35] [Server thread/INFO]: Item Despawn Rate: 6000
[02:22:35] [Server thread/INFO]: Item Merge Radius: 2.5
[02:22:35] [Server thread/INFO]: Arrow Despawn Rate: 1200
[02:22:35] [Server thread/INFO]: View Distance: 10
[02:22:35] [Server thread/INFO]: Allow Zombie Pigmen to spawn from portal blocks: true
[02:22:35] [Server thread/INFO]: Zombie Aggressive Towards Villager: true
[02:22:35] [Server thread/INFO]: -------- World Settings For [world_the_end] --------
[02:22:35] [Server thread/INFO]: Keep spawn chunk loaded: true
[02:22:35] [Server thread/INFO]: WorldServer TickNextTick cap set at 10000
[02:22:35] [Server thread/INFO]: WorldServer TickNextTickList cap always processes redstone: false
[02:22:35] [Server thread/INFO]: World async lighting: false
[02:22:35] [Server thread/INFO]: Max height for cactus growth 3. Max height for reed growth 3
[02:22:35] [Server thread/INFO]: Living Entity Despawn Ranges:  Soft: 32 Hard: 128
[02:22:35] [Server thread/INFO]: Squids will spawn between Y: 45.0 and Y: 63.0
[02:22:35] [Server thread/INFO]: Player blocking damage multiplier set to 0.5
[02:22:35] [Server thread/INFO]: Remove invalid mob spawner tile entities: true
[02:22:35] [Server thread/INFO]: Water over lava flow speed: 5
[02:22:35] [Server thread/INFO]: Fix TNT cannons: false
[02:22:35] [Server thread/INFO]: Allow undead horse types to be leashed: false
[02:22:35] [Server thread/INFO]: Preparing start region for level 0 (Seed: 3825605264748725768)
[02:22:36] [Server thread/INFO]: Preparing spawn area: 7%
[02:22:37] [Server thread/INFO]: Preparing spawn area: 14%
[02:22:38] [Server thread/INFO]: Preparing spawn area: 22%
[02:22:39] [Server thread/INFO]: Preparing spawn area: 31%
[02:22:40] [Server thread/INFO]: Preparing spawn area: 43%
[02:22:41] [Server thread/INFO]: Preparing spawn area: 54%
[02:22:42] [Server thread/INFO]: Preparing spawn area: 63%
[02:22:43] [Server thread/INFO]: Preparing spawn area: 69%
[02:22:44] [Server thread/INFO]: Preparing spawn area: 73%
[02:22:45] [Server thread/INFO]: Preparing spawn area: 80%
[02:22:46] [Server thread/INFO]: Preparing spawn area: 96%
[02:22:46] [Server thread/INFO]: Preparing start region for level 1 (Seed: 3825605264748725768)
[02:22:47] [Server thread/INFO]: Preparing spawn area: 15%
[02:22:48] [Server thread/INFO]: Preparing spawn area: 33%
[02:22:49] [Server thread/INFO]: Preparing spawn area: 56%
[02:22:50] [Server thread/INFO]: Preparing spawn area: 84%
[02:22:51] [Server thread/INFO]: Preparing start region for level 2 (Seed: 3825605264748725768)
[02:22:52] [Server thread/INFO]: Preparing spawn area: 87%
[02:22:52] [Server thread/INFO]: [ViaVersion] Enabling ViaVersion v5.0.0
[02:22:52] [Server thread/INFO]: [ViaBackwards] Enabling ViaBackwards v5.0.0
[02:22:52] [Server thread/INFO]: [ViaRewind-Legacy-Support] Enabling ViaRewind-Legacy-Support v1.5.1
[02:22:52] [Server thread/INFO]: Server permissions file permissions.yml is empty, ignoring it
[02:22:52] [Server thread/INFO]: Done (17.786s)! For help, type "help" or "?"
[02:22:52] [Server thread/INFO]: Timings Reset
[02:22:52] [Server thread/INFO]: [ViaVersion] ViaVersion detected server version: 1.8.x (47)
[02:22:52] [Server thread/WARN]: [ViaVersion] This version of Minecraft is extremely outdated and support for it has reached its end of life. You will still be able to run Via on this Minecraft version, but we are unlikely to provide any further fixes or help with problems specific to legacy Minecraft versions. Please consider updating to give your players a better experience and to avoid issues that have long been fixed.
[02:22:52] [Craft Scheduler Thread - 0/INFO]: [ViaVersion] Finished mapping loading, shutting down loader executor!
[02:22:53] [Server thread/WARN]: [ViaVersion] There is a newer plugin version available: 5.3.2, you're on: 5.0.0
[02:29:51] [User Authenticator #1/INFO]: UUID of player cocainefrog is 684e07b6-b6f6-31e6-8ab8-235c4fbff978
[02:29:51] [Server thread/INFO]: cocainefrog[/[0:0:0:0:0:0:0:1]:34372] logged in with entity id 2111 at ([world]-110.5, 68.0, 121.5)
[02:29:54] [Server thread/INFO]: cocainefrog issued server command: /rtp
[02:29:56] [Server thread/INFO]: cocainefrog issued server command: /rtp
[02:30:00] [Server thread/INFO]: cocainefrog issued server command: /betterrtp
[02:30:15] [Server thread/INFO]: CONSOLE: Please note that this command is not supported and may cause issues when using some plugins.
[02:30:15] [Server thread/INFO]: CONSOLE: If you encounter any issues please use the /stop command to restart your server.
[02:30:15] [Server thread/INFO]: Debug logging is disabled
[02:30:15] [Server thread/INFO]: Spigot Timings: true - Verbose: true - Interval: 5m - Length: 60m
[02:30:15] [Server thread/INFO]: Server Ping Player Sample Count: 12

[02:30:15] [Server thread/INFO]: Using 4 threads for Netty based IO
[02:30:15] [Server thread/INFO]: Data value allowed items: 
[02:30:15] [Server thread/INFO]: -------- World Settings For [world] --------
[02:30:15] [Server thread/INFO]: Chunks to Grow per Tick: 650
[02:30:15] [Server thread/INFO]: Clear tick list: false
[02:30:15] [Server thread/INFO]: Experience Merge Radius: 3.0
[02:30:15] [Server thread/INFO]: Mob Spawn Range: 4
[02:30:15] [Server thread/INFO]: Anti X-Ray: true
[02:30:15] [Server thread/INFO]: 	Engine Mode: 1
[02:30:15] [Server thread/INFO]: 	Hidden Blocks: [14, 15, 16, 21, 48, 49, 54, 56, 73, 74, 82, 129, 130]
[02:30:15] [Server thread/INFO]: 	Replace Blocks: [1, 5]
[02:30:15] [Server thread/INFO]: Nerfing mobs spawned from spawners: false
[02:30:15] [Server thread/INFO]: Cactus Growth Modifier: 100%
[02:30:15] [Server thread/INFO]: Cane Growth Modifier: 100%
[02:30:15] [Server thread/INFO]: Melon Growth Modifier: 100%
[02:30:15] [Server thread/INFO]: Mushroom Growth Modifier: 100%
[02:30:15] [Server thread/INFO]: Pumpkin Growth Modifier: 100%
[02:30:15] [Server thread/INFO]: Sapling Growth Modifier: 100%
[02:30:15] [Server thread/INFO]: Wheat Growth Modifier: 100%
[02:30:15] [Server thread/INFO]: NetherWart Growth Modifier: 100%
[02:30:15] [Server thread/INFO]: Entity Activation Range: An 32 / Mo 32 / Mi 16
[02:30:15] [Server thread/INFO]: Entity Tracking Range: Pl 48 / An 48 / Mo 48 / Mi 32 / Other 64
[02:30:15] [Server thread/INFO]: Hopper Transfer: 8 Hopper Check: 8 Hopper Amount: 1
[02:30:15] [Server thread/INFO]: Random Lighting Updates: false
[02:30:15] [Server thread/INFO]: Structure Info Saving: true
[02:30:15] [Server thread/INFO]: Sending up to 10 chunks per packet
[02:30:15] [Server thread/INFO]: Max Entity Collisions: 8
[02:30:15] [Server thread/INFO]: Custom Map Seeds:  Village: 10387312 Feature: 14357617
[02:30:15] [Server thread/INFO]: Max TNT Explosions: 100
[02:30:15] [Server thread/INFO]: Tile Max Tick Time: 50ms Entity max Tick Time: 50ms
[02:30:15] [Server thread/INFO]: Item Despawn Rate: 6000
[02:30:15] [Server thread/INFO]: Item Merge Radius: 2.5
[02:30:15] [Server thread/INFO]: Arrow Despawn Rate: 1200
[02:30:15] [Server thread/INFO]: View Distance: 10
[02:30:15] [Server thread/INFO]: Allow Zombie Pigmen to spawn from portal blocks: true
[02:30:15] [Server thread/INFO]: Zombie Aggressive Towards Villager: true
[02:30:15] [Server thread/INFO]: -------- World Settings For [world] --------
[02:30:15] [Server thread/INFO]: Keep spawn chunk loaded: true
[02:30:15] [Server thread/INFO]: WorldServer TickNextTick cap set at 10000
[02:30:15] [Server thread/INFO]: WorldServer TickNextTickList cap always processes redstone: false
[02:30:15] [Server thread/INFO]: World async lighting: false
[02:30:15] [Server thread/INFO]: Max height for cactus growth 3. Max height for reed growth 3
[02:30:15] [Server thread/INFO]: Living Entity Despawn Ranges:  Soft: 32 Hard: 128
[02:30:15] [Server thread/INFO]: Squids will spawn between Y: 45.0 and Y: 63.0
[02:30:15] [Server thread/INFO]: Player blocking damage multiplier set to 0.5
[02:30:15] [Server thread/INFO]: Remove invalid mob spawner tile entities: true
[02:30:15] [Server thread/INFO]: Water over lava flow speed: 5
[02:30:15] [Server thread/INFO]: Fix TNT cannons: false
[02:30:15] [Server thread/INFO]: Allow undead horse types to be leashed: false
[02:30:15] [Server thread/INFO]: -------- World Settings For [world_nether] --------
[02:30:15] [Server thread/INFO]: Chunks to Grow per Tick: 650
[02:30:15] [Server thread/INFO]: Clear tick list: false
[02:30:15] [Server thread/INFO]: Experience Merge Radius: 3.0
[02:30:15] [Server thread/INFO]: Mob Spawn Range: 4
[02:30:15] [Server thread/INFO]: Anti X-Ray: true
[02:30:15] [Server thread/INFO]: 	Engine Mode: 1
[02:30:15] [Server thread/INFO]: 	Hidden Blocks: [14, 15, 16, 21, 48, 49, 54, 56, 73, 74, 82, 129, 130]
[02:30:15] [Server thread/INFO]: 	Replace Blocks: [1, 5]
[02:30:15] [Server thread/INFO]: Nerfing mobs spawned from spawners: false
[02:30:15] [Server thread/INFO]: Cactus Growth Modifier: 100%
[02:30:15] [Server thread/INFO]: Cane Growth Modifier: 100%
[02:30:15] [Server thread/INFO]: Melon Growth Modifier: 100%
[02:30:15] [Server thread/INFO]: Mushroom Growth Modifier: 100%
[02:30:15] [Server thread/INFO]: Pumpkin Growth Modifier: 100%
[02:30:15] [Server thread/INFO]: Sapling Growth Modifier: 100%
[02:30:15] [Server thread/INFO]: Wheat Growth Modifier: 100%
[02:30:15] [Server thread/INFO]: NetherWart Growth Modifier: 100%
[02:30:15] [Server thread/INFO]: Entity Activation Range: An 32 / Mo 32 / Mi 16
[02:30:15] [Server thread/INFO]: Entity Tracking Range: Pl 48 / An 48 / Mo 48 / Mi 32 / Other 64
[02:30:15] [Server thread/INFO]: Hopper Transfer: 8 Hopper Check: 8 Hopper Amount: 1
[02:30:15] [Server thread/INFO]: Random Lighting Updates: false
[02:30:15] [Server thread/INFO]: Structure Info Saving: true
[02:30:15] [Server thread/INFO]: Sending up to 10 chunks per packet
[02:30:15] [Server thread/INFO]: Max Entity Collisions: 8
[02:30:15] [Server thread/INFO]: Custom Map Seeds:  Village: 10387312 Feature: 14357617
[02:30:15] [Server thread/INFO]: Max TNT Explosions: 100
[02:30:15] [Server thread/INFO]: Tile Max Tick Time: 50ms Entity max Tick Time: 50ms
[02:30:15] [Server thread/INFO]: Item Despawn Rate: 6000
[02:30:15] [Server thread/INFO]: Item Merge Radius: 2.5
[02:30:15] [Server thread/INFO]: Arrow Despawn Rate: 1200
[02:30:15] [Server thread/INFO]: View Distance: 10
[02:30:15] [Server thread/INFO]: Allow Zombie Pigmen to spawn from portal blocks: true
[02:30:15] [Server thread/INFO]: Zombie Aggressive Towards Villager: true
[02:30:15] [Server thread/INFO]: -------- World Settings For [world_nether] --------
[02:30:15] [Server thread/INFO]: Keep spawn chunk loaded: true
[02:30:15] [Server thread/INFO]: WorldServer TickNextTick cap set at 10000
[02:30:15] [Server thread/INFO]: WorldServer TickNextTickList cap always processes redstone: false
[02:30:15] [Server thread/INFO]: World async lighting: false
[02:30:15] [Server thread/INFO]: Max height for cactus growth 3. Max height for reed growth 3
[02:30:15] [Server thread/INFO]: Living Entity Despawn Ranges:  Soft: 32 Hard: 128
[02:30:15] [Server thread/INFO]: Squids will spawn between Y: 45.0 and Y: 63.0
[02:30:15] [Server thread/INFO]: Player blocking damage multiplier set to 0.5
[02:30:15] [Server thread/INFO]: Remove invalid mob spawner tile entities: true
[02:30:15] [Server thread/INFO]: Water over lava flow speed: 5
[02:30:15] [Server thread/INFO]: Fix TNT cannons: false
[02:30:15] [Server thread/INFO]: Allow undead horse types to be leashed: false
[02:30:15] [Server thread/INFO]: -------- World Settings For [world_the_end] --------
[02:30:15] [Server thread/INFO]: Chunks to Grow per Tick: 650
[02:30:15] [Server thread/INFO]: Clear tick list: false
[02:30:15] [Server thread/INFO]: Experience Merge Radius: 3.0
[02:30:15] [Server thread/INFO]: Mob Spawn Range: 4
[02:30:15] [Server thread/INFO]: Anti X-Ray: true
[02:30:15] [Server thread/INFO]: 	Engine Mode: 1
[02:30:15] [Server thread/INFO]: 	Hidden Blocks: [14, 15, 16, 21, 48, 49, 54, 56, 73, 74, 82, 129, 130]
[02:30:15] [Server thread/INFO]: 	Replace Blocks: [1, 5]
[02:30:15] [Server thread/INFO]: Nerfing mobs spawned from spawners: false
[02:30:15] [Server thread/INFO]: Cactus Growth Modifier: 100%
[02:30:15] [Server thread/INFO]: Cane Growth Modifier: 100%
[02:30:15] [Server thread/INFO]: Melon Growth Modifier: 100%
[02:30:15] [Server thread/INFO]: Mushroom Growth Modifier: 100%
[02:30:15] [Server thread/INFO]: Pumpkin Growth Modifier: 100%
[02:30:15] [Server thread/INFO]: Sapling Growth Modifier: 100%
[02:30:15] [Server thread/INFO]: Wheat Growth Modifier: 100%
[02:30:15] [Server thread/INFO]: NetherWart Growth Modifier: 100%
[02:30:15] [Server thread/INFO]: Entity Activation Range: An 32 / Mo 32 / Mi 16
[02:30:15] [Server thread/INFO]: Entity Tracking Range: Pl 48 / An 48 / Mo 48 / Mi 32 / Other 64
[02:30:15] [Server thread/INFO]: Hopper Transfer: 8 Hopper Check: 8 Hopper Amount: 1
[02:30:15] [Server thread/INFO]: Random Lighting Updates: false
[02:30:15] [Server thread/INFO]: Structure Info Saving: true
[02:30:15] [Server thread/INFO]: Sending up to 10 chunks per packet
[02:30:15] [Server thread/INFO]: Max Entity Collisions: 8
[02:30:15] [Server thread/INFO]: Custom Map Seeds:  Village: 10387312 Feature: 14357617
[02:30:15] [Server thread/INFO]: Max TNT Explosions: 100
[02:30:15] [Server thread/INFO]: Tile Max Tick Time: 50ms Entity max Tick Time: 50ms
[02:30:15] [Server thread/INFO]: Item Despawn Rate: 6000
[02:30:15] [Server thread/INFO]: Item Merge Radius: 2.5
[02:30:15] [Server thread/INFO]: Arrow Despawn Rate: 1200
[02:30:15] [Server thread/INFO]: View Distance: 10
[02:30:15] [Server thread/INFO]: Allow Zombie Pigmen to spawn from portal blocks: true
[02:30:15] [Server thread/INFO]: Zombie Aggressive Towards Villager: true
[02:30:15] [Server thread/INFO]: -------- World Settings For [world_the_end] --------
[02:30:15] [Server thread/INFO]: Keep spawn chunk loaded: true
[02:30:15] [Server thread/INFO]: WorldServer TickNextTick cap set at 10000
[02:30:15] [Server thread/INFO]: WorldServer TickNextTickList cap always processes redstone: false
[02:30:15] [Server thread/INFO]: World async lighting: false
[02:30:15] [Server thread/INFO]: Max height for cactus growth 3. Max height for reed growth 3
[02:30:15] [Server thread/INFO]: Living Entity Despawn Ranges:  Soft: 32 Hard: 128
[02:30:15] [Server thread/INFO]: Squids will spawn between Y: 45.0 and Y: 63.0
[02:30:15] [Server thread/INFO]: Player blocking damage multiplier set to 0.5
[02:30:15] [Server thread/INFO]: Remove invalid mob spawner tile entities: true
[02:30:15] [Server thread/INFO]: Water over lava flow speed: 5
[02:30:15] [Server thread/INFO]: Fix TNT cannons: false
[02:30:15] [Server thread/INFO]: Allow undead horse types to be leashed: false
[02:30:15] [Server thread/INFO]: [ViaRewind-Legacy-Support] Disabling ViaRewind-Legacy-Support v1.5.1
[02:30:15] [Server thread/INFO]: [ViaRewind] Disabling ViaRewind v4.0.0
[02:30:15] [Server thread/INFO]: [ViaBackwards] Disabling ViaBackwards v5.0.0
[02:30:15] [Server thread/INFO]: [ViaVersion] Disabling ViaVersion v5.0.0
[02:30:15] [Server thread/INFO]: [ViaVersion] ViaVersion is disabling, if this is a reload and you experience issues consider rebooting.
[02:30:15] [Server thread/INFO]: [ViaVersion] Loading ViaVersion v5.0.0
[02:30:15] [Server thread/INFO]: [ViaVersion] ViaVersion 5.0.0 is now loaded. Registering protocol transformers and injecting...
[02:30:15] [Server thread/ERROR]: [ViaVersion] ViaVersion is already loaded, this should work fine. If you get any console errors, try rebooting.
[02:30:16] [Via-Mappingloader-0/INFO]: [ViaVersion] Loading block connection mappings ...
[02:30:16] [Server thread/INFO]: [ViaBackwards] Loading translations...
[02:30:16] [Server thread/INFO]: [ViaBackwards] Registering protocols...
[02:30:16] [Server thread/INFO]: [ViaRewind] Registering protocols...
[02:30:17] [Server thread/INFO]: [ViaBackwards] Loading ViaBackwards v5.0.0
[02:30:17] [Server thread/INFO]: [ViaRewind] Loading ViaRewind v4.0.0
[02:30:17] [Server thread/INFO]: [ViaRewind-Legacy-Support] Loading ViaRewind-Legacy-Support v1.5.1
[02:30:17] [Server thread/INFO]: [ViaRewind] Enabling ViaRewind v4.0.0
[02:30:17] [Server thread/INFO]: [ViaVersion] Enabling ViaVersion v5.0.0
[02:30:17] [Server thread/INFO]: [ViaBackwards] Enabling ViaBackwards v5.0.0
[02:30:17] [Server thread/INFO]: [ViaRewind-Legacy-Support] Enabling ViaRewind-Legacy-Support v1.5.1
[02:30:17] [Server thread/INFO]: Server permissions file permissions.yml is empty, ignoring it
[02:30:17] [Server thread/INFO]: CONSOLE: Reload complete.
[02:30:17] [Server thread/INFO]: Timings Reset
[02:30:17] [Server thread/INFO]: [ViaVersion] ViaVersion detected server version: 1.8.x (47)
[02:30:17] [Server thread/WARN]: [ViaVersion] This version of Minecraft is extremely outdated and support for it has reached its end of life. You will still be able to run Via on this Minecraft version, but we are unlikely to provide any further fixes or help with problems specific to legacy Minecraft versions. Please consider updating to give your players a better experience and to avoid issues that have long been fixed.
[02:30:17] [Craft Scheduler Thread - 0/INFO]: [ViaVersion] Finished mapping loading, shutting down loader executor!
[02:30:17] [Server thread/WARN]: [ViaVersion] There is a newer plugin version available: 5.3.2, you're on: 5.0.0
[02:30:20] [Server thread/INFO]: cocainefrog issued server command: /rtp
[02:30:23] [Server thread/INFO]: cocainefrog issued server command: /rtp
[02:31:43] [Server thread/INFO]: CONSOLE: Please note that this command is not supported and may cause issues when using some plugins.
[02:31:43] [Server thread/INFO]: CONSOLE: If you encounter any issues please use the /stop command to restart your server.
[02:31:43] [Server thread/INFO]: Debug logging is disabled
[02:31:43] [Server thread/INFO]: Spigot Timings: true - Verbose: true - Interval: 5m - Length: 60m
[02:31:43] [Server thread/INFO]: Server Ping Player Sample Count: 12

[02:31:43] [Server thread/INFO]: Using 4 threads for Netty based IO
[02:31:43] [Server thread/INFO]: Data value allowed items: 
[02:31:43] [Server thread/INFO]: -------- World Settings For [world] --------
[02:31:43] [Server thread/INFO]: Chunks to Grow per Tick: 650
[02:31:43] [Server thread/INFO]: Clear tick list: false
[02:31:43] [Server thread/INFO]: Experience Merge Radius: 3.0
[02:31:43] [Server thread/INFO]: Mob Spawn Range: 4
[02:31:43] [Server thread/INFO]: Anti X-Ray: true
[02:31:43] [Server thread/INFO]: 	Engine Mode: 1
[02:31:43] [Server thread/INFO]: 	Hidden Blocks: [14, 15, 16, 21, 48, 49, 54, 56, 73, 74, 82, 129, 130]
[02:31:43] [Server thread/INFO]: 	Replace Blocks: [1, 5]
[02:31:43] [Server thread/INFO]: Nerfing mobs spawned from spawners: false
[02:31:43] [Server thread/INFO]: Cactus Growth Modifier: 100%
[02:31:43] [Server thread/INFO]: Cane Growth Modifier: 100%
[02:31:43] [Server thread/INFO]: Melon Growth Modifier: 100%
[02:31:43] [Server thread/INFO]: Mushroom Growth Modifier: 100%
[02:31:43] [Server thread/INFO]: Pumpkin Growth Modifier: 100%
[02:31:43] [Server thread/INFO]: Sapling Growth Modifier: 100%
[02:31:43] [Server thread/INFO]: Wheat Growth Modifier: 100%
[02:31:43] [Server thread/INFO]: NetherWart Growth Modifier: 100%
[02:31:43] [Server thread/INFO]: Entity Activation Range: An 32 / Mo 32 / Mi 16
[02:31:43] [Server thread/INFO]: Entity Tracking Range: Pl 48 / An 48 / Mo 48 / Mi 32 / Other 64
[02:31:43] [Server thread/INFO]: Hopper Transfer: 8 Hopper Check: 8 Hopper Amount: 1
[02:31:43] [Server thread/INFO]: Random Lighting Updates: false
[02:31:43] [Server thread/INFO]: Structure Info Saving: true
[02:31:43] [Server thread/INFO]: Sending up to 10 chunks per packet
[02:31:43] [Server thread/INFO]: Max Entity Collisions: 8
[02:31:43] [Server thread/INFO]: Custom Map Seeds:  Village: 10387312 Feature: 14357617
[02:31:43] [Server thread/INFO]: Max TNT Explosions: 100
[02:31:43] [Server thread/INFO]: Tile Max Tick Time: 50ms Entity max Tick Time: 50ms
[02:31:43] [Server thread/INFO]: Item Despawn Rate: 6000
[02:31:43] [Server thread/INFO]: Item Merge Radius: 2.5
[02:31:43] [Server thread/INFO]: Arrow Despawn Rate: 1200
[02:31:43] [Server thread/INFO]: View Distance: 10
[02:31:43] [Server thread/INFO]: Allow Zombie Pigmen to spawn from portal blocks: true
[02:31:43] [Server thread/INFO]: Zombie Aggressive Towards Villager: true
[02:31:43] [Server thread/INFO]: -------- World Settings For [world] --------
[02:31:43] [Server thread/INFO]: Keep spawn chunk loaded: true
[02:31:43] [Server thread/INFO]: WorldServer TickNextTick cap set at 10000
[02:31:43] [Server thread/INFO]: WorldServer TickNextTickList cap always processes redstone: false
[02:31:43] [Server thread/INFO]: World async lighting: false
[02:31:43] [Server thread/INFO]: Max height for cactus growth 3. Max height for reed growth 3
[02:31:43] [Server thread/INFO]: Living Entity Despawn Ranges:  Soft: 32 Hard: 128
[02:31:43] [Server thread/INFO]: Squids will spawn between Y: 45.0 and Y: 63.0
[02:31:43] [Server thread/INFO]: Player blocking damage multiplier set to 0.5
[02:31:43] [Server thread/INFO]: Remove invalid mob spawner tile entities: true
[02:31:43] [Server thread/INFO]: Water over lava flow speed: 5
[02:31:43] [Server thread/INFO]: Fix TNT cannons: false
[02:31:43] [Server thread/INFO]: Allow undead horse types to be leashed: false
[02:31:43] [Server thread/INFO]: -------- World Settings For [world_nether] --------
[02:31:43] [Server thread/INFO]: Chunks to Grow per Tick: 650
[02:31:43] [Server thread/INFO]: Clear tick list: false
[02:31:43] [Server thread/INFO]: Experience Merge Radius: 3.0
[02:31:43] [Server thread/INFO]: Mob Spawn Range: 4
[02:31:43] [Server thread/INFO]: Anti X-Ray: true
[02:31:43] [Server thread/INFO]: 	Engine Mode: 1
[02:31:43] [Server thread/INFO]: 	Hidden Blocks: [14, 15, 16, 21, 48, 49, 54, 56, 73, 74, 82, 129, 130]
[02:31:43] [Server thread/INFO]: 	Replace Blocks: [1, 5]
[02:31:43] [Server thread/INFO]: Nerfing mobs spawned from spawners: false
[02:31:43] [Server thread/INFO]: Cactus Growth Modifier: 100%
[02:31:43] [Server thread/INFO]: Cane Growth Modifier: 100%
[02:31:43] [Server thread/INFO]: Melon Growth Modifier: 100%
[02:31:43] [Server thread/INFO]: Mushroom Growth Modifier: 100%
[02:31:43] [Server thread/INFO]: Pumpkin Growth Modifier: 100%
[02:31:43] [Server thread/INFO]: Sapling Growth Modifier: 100%
[02:31:43] [Server thread/INFO]: Wheat Growth Modifier: 100%
[02:31:43] [Server thread/INFO]: NetherWart Growth Modifier: 100%
[02:31:43] [Server thread/INFO]: Entity Activation Range: An 32 / Mo 32 / Mi 16
[02:31:43] [Server thread/INFO]: Entity Tracking Range: Pl 48 / An 48 / Mo 48 / Mi 32 / Other 64
[02:31:43] [Server thread/INFO]: Hopper Transfer: 8 Hopper Check: 8 Hopper Amount: 1
[02:31:43] [Server thread/INFO]: Random Lighting Updates: false
[02:31:43] [Server thread/INFO]: Structure Info Saving: true
[02:31:43] [Server thread/INFO]: Sending up to 10 chunks per packet
[02:31:43] [Server thread/INFO]: Max Entity Collisions: 8
[02:31:43] [Server thread/INFO]: Custom Map Seeds:  Village: 10387312 Feature: 14357617
[02:31:43] [Server thread/INFO]: Max TNT Explosions: 100
[02:31:43] [Server thread/INFO]: Tile Max Tick Time: 50ms Entity max Tick Time: 50ms
[02:31:43] [Server thread/INFO]: Item Despawn Rate: 6000
[02:31:43] [Server thread/INFO]: Item Merge Radius: 2.5
[02:31:43] [Server thread/INFO]: Arrow Despawn Rate: 1200
[02:31:43] [Server thread/INFO]: View Distance: 10
[02:31:43] [Server thread/INFO]: Allow Zombie Pigmen to spawn from portal blocks: true
[02:31:43] [Server thread/INFO]: Zombie Aggressive Towards Villager: true
[02:31:43] [Server thread/INFO]: -------- World Settings For [world_nether] --------
[02:31:43] [Server thread/INFO]: Keep spawn chunk loaded: true
[02:31:43] [Server thread/INFO]: WorldServer TickNextTick cap set at 10000
[02:31:43] [Server thread/INFO]: WorldServer TickNextTickList cap always processes redstone: false
[02:31:43] [Server thread/INFO]: World async lighting: false
[02:31:43] [Server thread/INFO]: Max height for cactus growth 3. Max height for reed growth 3
[02:31:43] [Server thread/INFO]: Living Entity Despawn Ranges:  Soft: 32 Hard: 128
[02:31:43] [Server thread/INFO]: Squids will spawn between Y: 45.0 and Y: 63.0
[02:31:43] [Server thread/INFO]: Player blocking damage multiplier set to 0.5
[02:31:43] [Server thread/INFO]: Remove invalid mob spawner tile entities: true
[02:31:43] [Server thread/INFO]: Water over lava flow speed: 5
[02:31:43] [Server thread/INFO]: Fix TNT cannons: false
[02:31:43] [Server thread/INFO]: Allow undead horse types to be leashed: false
[02:31:43] [Server thread/INFO]: -------- World Settings For [world_the_end] --------
[02:31:43] [Server thread/INFO]: Chunks to Grow per Tick: 650
[02:31:43] [Server thread/INFO]: Clear tick list: false
[02:31:43] [Server thread/INFO]: Experience Merge Radius: 3.0
[02:31:43] [Server thread/INFO]: Mob Spawn Range: 4
[02:31:43] [Server thread/INFO]: Anti X-Ray: true
[02:31:43] [Server thread/INFO]: 	Engine Mode: 1
[02:31:43] [Server thread/INFO]: 	Hidden Blocks: [14, 15, 16, 21, 48, 49, 54, 56, 73, 74, 82, 129, 130]
[02:31:43] [Server thread/INFO]: 	Replace Blocks: [1, 5]
[02:31:43] [Server thread/INFO]: Nerfing mobs spawned from spawners: false
[02:31:43] [Server thread/INFO]: Cactus Growth Modifier: 100%
[02:31:43] [Server thread/INFO]: Cane Growth Modifier: 100%
[02:31:43] [Server thread/INFO]: Melon Growth Modifier: 100%
[02:31:43] [Server thread/INFO]: Mushroom Growth Modifier: 100%
[02:31:43] [Server thread/INFO]: Pumpkin Growth Modifier: 100%
[02:31:43] [Server thread/INFO]: Sapling Growth Modifier: 100%
[02:31:43] [Server thread/INFO]: Wheat Growth Modifier: 100%
[02:31:43] [Server thread/INFO]: NetherWart Growth Modifier: 100%
[02:31:43] [Server thread/INFO]: Entity Activation Range: An 32 / Mo 32 / Mi 16
[02:31:43] [Server thread/INFO]: Entity Tracking Range: Pl 48 / An 48 / Mo 48 / Mi 32 / Other 64
[02:31:43] [Server thread/INFO]: Hopper Transfer: 8 Hopper Check: 8 Hopper Amount: 1
[02:31:43] [Server thread/INFO]: Random Lighting Updates: false
[02:31:43] [Server thread/INFO]: Structure Info Saving: true
[02:31:43] [Server thread/INFO]: Sending up to 10 chunks per packet
[02:31:43] [Server thread/INFO]: Max Entity Collisions: 8
[02:31:43] [Server thread/INFO]: Custom Map Seeds:  Village: 10387312 Feature: 14357617
[02:31:43] [Server thread/INFO]: Max TNT Explosions: 100
[02:31:43] [Server thread/INFO]: Tile Max Tick Time: 50ms Entity max Tick Time: 50ms
[02:31:43] [Server thread/INFO]: Item Despawn Rate: 6000
[02:31:43] [Server thread/INFO]: Item Merge Radius: 2.5
[02:31:43] [Server thread/INFO]: Arrow Despawn Rate: 1200
[02:31:43] [Server thread/INFO]: View Distance: 10
[02:31:43] [Server thread/INFO]: Allow Zombie Pigmen to spawn from portal blocks: true
[02:31:43] [Server thread/INFO]: Zombie Aggressive Towards Villager: true
[02:31:43] [Server thread/INFO]: -------- World Settings For [world_the_end] --------
[02:31:43] [Server thread/INFO]: Keep spawn chunk loaded: true
[02:31:43] [Server thread/INFO]: WorldServer TickNextTick cap set at 10000
[02:31:43] [Server thread/INFO]: WorldServer TickNextTickList cap always processes redstone: false
[02:31:43] [Server thread/INFO]: World async lighting: false
[02:31:43] [Server thread/INFO]: Max height for cactus growth 3. Max height for reed growth 3
[02:31:43] [Server thread/INFO]: Living Entity Despawn Ranges:  Soft: 32 Hard: 128
[02:31:43] [Server thread/INFO]: Squids will spawn between Y: 45.0 and Y: 63.0
[02:31:43] [Server thread/INFO]: Player blocking damage multiplier set to 0.5
[02:31:43] [Server thread/INFO]: Remove invalid mob spawner tile entities: true
[02:31:43] [Server thread/INFO]: Water over lava flow speed: 5
[02:31:43] [Server thread/INFO]: Fix TNT cannons: false
[02:31:43] [Server thread/INFO]: Allow undead horse types to be leashed: false
[02:31:43] [Server thread/INFO]: [ViaRewind-Legacy-Support] Disabling ViaRewind-Legacy-Support v1.5.1
[02:31:43] [Server thread/INFO]: [ViaRewind] Disabling ViaRewind v4.0.0
[02:31:43] [Server thread/INFO]: [ViaBackwards] Disabling ViaBackwards v5.0.0
[02:31:43] [Server thread/INFO]: [ViaVersion] Disabling ViaVersion v5.0.0
[02:31:43] [Server thread/INFO]: [ViaVersion] ViaVersion is disabling, if this is a reload and you experience issues consider rebooting.
[02:31:43] [Server thread/INFO]: [ViaVersion] Loading ViaVersion v5.0.0
[02:31:43] [Server thread/INFO]: [ViaVersion] ViaVersion 5.0.0 is now loaded. Registering protocol transformers and injecting...
[02:31:43] [Server thread/ERROR]: [ViaVersion] ViaVersion is already loaded, this should work fine. If you get any console errors, try rebooting.
[02:31:43] [Via-Mappingloader-0/INFO]: [ViaVersion] Loading block connection mappings ...
[02:31:44] [Server thread/INFO]: [ViaBackwards] Loading translations...
[02:31:44] [Server thread/INFO]: [ViaBackwards] Registering protocols...
[02:31:44] [Server thread/INFO]: [ViaRewind] Registering protocols...
[02:31:44] [Server thread/INFO]: [ViaBackwards] Loading ViaBackwards v5.0.0
[02:31:44] [Server thread/INFO]: [ViaRewind] Loading ViaRewind v4.0.0
[02:31:44] [Server thread/INFO]: [ViaRewind-Legacy-Support] Loading ViaRewind-Legacy-Support v1.5.1
[02:31:44] [Server thread/INFO]: [ViaRewind] Enabling ViaRewind v4.0.0
[02:31:44] [Server thread/INFO]: [ViaVersion] Enabling ViaVersion v5.0.0
[02:31:44] [Server thread/INFO]: [ViaBackwards] Enabling ViaBackwards v5.0.0
[02:31:44] [Server thread/INFO]: [ViaRewind-Legacy-Support] Enabling ViaRewind-Legacy-Support v1.5.1
[02:31:44] [Server thread/INFO]: Server permissions file permissions.yml is empty, ignoring it
[02:31:44] [Server thread/INFO]: CONSOLE: Reload complete.
[02:31:44] [Server thread/INFO]: Timings Reset
[02:31:44] [Server thread/INFO]: [ViaVersion] ViaVersion detected server version: 1.8.x (47)
[02:31:44] [Server thread/WARN]: [ViaVersion] This version of Minecraft is extremely outdated and support for it has reached its end of life. You will still be able to run Via on this Minecraft version, but we are unlikely to provide any further fixes or help with problems specific to legacy Minecraft versions. Please consider updating to give your players a better experience and to avoid issues that have long been fixed.
[02:31:45] [Craft Scheduler Thread - 2/INFO]: [ViaVersion] Finished mapping loading, shutting down loader executor!
[02:31:45] [Server thread/WARN]: [ViaVersion] There is a newer plugin version available: 5.3.2, you're on: 5.0.0
[02:32:27] [Server thread/INFO]: cocainefrog issued server command: /rtp
[02:33:12] [Server thread/INFO]: Unknown command. Type "/help" for help.
[02:34:06] [Server thread/INFO]: CONSOLE: Please note that this command is not supported and may cause issues when using some plugins.
[02:34:06] [Server thread/INFO]: CONSOLE: If you encounter any issues please use the /stop command to restart your server.
[02:34:06] [Server thread/INFO]: Debug logging is disabled
[02:34:06] [Server thread/INFO]: Spigot Timings: true - Verbose: true - Interval: 5m - Length: 60m
[02:34:06] [Server thread/INFO]: Server Ping Player Sample Count: 12

[02:34:06] [Server thread/INFO]: Using 4 threads for Netty based IO
[02:34:06] [Server thread/INFO]: Data value allowed items: 
[02:34:06] [Server thread/INFO]: -------- World Settings For [world] --------
[02:34:06] [Server thread/INFO]: Chunks to Grow per Tick: 650
[02:34:06] [Server thread/INFO]: Clear tick list: false
[02:34:06] [Server thread/INFO]: Experience Merge Radius: 3.0
[02:34:06] [Server thread/INFO]: Mob Spawn Range: 4
[02:34:06] [Server thread/INFO]: Anti X-Ray: true
[02:34:06] [Server thread/INFO]: 	Engine Mode: 1
[02:34:06] [Server thread/INFO]: 	Hidden Blocks: [14, 15, 16, 21, 48, 49, 54, 56, 73, 74, 82, 129, 130]
[02:34:06] [Server thread/INFO]: 	Replace Blocks: [1, 5]
[02:34:06] [Server thread/INFO]: Nerfing mobs spawned from spawners: false
[02:34:06] [Server thread/INFO]: Cactus Growth Modifier: 100%
[02:34:06] [Server thread/INFO]: Cane Growth Modifier: 100%
[02:34:06] [Server thread/INFO]: Melon Growth Modifier: 100%
[02:34:06] [Server thread/INFO]: Mushroom Growth Modifier: 100%
[02:34:06] [Server thread/INFO]: Pumpkin Growth Modifier: 100%
[02:34:06] [Server thread/INFO]: Sapling Growth Modifier: 100%
[02:34:06] [Server thread/INFO]: Wheat Growth Modifier: 100%
[02:34:06] [Server thread/INFO]: NetherWart Growth Modifier: 100%
[02:34:06] [Server thread/INFO]: Entity Activation Range: An 32 / Mo 32 / Mi 16
[02:34:06] [Server thread/INFO]: Entity Tracking Range: Pl 48 / An 48 / Mo 48 / Mi 32 / Other 64
[02:34:06] [Server thread/INFO]: Hopper Transfer: 8 Hopper Check: 8 Hopper Amount: 1
[02:34:06] [Server thread/INFO]: Random Lighting Updates: false
[02:34:06] [Server thread/INFO]: Structure Info Saving: true
[02:34:06] [Server thread/INFO]: Sending up to 10 chunks per packet
[02:34:06] [Server thread/INFO]: Max Entity Collisions: 8
[02:34:06] [Server thread/INFO]: Custom Map Seeds:  Village: 10387312 Feature: 14357617
[02:34:06] [Server thread/INFO]: Max TNT Explosions: 100
[02:34:06] [Server thread/INFO]: Tile Max Tick Time: 50ms Entity max Tick Time: 50ms
[02:34:06] [Server thread/INFO]: Item Despawn Rate: 6000
[02:34:06] [Server thread/INFO]: Item Merge Radius: 2.5
[02:34:06] [Server thread/INFO]: Arrow Despawn Rate: 1200
[02:34:06] [Server thread/INFO]: View Distance: 10
[02:34:06] [Server thread/INFO]: Allow Zombie Pigmen to spawn from portal blocks: true
[02:34:06] [Server thread/INFO]: Zombie Aggressive Towards Villager: true
[02:34:06] [Server thread/INFO]: -------- World Settings For [world] --------
[02:34:06] [Server thread/INFO]: Keep spawn chunk loaded: true
[02:34:06] [Server thread/INFO]: WorldServer TickNextTick cap set at 10000
[02:34:06] [Server thread/INFO]: WorldServer TickNextTickList cap always processes redstone: false
[02:34:06] [Server thread/INFO]: World async lighting: false
[02:34:06] [Server thread/INFO]: Max height for cactus growth 3. Max height for reed growth 3
[02:34:06] [Server thread/INFO]: Living Entity Despawn Ranges:  Soft: 32 Hard: 128
[02:34:06] [Server thread/INFO]: Squids will spawn between Y: 45.0 and Y: 63.0
[02:34:06] [Server thread/INFO]: Player blocking damage multiplier set to 0.5
[02:34:06] [Server thread/INFO]: Remove invalid mob spawner tile entities: true
[02:34:06] [Server thread/INFO]: Water over lava flow speed: 5
[02:34:06] [Server thread/INFO]: Fix TNT cannons: false
[02:34:06] [Server thread/INFO]: Allow undead horse types to be leashed: false
[02:34:06] [Server thread/INFO]: -------- World Settings For [world_nether] --------
[02:34:06] [Server thread/INFO]: Chunks to Grow per Tick: 650
[02:34:06] [Server thread/INFO]: Clear tick list: false
[02:34:06] [Server thread/INFO]: Experience Merge Radius: 3.0
[02:34:06] [Server thread/INFO]: Mob Spawn Range: 4
[02:34:06] [Server thread/INFO]: Anti X-Ray: true
[02:34:06] [Server thread/INFO]: 	Engine Mode: 1
[02:34:06] [Server thread/INFO]: 	Hidden Blocks: [14, 15, 16, 21, 48, 49, 54, 56, 73, 74, 82, 129, 130]
[02:34:06] [Server thread/INFO]: 	Replace Blocks: [1, 5]
[02:34:06] [Server thread/INFO]: Nerfing mobs spawned from spawners: false
[02:34:06] [Server thread/INFO]: Cactus Growth Modifier: 100%
[02:34:06] [Server thread/INFO]: Cane Growth Modifier: 100%
[02:34:06] [Server thread/INFO]: Melon Growth Modifier: 100%
[02:34:06] [Server thread/INFO]: Mushroom Growth Modifier: 100%
[02:34:06] [Server thread/INFO]: Pumpkin Growth Modifier: 100%
[02:34:06] [Server thread/INFO]: Sapling Growth Modifier: 100%
[02:34:06] [Server thread/INFO]: Wheat Growth Modifier: 100%
[02:34:06] [Server thread/INFO]: NetherWart Growth Modifier: 100%
[02:34:06] [Server thread/INFO]: Entity Activation Range: An 32 / Mo 32 / Mi 16
[02:34:06] [Server thread/INFO]: Entity Tracking Range: Pl 48 / An 48 / Mo 48 / Mi 32 / Other 64
[02:34:06] [Server thread/INFO]: Hopper Transfer: 8 Hopper Check: 8 Hopper Amount: 1
[02:34:06] [Server thread/INFO]: Random Lighting Updates: false
[02:34:06] [Server thread/INFO]: Structure Info Saving: true
[02:34:06] [Server thread/INFO]: Sending up to 10 chunks per packet
[02:34:06] [Server thread/INFO]: Max Entity Collisions: 8
[02:34:06] [Server thread/INFO]: Custom Map Seeds:  Village: 10387312 Feature: 14357617
[02:34:06] [Server thread/INFO]: Max TNT Explosions: 100
[02:34:06] [Server thread/INFO]: Tile Max Tick Time: 50ms Entity max Tick Time: 50ms
[02:34:06] [Server thread/INFO]: Item Despawn Rate: 6000
[02:34:06] [Server thread/INFO]: Item Merge Radius: 2.5
[02:34:06] [Server thread/INFO]: Arrow Despawn Rate: 1200
[02:34:06] [Server thread/INFO]: View Distance: 10
[02:34:06] [Server thread/INFO]: Allow Zombie Pigmen to spawn from portal blocks: true
[02:34:06] [Server thread/INFO]: Zombie Aggressive Towards Villager: true
[02:34:06] [Server thread/INFO]: -------- World Settings For [world_nether] --------
[02:34:06] [Server thread/INFO]: Keep spawn chunk loaded: true
[02:34:06] [Server thread/INFO]: WorldServer TickNextTick cap set at 10000
[02:34:06] [Server thread/INFO]: WorldServer TickNextTickList cap always processes redstone: false
[02:34:06] [Server thread/INFO]: World async lighting: false
[02:34:06] [Server thread/INFO]: Max height for cactus growth 3. Max height for reed growth 3
[02:34:06] [Server thread/INFO]: Living Entity Despawn Ranges:  Soft: 32 Hard: 128
[02:34:06] [Server thread/INFO]: Squids will spawn between Y: 45.0 and Y: 63.0
[02:34:06] [Server thread/INFO]: Player blocking damage multiplier set to 0.5
[02:34:06] [Server thread/INFO]: Remove invalid mob spawner tile entities: true
[02:34:06] [Server thread/INFO]: Water over lava flow speed: 5
[02:34:06] [Server thread/INFO]: Fix TNT cannons: false
[02:34:06] [Server thread/INFO]: Allow undead horse types to be leashed: false
[02:34:06] [Server thread/INFO]: -------- World Settings For [world_the_end] --------
[02:34:06] [Server thread/INFO]: Chunks to Grow per Tick: 650
[02:34:06] [Server thread/INFO]: Clear tick list: false
[02:34:06] [Server thread/INFO]: Experience Merge Radius: 3.0
[02:34:06] [Server thread/INFO]: Mob Spawn Range: 4
[02:34:06] [Server thread/INFO]: Anti X-Ray: true
[02:34:06] [Server thread/INFO]: 	Engine Mode: 1
[02:34:06] [Server thread/INFO]: 	Hidden Blocks: [14, 15, 16, 21, 48, 49, 54, 56, 73, 74, 82, 129, 130]
[02:34:06] [Server thread/INFO]: 	Replace Blocks: [1, 5]
[02:34:06] [Server thread/INFO]: Nerfing mobs spawned from spawners: false
[02:34:06] [Server thread/INFO]: Cactus Growth Modifier: 100%
[02:34:06] [Server thread/INFO]: Cane Growth Modifier: 100%
[02:34:06] [Server thread/INFO]: Melon Growth Modifier: 100%
[02:34:06] [Server thread/INFO]: Mushroom Growth Modifier: 100%
[02:34:06] [Server thread/INFO]: Pumpkin Growth Modifier: 100%
[02:34:06] [Server thread/INFO]: Sapling Growth Modifier: 100%
[02:34:06] [Server thread/INFO]: Wheat Growth Modifier: 100%
[02:34:06] [Server thread/INFO]: NetherWart Growth Modifier: 100%
[02:34:06] [Server thread/INFO]: Entity Activation Range: An 32 / Mo 32 / Mi 16
[02:34:06] [Server thread/INFO]: Entity Tracking Range: Pl 48 / An 48 / Mo 48 / Mi 32 / Other 64
[02:34:06] [Server thread/INFO]: Hopper Transfer: 8 Hopper Check: 8 Hopper Amount: 1
[02:34:06] [Server thread/INFO]: Random Lighting Updates: false
[02:34:06] [Server thread/INFO]: Structure Info Saving: true
[02:34:06] [Server thread/INFO]: Sending up to 10 chunks per packet
[02:34:06] [Server thread/INFO]: Max Entity Collisions: 8
[02:34:06] [Server thread/INFO]: Custom Map Seeds:  Village: 10387312 Feature: 14357617
[02:34:06] [Server thread/INFO]: Max TNT Explosions: 100
[02:34:06] [Server thread/INFO]: Tile Max Tick Time: 50ms Entity max Tick Time: 50ms
[02:34:06] [Server thread/INFO]: Item Despawn Rate: 6000
[02:34:06] [Server thread/INFO]: Item Merge Radius: 2.5
[02:34:06] [Server thread/INFO]: Arrow Despawn Rate: 1200
[02:34:06] [Server thread/INFO]: View Distance: 10
[02:34:06] [Server thread/INFO]: Allow Zombie Pigmen to spawn from portal blocks: true
[02:34:06] [Server thread/INFO]: Zombie Aggressive Towards Villager: true
[02:34:06] [Server thread/INFO]: -------- World Settings For [world_the_end] --------
[02:34:06] [Server thread/INFO]: Keep spawn chunk loaded: true
[02:34:06] [Server thread/INFO]: WorldServer TickNextTick cap set at 10000
[02:34:06] [Server thread/INFO]: WorldServer TickNextTickList cap always processes redstone: false
[02:34:06] [Server thread/INFO]: World async lighting: false
[02:34:06] [Server thread/INFO]: Max height for cactus growth 3. Max height for reed growth 3
[02:34:06] [Server thread/INFO]: Living Entity Despawn Ranges:  Soft: 32 Hard: 128
[02:34:06] [Server thread/INFO]: Squids will spawn between Y: 45.0 and Y: 63.0
[02:34:06] [Server thread/INFO]: Player blocking damage multiplier set to 0.5
[02:34:06] [Server thread/INFO]: Remove invalid mob spawner tile entities: true
[02:34:06] [Server thread/INFO]: Water over lava flow speed: 5
[02:34:06] [Server thread/INFO]: Fix TNT cannons: false
[02:34:06] [Server thread/INFO]: Allow undead horse types to be leashed: false
[02:34:06] [Server thread/INFO]: [ViaRewind-Legacy-Support] Disabling ViaRewind-Legacy-Support v1.5.1
[02:34:06] [Server thread/INFO]: [ViaRewind] Disabling ViaRewind v4.0.0
[02:34:06] [Server thread/INFO]: [ViaBackwards] Disabling ViaBackwards v5.0.0
[02:34:06] [Server thread/INFO]: [ViaVersion] Disabling ViaVersion v5.0.0
[02:34:06] [Server thread/INFO]: [ViaVersion] ViaVersion is disabling, if this is a reload and you experience issues consider rebooting.
[02:34:07] [Server thread/INFO]: [ViaVersion] Loading ViaVersion v5.0.0
[02:34:07] [Server thread/INFO]: [ViaVersion] ViaVersion 5.0.0 is now loaded. Registering protocol transformers and injecting...
[02:34:07] [Server thread/ERROR]: [ViaVersion] ViaVersion is already loaded, this should work fine. If you get any console errors, try rebooting.
[02:34:07] [Via-Mappingloader-0/INFO]: [ViaVersion] Loading block connection mappings ...
[02:34:07] [Server thread/INFO]: [ViaBackwards] Loading translations...
[02:34:07] [Server thread/INFO]: [ViaBackwards] Registering protocols...
[02:34:08] [Server thread/INFO]: [ViaRewind] Registering protocols...
[02:34:08] [Server thread/INFO]: [ViaBackwards] Loading ViaBackwards v5.0.0
[02:34:08] [Server thread/INFO]: [ViaRewind] Loading ViaRewind v4.0.0
[02:34:08] [Server thread/INFO]: [ViaRewind-Legacy-Support] Loading ViaRewind-Legacy-Support v1.5.1
[02:34:08] [Server thread/INFO]: [ViaRewind] Enabling ViaRewind v4.0.0
[02:34:08] [Server thread/INFO]: [ViaVersion] Enabling ViaVersion v5.0.0
[02:34:08] [Server thread/INFO]: [ViaBackwards] Enabling ViaBackwards v5.0.0
[02:34:08] [Server thread/INFO]: [ViaRewind-Legacy-Support] Enabling ViaRewind-Legacy-Support v1.5.1
[02:34:08] [Server thread/INFO]: Server permissions file permissions.yml is empty, ignoring it
[02:34:08] [Server thread/INFO]: CONSOLE: Reload complete.
[02:34:08] [Server thread/INFO]: Timings Reset
[02:34:08] [Server thread/INFO]: [ViaVersion] ViaVersion detected server version: 1.8.x (47)
[02:34:08] [Server thread/WARN]: [ViaVersion] This version of Minecraft is extremely outdated and support for it has reached its end of life. You will still be able to run Via on this Minecraft version, but we are unlikely to provide any further fixes or help with problems specific to legacy Minecraft versions. Please consider updating to give your players a better experience and to avoid issues that have long been fixed.
[02:34:08] [Craft Scheduler Thread - 4/INFO]: [ViaVersion] Finished mapping loading, shutting down loader executor!
[02:34:08] [Server thread/WARN]: [ViaVersion] There is a newer plugin version available: 5.3.2, you're on: 5.0.0
[02:34:13] [Server thread/INFO]: cocainefrog issued server command: /rtp
[02:34:15] [Server thread/INFO]: cocainefrog issued server command: /help
[02:34:26] [Server thread/INFO]: cocainefrog issued server command: /help 2
[02:34:32] [Server thread/INFO]: cocainefrog issued server command: /plugins
[02:35:42] [Server thread/INFO]: CONSOLE: Please note that this command is not supported and may cause issues when using some plugins.
[02:35:42] [Server thread/INFO]: CONSOLE: If you encounter any issues please use the /stop command to restart your server.
[02:35:42] [Server thread/INFO]: Debug logging is disabled
[02:35:42] [Server thread/INFO]: Spigot Timings: true - Verbose: true - Interval: 5m - Length: 60m
[02:35:42] [Server thread/INFO]: Server Ping Player Sample Count: 12

[02:35:42] [Server thread/INFO]: Using 4 threads for Netty based IO
[02:35:42] [Server thread/INFO]: Data value allowed items: 
[02:35:42] [Server thread/INFO]: -------- World Settings For [world] --------
[02:35:42] [Server thread/INFO]: Chunks to Grow per Tick: 650
[02:35:42] [Server thread/INFO]: Clear tick list: false
[02:35:42] [Server thread/INFO]: Experience Merge Radius: 3.0
[02:35:42] [Server thread/INFO]: Mob Spawn Range: 4
[02:35:42] [Server thread/INFO]: Anti X-Ray: true
[02:35:42] [Server thread/INFO]: 	Engine Mode: 1
[02:35:42] [Server thread/INFO]: 	Hidden Blocks: [14, 15, 16, 21, 48, 49, 54, 56, 73, 74, 82, 129, 130]
[02:35:42] [Server thread/INFO]: 	Replace Blocks: [1, 5]
[02:35:42] [Server thread/INFO]: Nerfing mobs spawned from spawners: false
[02:35:42] [Server thread/INFO]: Cactus Growth Modifier: 100%
[02:35:42] [Server thread/INFO]: Cane Growth Modifier: 100%
[02:35:42] [Server thread/INFO]: Melon Growth Modifier: 100%
[02:35:42] [Server thread/INFO]: Mushroom Growth Modifier: 100%
[02:35:42] [Server thread/INFO]: Pumpkin Growth Modifier: 100%
[02:35:42] [Server thread/INFO]: Sapling Growth Modifier: 100%
[02:35:42] [Server thread/INFO]: Wheat Growth Modifier: 100%
[02:35:42] [Server thread/INFO]: NetherWart Growth Modifier: 100%
[02:35:42] [Server thread/INFO]: Entity Activation Range: An 32 / Mo 32 / Mi 16
[02:35:42] [Server thread/INFO]: Entity Tracking Range: Pl 48 / An 48 / Mo 48 / Mi 32 / Other 64
[02:35:42] [Server thread/INFO]: Hopper Transfer: 8 Hopper Check: 8 Hopper Amount: 1
[02:35:42] [Server thread/INFO]: Random Lighting Updates: false
[02:35:42] [Server thread/INFO]: Structure Info Saving: true
[02:35:42] [Server thread/INFO]: Sending up to 10 chunks per packet
[02:35:42] [Server thread/INFO]: Max Entity Collisions: 8
[02:35:42] [Server thread/INFO]: Custom Map Seeds:  Village: 10387312 Feature: 14357617
[02:35:42] [Server thread/INFO]: Max TNT Explosions: 100
[02:35:42] [Server thread/INFO]: Tile Max Tick Time: 50ms Entity max Tick Time: 50ms
[02:35:42] [Server thread/INFO]: Item Despawn Rate: 6000
[02:35:42] [Server thread/INFO]: Item Merge Radius: 2.5
[02:35:42] [Server thread/INFO]: Arrow Despawn Rate: 1200
[02:35:42] [Server thread/INFO]: View Distance: 10
[02:35:42] [Server thread/INFO]: Allow Zombie Pigmen to spawn from portal blocks: true
[02:35:42] [Server thread/INFO]: Zombie Aggressive Towards Villager: true
[02:35:42] [Server thread/INFO]: -------- World Settings For [world] --------
[02:35:42] [Server thread/INFO]: Keep spawn chunk loaded: true
[02:35:42] [Server thread/INFO]: WorldServer TickNextTick cap set at 10000
[02:35:42] [Server thread/INFO]: WorldServer TickNextTickList cap always processes redstone: false
[02:35:42] [Server thread/INFO]: World async lighting: false
[02:35:42] [Server thread/INFO]: Max height for cactus growth 3. Max height for reed growth 3
[02:35:42] [Server thread/INFO]: Living Entity Despawn Ranges:  Soft: 32 Hard: 128
[02:35:42] [Server thread/INFO]: Squids will spawn between Y: 45.0 and Y: 63.0
[02:35:42] [Server thread/INFO]: Player blocking damage multiplier set to 0.5
[02:35:42] [Server thread/INFO]: Remove invalid mob spawner tile entities: true
[02:35:42] [Server thread/INFO]: Water over lava flow speed: 5
[02:35:42] [Server thread/INFO]: Fix TNT cannons: false
[02:35:42] [Server thread/INFO]: Allow undead horse types to be leashed: false
[02:35:42] [Server thread/INFO]: -------- World Settings For [world_nether] --------
[02:35:42] [Server thread/INFO]: Chunks to Grow per Tick: 650
[02:35:42] [Server thread/INFO]: Clear tick list: false
[02:35:42] [Server thread/INFO]: Experience Merge Radius: 3.0
[02:35:42] [Server thread/INFO]: Mob Spawn Range: 4
[02:35:42] [Server thread/INFO]: Anti X-Ray: true
[02:35:42] [Server thread/INFO]: 	Engine Mode: 1
[02:35:42] [Server thread/INFO]: 	Hidden Blocks: [14, 15, 16, 21, 48, 49, 54, 56, 73, 74, 82, 129, 130]
[02:35:42] [Server thread/INFO]: 	Replace Blocks: [1, 5]
[02:35:42] [Server thread/INFO]: Nerfing mobs spawned from spawners: false
[02:35:42] [Server thread/INFO]: Cactus Growth Modifier: 100%
[02:35:42] [Server thread/INFO]: Cane Growth Modifier: 100%
[02:35:42] [Server thread/INFO]: Melon Growth Modifier: 100%
[02:35:42] [Server thread/INFO]: Mushroom Growth Modifier: 100%
[02:35:42] [Server thread/INFO]: Pumpkin Growth Modifier: 100%
[02:35:42] [Server thread/INFO]: Sapling Growth Modifier: 100%
[02:35:42] [Server thread/INFO]: Wheat Growth Modifier: 100%
[02:35:42] [Server thread/INFO]: NetherWart Growth Modifier: 100%
[02:35:42] [Server thread/INFO]: Entity Activation Range: An 32 / Mo 32 / Mi 16
[02:35:42] [Server thread/INFO]: Entity Tracking Range: Pl 48 / An 48 / Mo 48 / Mi 32 / Other 64
[02:35:42] [Server thread/INFO]: Hopper Transfer: 8 Hopper Check: 8 Hopper Amount: 1
[02:35:42] [Server thread/INFO]: Random Lighting Updates: false
[02:35:42] [Server thread/INFO]: Structure Info Saving: true
[02:35:42] [Server thread/INFO]: Sending up to 10 chunks per packet
[02:35:42] [Server thread/INFO]: Max Entity Collisions: 8
[02:35:42] [Server thread/INFO]: Custom Map Seeds:  Village: 10387312 Feature: 14357617
[02:35:42] [Server thread/INFO]: Max TNT Explosions: 100
[02:35:42] [Server thread/INFO]: Tile Max Tick Time: 50ms Entity max Tick Time: 50ms
[02:35:42] [Server thread/INFO]: Item Despawn Rate: 6000
[02:35:42] [Server thread/INFO]: Item Merge Radius: 2.5
[02:35:42] [Server thread/INFO]: Arrow Despawn Rate: 1200
[02:35:42] [Server thread/INFO]: View Distance: 10
[02:35:42] [Server thread/INFO]: Allow Zombie Pigmen to spawn from portal blocks: true
[02:35:42] [Server thread/INFO]: Zombie Aggressive Towards Villager: true
[02:35:42] [Server thread/INFO]: -------- World Settings For [world_nether] --------
[02:35:42] [Server thread/INFO]: Keep spawn chunk loaded: true
[02:35:42] [Server thread/INFO]: WorldServer TickNextTick cap set at 10000
[02:35:42] [Server thread/INFO]: WorldServer TickNextTickList cap always processes redstone: false
[02:35:42] [Server thread/INFO]: World async lighting: false
[02:35:42] [Server thread/INFO]: Max height for cactus growth 3. Max height for reed growth 3
[02:35:42] [Server thread/INFO]: Living Entity Despawn Ranges:  Soft: 32 Hard: 128
[02:35:42] [Server thread/INFO]: Squids will spawn between Y: 45.0 and Y: 63.0
[02:35:42] [Server thread/INFO]: Player blocking damage multiplier set to 0.5
[02:35:42] [Server thread/INFO]: Remove invalid mob spawner tile entities: true
[02:35:42] [Server thread/INFO]: Water over lava flow speed: 5
[02:35:42] [Server thread/INFO]: Fix TNT cannons: false
[02:35:42] [Server thread/INFO]: Allow undead horse types to be leashed: false
[02:35:42] [Server thread/INFO]: -------- World Settings For [world_the_end] --------
[02:35:42] [Server thread/INFO]: Chunks to Grow per Tick: 650
[02:35:42] [Server thread/INFO]: Clear tick list: false
[02:35:42] [Server thread/INFO]: Experience Merge Radius: 3.0
[02:35:42] [Server thread/INFO]: Mob Spawn Range: 4
[02:35:42] [Server thread/INFO]: Anti X-Ray: true
[02:35:42] [Server thread/INFO]: 	Engine Mode: 1
[02:35:42] [Server thread/INFO]: 	Hidden Blocks: [14, 15, 16, 21, 48, 49, 54, 56, 73, 74, 82, 129, 130]
[02:35:42] [Server thread/INFO]: 	Replace Blocks: [1, 5]
[02:35:42] [Server thread/INFO]: Nerfing mobs spawned from spawners: false
[02:35:42] [Server thread/INFO]: Cactus Growth Modifier: 100%
[02:35:42] [Server thread/INFO]: Cane Growth Modifier: 100%
[02:35:42] [Server thread/INFO]: Melon Growth Modifier: 100%
[02:35:42] [Server thread/INFO]: Mushroom Growth Modifier: 100%
[02:35:42] [Server thread/INFO]: Pumpkin Growth Modifier: 100%
[02:35:42] [Server thread/INFO]: Sapling Growth Modifier: 100%
[02:35:42] [Server thread/INFO]: Wheat Growth Modifier: 100%
[02:35:42] [Server thread/INFO]: NetherWart Growth Modifier: 100%
[02:35:42] [Server thread/INFO]: Entity Activation Range: An 32 / Mo 32 / Mi 16
[02:35:42] [Server thread/INFO]: Entity Tracking Range: Pl 48 / An 48 / Mo 48 / Mi 32 / Other 64
[02:35:42] [Server thread/INFO]: Hopper Transfer: 8 Hopper Check: 8 Hopper Amount: 1
[02:35:42] [Server thread/INFO]: Random Lighting Updates: false
[02:35:42] [Server thread/INFO]: Structure Info Saving: true
[02:35:42] [Server thread/INFO]: Sending up to 10 chunks per packet
[02:35:42] [Server thread/INFO]: Max Entity Collisions: 8
[02:35:42] [Server thread/INFO]: Custom Map Seeds:  Village: 10387312 Feature: 14357617
[02:35:42] [Server thread/INFO]: Max TNT Explosions: 100
[02:35:42] [Server thread/INFO]: Tile Max Tick Time: 50ms Entity max Tick Time: 50ms
[02:35:42] [Server thread/INFO]: Item Despawn Rate: 6000
[02:35:42] [Server thread/INFO]: Item Merge Radius: 2.5
[02:35:42] [Server thread/INFO]: Arrow Despawn Rate: 1200
[02:35:42] [Server thread/INFO]: View Distance: 10
[02:35:42] [Server thread/INFO]: Allow Zombie Pigmen to spawn from portal blocks: true
[02:35:42] [Server thread/INFO]: Zombie Aggressive Towards Villager: true
[02:35:42] [Server thread/INFO]: -------- World Settings For [world_the_end] --------
[02:35:42] [Server thread/INFO]: Keep spawn chunk loaded: true
[02:35:42] [Server thread/INFO]: WorldServer TickNextTick cap set at 10000
[02:35:42] [Server thread/INFO]: WorldServer TickNextTickList cap always processes redstone: false
[02:35:42] [Server thread/INFO]: World async lighting: false
[02:35:42] [Server thread/INFO]: Max height for cactus growth 3. Max height for reed growth 3
[02:35:42] [Server thread/INFO]: Living Entity Despawn Ranges:  Soft: 32 Hard: 128
[02:35:42] [Server thread/INFO]: Squids will spawn between Y: 45.0 and Y: 63.0
[02:35:42] [Server thread/INFO]: Player blocking damage multiplier set to 0.5
[02:35:42] [Server thread/INFO]: Remove invalid mob spawner tile entities: true
[02:35:42] [Server thread/INFO]: Water over lava flow speed: 5
[02:35:42] [Server thread/INFO]: Fix TNT cannons: false
[02:35:42] [Server thread/INFO]: Allow undead horse types to be leashed: false
[02:35:42] [Server thread/INFO]: [ViaRewind-Legacy-Support] Disabling ViaRewind-Legacy-Support v1.5.1
[02:35:42] [Server thread/INFO]: [ViaRewind] Disabling ViaRewind v4.0.0
[02:35:42] [Server thread/INFO]: [ViaBackwards] Disabling ViaBackwards v5.0.0
[02:35:42] [Server thread/INFO]: [ViaVersion] Disabling ViaVersion v5.0.0
[02:35:42] [Server thread/INFO]: [ViaVersion] ViaVersion is disabling, if this is a reload and you experience issues consider rebooting.
[02:35:43] [Server thread/ERROR]: Could not load 'plugins/OpenInv.jar' in folder 'plugins'
org.bukkit.plugin.InvalidPluginException: java.lang.UnsupportedClassVersionError: com/lishid/openinv/OpenInv has been compiled by a more recent version of the Java Runtime (class file version 65.0), this version of the Java Runtime only recognizes class file versions up to 61.0
	at org.bukkit.plugin.java.JavaPluginLoader.loadPlugin(JavaPluginLoader.java:133) ~[patched_1.8.8.jar:git-PandaSpigot-119]
	at org.bukkit.plugin.SimplePluginManager.loadPlugin(SimplePluginManager.java:340) ~[patched_1.8.8.jar:git-PandaSpigot-119]
	at org.bukkit.plugin.SimplePluginManager.loadPlugins(SimplePluginManager.java:263) ~[patched_1.8.8.jar:git-PandaSpigot-119]
	at org.bukkit.craftbukkit.v1_8_R3.CraftServer.loadPlugins(CraftServer.java:297) ~[patched_1.8.8.jar:git-PandaSpigot-119]
	at org.bukkit.craftbukkit.v1_8_R3.CraftServer.reload(CraftServer.java:803) ~[patched_1.8.8.jar:git-PandaSpigot-119]
	at org.bukkit.Bukkit.reload(Bukkit.java:573) ~[patched_1.8.8.jar:git-PandaSpigot-119]
	at org.bukkit.command.defaults.ReloadCommand.execute(ReloadCommand.java:25) ~[patched_1.8.8.jar:git-PandaSpigot-119]
	at org.bukkit.command.SimpleCommandMap.dispatch(SimpleCommandMap.java:146) ~[patched_1.8.8.jar:git-PandaSpigot-119]
	at org.bukkit.craftbukkit.v1_8_R3.CraftServer.dispatchCommand(CraftServer.java:700) ~[patched_1.8.8.jar:git-PandaSpigot-119]
	at org.bukkit.craftbukkit.v1_8_R3.CraftServer.dispatchServerCommand(CraftServer.java:663) ~[patched_1.8.8.jar:git-PandaSpigot-119]
	at net.minecraft.server.v1_8_R3.DedicatedServer.aO(DedicatedServer.java:450) ~[patched_1.8.8.jar:git-PandaSpigot-119]
	at net.minecraft.server.v1_8_R3.DedicatedServer.B(DedicatedServer.java:413) ~[patched_1.8.8.jar:git-PandaSpigot-119]
	at net.minecraft.server.v1_8_R3.MinecraftServer.A(MinecraftServer.java:815) ~[patched_1.8.8.jar:git-PandaSpigot-119]
	at net.minecraft.server.v1_8_R3.MinecraftServer.run(MinecraftServer.java:648) ~[patched_1.8.8.jar:git-PandaSpigot-119]
	at net.minecraft.server.v1_8_R3.MinecraftServer.lambda$spin$0(MinecraftServer.java:133) ~[patched_1.8.8.jar:git-PandaSpigot-119]
	at java.lang.Thread.run(Thread.java:840) [?:?]
Caused by: java.lang.UnsupportedClassVersionError: com/lishid/openinv/OpenInv has been compiled by a more recent version of the Java Runtime (class file version 65.0), this version of the Java Runtime only recognizes class file versions up to 61.0
	at java.lang.ClassLoader.defineClass1(Native Method) ~[?:?]
	at java.lang.ClassLoader.defineClass(ClassLoader.java:1017) ~[?:?]
	at java.security.SecureClassLoader.defineClass(SecureClassLoader.java:150) ~[?:?]
	at java.net.URLClassLoader.defineClass(URLClassLoader.java:524) ~[?:?]
	at java.net.URLClassLoader$1.run(URLClassLoader.java:427) ~[?:?]
	at java.net.URLClassLoader$1.run(URLClassLoader.java:421) ~[?:?]
	at java.security.AccessController.doPrivileged(AccessController.java:712) ~[?:?]
	at java.net.URLClassLoader.findClass(URLClassLoader.java:420) ~[?:?]
	at org.bukkit.plugin.java.PluginClassLoader.findClass(PluginClassLoader.java:102) ~[patched_1.8.8.jar:git-PandaSpigot-119]
	at org.bukkit.plugin.java.PluginClassLoader.findClass(PluginClassLoader.java:87) ~[patched_1.8.8.jar:git-PandaSpigot-119]
	at java.lang.ClassLoader.loadClass(ClassLoader.java:592) ~[?:?]
	at java.lang.ClassLoader.loadClass(ClassLoader.java:525) ~[?:?]
	at java.lang.Class.forName0(Native Method) ~[?:?]
	at java.lang.Class.forName(Class.java:467) ~[?:?]
	at org.bukkit.plugin.java.PluginClassLoader.<init>(PluginClassLoader.java:65) ~[patched_1.8.8.jar:git-PandaSpigot-119]
	at org.bukkit.plugin.java.JavaPluginLoader.loadPlugin(JavaPluginLoader.java:129) ~[patched_1.8.8.jar:git-PandaSpigot-119]
	... 15 more
[02:35:43] [Server thread/INFO]: [ChestActions] Loading ChestActions v2.9
[02:35:43] [Server thread/INFO]: [nLogin] Loading nLogin v10.4.21
[02:35:43] [Server thread/INFO]: [nLogin] Downloading required dependencies (using 2 cores)
[02:35:47] [Server thread/INFO]: [nLogin] Relocating dependencies (using 2 cores)
[02:35:54] [Server thread/INFO]: [nLogin] All dependencies were loaded successfully. Took 11.16s
[02:35:54] [Server thread/INFO]: [WorldEdit] Loading WorldEdit v6.1.9;caf0ad9
[02:35:54] [Server thread/INFO]: [EconomyManager] Loading EconomyManager v1.0.3
[02:35:54] [Server thread/INFO]: [iDisguise] Loading iDisguise v5.8.2
[02:35:54] [Server thread/INFO]: [Guilds] Loading Guilds v3.0.2
[02:35:54] [Server thread/INFO]: [spark] Loading spark v1.10.119
[02:35:54] [Server thread/INFO]: [ViaVersion] Loading ViaVersion v5.0.0
[02:35:54] [Server thread/INFO]: [ViaVersion] ViaVersion 5.0.0 is now loaded. Registering protocol transformers and injecting...
[02:35:54] [Server thread/ERROR]: [ViaVersion] ViaVersion is already loaded, this should work fine. If you get any console errors, try rebooting.
[02:35:55] [Via-Mappingloader-0/INFO]: [ViaVersion] Loading block connection mappings ...
[02:35:55] [Server thread/INFO]: [ViaBackwards] Loading translations...
[02:35:55] [Server thread/INFO]: [ViaBackwards] Registering protocols...
[02:35:56] [Server thread/INFO]: [ViaRewind] Registering protocols...
[02:35:56] [Server thread/INFO]: [ViaBackwards] Loading ViaBackwards v5.0.0
[02:35:56] [Server thread/INFO]: [Spawn] Loading Spawn v2.4.1
[02:35:56] [Server thread/INFO]: [WorldGuard] Loading WorldGuard v6.1.3-SNAPSHOT;c904242
[02:35:56] [Server thread/INFO]: [ViaRewind] Loading ViaRewind v4.0.0
[02:35:56] [Server thread/INFO]: [LuckPerms] Loading LuckPerms v5.4.158
[02:35:58] [Server thread/INFO]: [ViaRewind-Legacy-Support] Loading ViaRewind-Legacy-Support v1.5.1
[02:35:58] [Server thread/INFO]: [Vault] Loading Vault v1.7.3-b131
[02:35:58] [Server thread/INFO]: [Essentials] Loading Essentials v2.15.0.1
[02:35:58] [Server thread/INFO]: [EconomyShopGUI] Loading EconomyShopGUI v6.12.2
[02:35:58] [Server thread/INFO]: [BetterRTP] Loading BetterRTP v3.6.13
[02:35:58] [Server thread/INFO]: [nLogin] Enabling nLogin v10.4.21
[02:35:59] [Server thread/INFO]: [nLogin] Successful plugin core start (took 0.35s)
[02:35:59] [Server thread/INFO]:           __             _       
[02:35:59] [Server thread/INFO]:   _ __   / /  ___   __ _(_)_ __  
[02:35:59] [Server thread/INFO]:  | '_ \ / /  / _ \ / _` | | '_ \ 
[02:35:59] [Server thread/INFO]:  | | | / /__| (_) | (_| | | | | |
[02:35:59] [Server thread/INFO]:  |_| |_\____/\___/ \__, |_|_| |_|
[02:35:59] [Server thread/INFO]:                   |___/            
[02:35:59] [Server thread/INFO]:  By: www.nickuc.com - V 10.4.21
[02:35:59] [Server thread/INFO]:  
[02:35:59] [Server thread/INFO]: cocainefrog lost connection: The plugin has been successfully reloaded.
[02:35:59] [Server thread/INFO]: cocainefrog left the game.
[02:35:59] [Server thread/INFO]: [nLogin] Downloading BungeeGuard...
[02:35:59] [Server thread/INFO]: [EconomyManager] Enabling EconomyManager v1.0.3
[02:35:59] [Server thread/INFO]: [EconomyManager] ItemStack{STONE x 1}
[02:35:59] [Server thread/INFO]: [EconomyManager] ItemStack{STONE x 1}
[02:35:59] [Server thread/INFO]: [EconomyManager] ItemStack{WOOL x 1}
[02:35:59] [Server thread/INFO]: [ViaRewind] Enabling ViaRewind v4.0.0
[02:35:59] [Server thread/INFO]: [LuckPerms] Enabling LuckPerms v5.4.158
[02:35:59] [Server thread/INFO]:         __    
[02:35:59] [Server thread/INFO]:   |    |__)   LuckPerms v5.4.158
[02:35:59] [Server thread/INFO]:   |___ |      Running on Bukkit - PandaSpigot
[02:35:59] [Server thread/INFO]: 
[02:35:59] [Server thread/INFO]: [LuckPerms] Loading configuration...
[02:35:59] [Thread-3/WARN]: [EconomyManager] Could not reach dev.bukkit.org for update checking. Is it offline?
[02:35:59] [Server thread/INFO]: [LuckPerms] Loading storage provider... [H2]
[02:36:00] [Server thread/INFO]: [LuckPerms] Loading internal permission managers...
[02:36:00] [Server thread/INFO]: [LuckPerms] Performing initial data load...
[02:36:00] [Server thread/INFO]: [LuckPerms] Successfully enabled. (took 1293ms)
[02:36:00] [Server thread/INFO]: [Vault] Enabling Vault v1.7.3-b131
[02:36:00] [Server thread/INFO]: [Vault] [Economy] Essentials Economy found: Waiting
[02:36:01] [Server thread/INFO]: [Vault] [Permission] SuperPermissions loaded as backup permission system.
[02:36:01] [Server thread/INFO]: [Vault] Enabled Version 1.7.3-b131
[02:36:01] [Server thread/INFO]: [LuckPerms] Registered Vault permission & chat hook.
[02:36:01] [Server thread/INFO]: [ChestActions] Enabling ChestActions v2.9
[02:36:01] [Server thread/INFO]: [ChestActions] ChestActions enabled
[02:36:01] [Server thread/INFO]: [ChestActions] Config (config_cmd_info.yml) file created
[02:36:01] [Server thread/INFO]: [ChestActions] Creating new config file...
[02:36:01] [Server thread/INFO]: [ChestActions] Config file created
[02:36:01] [Server thread/INFO]: [ChestActions] Config found
[02:36:01] [Server thread/INFO]: [WorldEdit] Enabling WorldEdit v6.1.9;caf0ad9
[02:36:01] [Server thread/INFO]: [WorldEdit] Default configuration file written: config.yml
[02:36:01] [Server thread/INFO]: WEPIF: Updated config file
[02:36:01] [Server thread/INFO]: WEPIF: Using the Bukkit Permissions API.
[02:36:01] [Server thread/INFO]: [WorldEdit] Using com.sk89q.worldedit.bukkit.adapter.impl.Spigot_v1_8_R3 as the Bukkit adapter
[02:36:01] [Server thread/INFO]: [iDisguise] Enabling iDisguise v5.8.2
[02:36:01] [Server thread/INFO]: [iDisguise] iDisguise 5.8.2 enabled!
[02:36:02] [Server thread/INFO]: [Guilds] Enabling Guilds v3.0.2
[02:36:02] [Server thread/INFO]: [Guilds] Loading settings.yml

[02:36:02] [Server thread/INFO]: [Guilds] Loading messages.yml

[02:36:02] [Server thread/INFO]: [Guilds] Loading guilds.yml

[02:36:02] [Server thread/INFO]: [Guilds] Loading players.yml

[02:36:02] [Server thread/INFO]: [Guilds] Guilds is an old plugin reborn. I am satisfied that this build is stable but if you find any bugs please feed them back to AVOCARDO as soon as possible. Thank you.

[02:36:02] [Server thread/INFO]: [spark] Enabling spark v1.10.119
[02:36:02] [Server thread/INFO]: [spark] Using Paper ServerTickStartEvent for tick monitoring
[02:36:02] [Server thread/INFO]: [spark] Starting background profiler...
[02:36:02] [Server thread/INFO]: [ViaVersion] Enabling ViaVersion v5.0.0
[02:36:03] [Server thread/INFO]: [ViaBackwards] Enabling ViaBackwards v5.0.0
[02:36:03] [Server thread/INFO]: [Spawn] Enabling Spawn v2.4.1
[02:36:03] [Server thread/INFO]: [WorldGuard] Enabling WorldGuard v6.1.3-SNAPSHOT;c904242
[02:36:03] [Server thread/INFO]: [WorldGuard] Default configuration file written: /workspaces/EaglerXVelocity/server/plugins/WorldGuard/config.yml
[02:36:03] [Server thread/INFO]: [WorldGuard] Default configuration file written: /workspaces/EaglerXVelocity/server/plugins/WorldGuard/worlds/world/config.yml
[02:36:03] [Server thread/INFO]: [WorldGuard] Default configuration file written: /workspaces/EaglerXVelocity/server/plugins/WorldGuard/worlds/world/blacklist.txt
[02:36:03] [Server thread/INFO]: [WorldGuard] (world) TNT ignition is PERMITTED.
[02:36:03] [Server thread/INFO]: [WorldGuard] (world) Lighters are PERMITTED.
[02:36:03] [Server thread/INFO]: [WorldGuard] (world) Lava fire is blocked.
[02:36:03] [Server thread/INFO]: [WorldGuard] (world) Fire spread is UNRESTRICTED.
[02:36:03] [Server thread/INFO]: [WorldGuard] Loaded configuration for world 'world'
[02:36:03] [Server thread/INFO]: [WorldGuard] Default configuration file written: /workspaces/EaglerXVelocity/server/plugins/WorldGuard/worlds/world_nether/config.yml
[02:36:03] [Server thread/INFO]: [WorldGuard] Default configuration file written: /workspaces/EaglerXVelocity/server/plugins/WorldGuard/worlds/world_nether/blacklist.txt
[02:36:03] [Server thread/INFO]: [WorldGuard] (world_nether) TNT ignition is PERMITTED.
[02:36:03] [Server thread/INFO]: [WorldGuard] (world_nether) Lighters are PERMITTED.
[02:36:03] [Server thread/INFO]: [WorldGuard] (world_nether) Lava fire is blocked.
[02:36:03] [Server thread/INFO]: [WorldGuard] (world_nether) Fire spread is UNRESTRICTED.
[02:36:03] [Server thread/INFO]: [WorldGuard] Loaded configuration for world 'world_nether'
[02:36:03] [Server thread/INFO]: [WorldGuard] Default configuration file written: /workspaces/EaglerXVelocity/server/plugins/WorldGuard/worlds/world_the_end/config.yml
[02:36:03] [Server thread/INFO]: [WorldGuard] Default configuration file written: /workspaces/EaglerXVelocity/server/plugins/WorldGuard/worlds/world_the_end/blacklist.txt
[02:36:03] [Server thread/INFO]: [WorldGuard] (world_the_end) TNT ignition is PERMITTED.
[02:36:03] [Server thread/INFO]: [WorldGuard] (world_the_end) Lighters are PERMITTED.
[02:36:03] [Server thread/INFO]: [WorldGuard] (world_the_end) Lava fire is blocked.
[02:36:03] [Server thread/INFO]: [WorldGuard] (world_the_end) Fire spread is UNRESTRICTED.
[02:36:03] [Server thread/INFO]: [WorldGuard] Loaded configuration for world 'world_the_end'
[02:36:03] [Server thread/INFO]: [WorldGuard] Loading region data...
[02:36:03] [Server thread/INFO]: [WorldGuard] Unloading and saving region data that is currently loaded...
[02:36:03] [Server thread/INFO]: [WorldGuard] Loading region data for loaded worlds...
[02:36:03] [Server thread/INFO]: [WorldGuard] Regions saved after UUID migration! This won't happen again unless you change the relevant configuration option in WorldGuard's config.
[02:36:03] [Server thread/INFO]: [ViaRewind-Legacy-Support] Enabling ViaRewind-Legacy-Support v1.5.1
[02:36:03] [Server thread/INFO]: [Essentials] Enabling Essentials v2.15.0.1
[02:36:03] [Server thread/INFO]: Creating config from template: /workspaces/EaglerXVelocity/server/plugins/Essentials/config.yml
[02:36:03] [Server thread/ERROR]: [Essentials] Failed to apply custom currency format: modifiers
[02:36:03] [Server thread/INFO]: Creating config from template: /workspaces/EaglerXVelocity/server/plugins/Essentials/kits.yml
[02:36:03] [Server thread/INFO]: Attempting to convert old kits in config.yml to new kits.yml
[02:36:03] [Server thread/INFO]: No kits found to migrate.
[02:36:03] [Server thread/INFO]: [Essentials] Starting Essentials ban format conversion
[02:36:03] [pool-42-thread-1/INFO]: Creating empty config: /workspaces/EaglerXVelocity/server/plugins/Essentials/upgrades-done.yml
[02:36:03] [Server thread/INFO]: [Essentials] Starting usermap repair
[02:36:03] [Server thread/WARN]: [Essentials] Missing userdata folder, aborting
[02:36:03] [Server thread/INFO]: Creating config from template: /workspaces/EaglerXVelocity/server/plugins/Essentials/worth.yml
[02:36:03] [Server thread/INFO]: [Essentials] Using 1.8.3+ BlockStateMeta provider as mob spawner provider.
[02:36:03] [Server thread/INFO]: [Essentials] Using legacy item data provider as spawn egg provider.
[02:36:03] [Server thread/INFO]: [Essentials] Using legacy potion meta provider as potion meta provider.
[02:36:03] [Server thread/ERROR]: [Essentials] Failed to apply custom currency format: modifiers
[02:36:03] [Server thread/INFO]: Using locale en
[02:36:03] [Server thread/INFO]: [Essentials] Using Spigot 1.7.10+ ServerListPingEvent iterator
[02:36:03] [Server thread/INFO]: [Essentials] Starting Metrics. Opt-out using the global bStats config.
[02:36:03] [Server thread/INFO]: [Vault] [Economy] Essentials Economy hooked.
[02:36:03] [Server thread/INFO]: [Essentials] Using Vault based permissions (LuckPerms)
[02:36:03] [Server thread/INFO]: [EconomyShopGUI] Enabling EconomyShopGUI v6.12.2
[02:36:03] [Server thread/INFO]: [EconomyShopGUI] [INFO]: Using lang-en.yml as language file.
[02:36:04] [Server thread/INFO]: [EconomyShopGUI] [INFO]: Completed loading 16 section configs from /sections/
[02:36:04] [Server thread/INFO]: [EconomyShopGUI] [INFO]: Default shops layout compatible with 18 created at /workspaces/EaglerXVelocity/server/plugins/EconomyShopGUI/shops
[02:36:04] [Server thread/INFO]: [EconomyShopGUI] [INFO]: Completed loading 16 shop configs from /shops/
[02:36:04] [Server thread/INFO]: [EconomyShopGUI] [INFO]: Updating Shop settings...
[02:36:04] [Server thread/INFO]: [EconomyShopGUI] [INFO]: Successfully hooked into Vault and using Essentials Economy as economy provider
[02:36:04] [Server thread/INFO]: [EconomyShopGUI] [INFO]: Completed loading 1 economy provider(s) for all 14 shop sections.
[02:36:04] [Server thread/INFO]: [EconomyShopGUI] [INFO]: Using minecraft version 1.8.8...
[02:36:04] [Server thread/INFO]: [EconomyShopGUI] [INFO]: Spawner provider set to AUTO in config
[02:36:04] [Server thread/INFO]: [EconomyShopGUI] [INFO]: Automatically searching for compatible spawner provider....
[02:36:04] [Server thread/INFO]: [EconomyShopGUI] [INFO]: Failed to automatically find compatible spawner provider, using default...
[02:36:04] [Server thread/INFO]: [EconomyShopGUI] [DEBUG]: This item material is not supported in this minecraft version.
[02:36:04] [Server thread/INFO]: [EconomyShopGUI] [WARN]: Item path in config.yml: spawner-break-tools.3
[02:36:04] [Server thread/INFO]: [EconomyShopGUI] [INFO]: Debug mode is enabled.
[02:36:04] [Server thread/INFO]: [EconomyShopGUI] [INFO]: Loading all items...
[02:36:04] [Server thread/INFO]: [EconomyShopGUI] [WARN]: Failed to migrate database to new format for TRANSACTIONS_5_2025
[02:36:04] [Server thread/WARN]: java.sql.SQLException: query does not return ResultSet

[02:36:04] [Server thread/WARN]: 	at org.sqlite.Stmt.executeQuery(Stmt.java:124)

[02:36:04] [Server thread/WARN]: 	at me.gypopo.economyshopgui.files.TransactionLog$Database.checkTableConstraints(TransactionLog.java:704)

[02:36:04] [Server thread/WARN]: 	at me.gypopo.economyshopgui.files.TransactionLog$Database.connect(TransactionLog.java:687)

[02:36:04] [Server thread/WARN]: 	at me.gypopo.economyshopgui.files.TransactionLog$Database.<init>(TransactionLog.java:677)

[02:36:04] [Server thread/WARN]: 	at me.gypopo.economyshopgui.files.TransactionLog.setup(TransactionLog.java:64)

[02:36:04] [Server thread/WARN]: 	at me.gypopo.economyshopgui.methodes.SendMessage.init(SendMessage.java:57)

[02:36:04] [Server thread/WARN]: 	at me.gypopo.economyshopgui.methodes.StartupReload.loadItems(StartupReload.java:146)

[02:36:04] [Server thread/WARN]: 	at me.gypopo.economyshopgui.EconomyShopGUI.onEnable(EconomyShopGUI.java:199)

[02:36:04] [Server thread/WARN]: 	at org.bukkit.plugin.java.JavaPlugin.setEnabled(JavaPlugin.java:321)

[02:36:04] [Server thread/WARN]: 	at org.bukkit.plugin.java.JavaPluginLoader.enablePlugin(JavaPluginLoader.java:332)

[02:36:04] [Server thread/WARN]: 	at org.bukkit.plugin.SimplePluginManager.enablePlugin(SimplePluginManager.java:454)

[02:36:04] [Server thread/WARN]: 	at org.bukkit.craftbukkit.v1_8_R3.CraftServer.loadPlugin(CraftServer.java:393)

[02:36:04] [Server thread/WARN]: 	at org.bukkit.craftbukkit.v1_8_R3.CraftServer.enablePlugins(CraftServer.java:352)

[02:36:04] [Server thread/WARN]: 	at org.bukkit.craftbukkit.v1_8_R3.CraftServer.reload(CraftServer.java:805)

[02:36:04] [Server thread/WARN]: 	at org.bukkit.Bukkit.reload(Bukkit.java:573)

[02:36:04] [Server thread/WARN]: 	at org.bukkit.command.defaults.ReloadCommand.execute(ReloadCommand.java:25)

[02:36:04] [Server thread/WARN]: 	at org.bukkit.command.SimpleCommandMap.dispatch(SimpleCommandMap.java:146)

[02:36:04] [Server thread/WARN]: 	at org.bukkit.craftbukkit.v1_8_R3.CraftServer.dispatchCommand(CraftServer.java:700)

[02:36:04] [Server thread/WARN]: 	at org.bukkit.craftbukkit.v1_8_R3.CraftServer.dispatchServerCommand(CraftServer.java:663)

[02:36:04] [Server thread/WARN]: 	at net.minecraft.server.v1_8_R3.DedicatedServer.aO(DedicatedServer.java:450)

[02:36:04] [Server thread/WARN]: 	at net.minecraft.server.v1_8_R3.DedicatedServer.B(DedicatedServer.java:413)

[02:36:04] [Server thread/WARN]: 	at net.minecraft.server.v1_8_R3.MinecraftServer.A(MinecraftServer.java:815)

[02:36:04] [Server thread/WARN]: 	at net.minecraft.server.v1_8_R3.MinecraftServer.run(MinecraftServer.java:648)

[02:36:04] [Server thread/WARN]: 	at net.minecraft.server.v1_8_R3.MinecraftServer.lambda$spin$0(MinecraftServer.java:133)

[02:36:04] [Server thread/WARN]: 	at java.base/java.lang.Thread.run(Thread.java:840)

[02:36:04] [Server thread/INFO]: [EconomyShopGUI] [INFO]: Initialized - Took 433ms to complete
[02:36:04] [Server thread/INFO]: [BetterRTP] Enabling BetterRTP v3.6.13
[02:36:04] [Server thread/INFO]: [BetterRTP] Cooldown = 600
[02:36:04] [Server thread/INFO]: Server permissions file permissions.yml is empty, ignoring it
[02:36:04] [Server thread/INFO]: CONSOLE: Reload complete.
[02:36:04] [Server thread/WARN]: Can't keep up! Is the server overloaded? Running 21960ms or 439 ticks behind
[02:36:04] [Server thread/INFO]: Timings Reset
[02:36:04] [Server thread/INFO]: [ViaVersion] ViaVersion detected server version: 1.8.x (47)
[02:36:04] [Server thread/WARN]: [ViaVersion] This version of Minecraft is extremely outdated and support for it has reached its end of life. You will still be able to run Via on this Minecraft version, but we are unlikely to provide any further fixes or help with problems specific to legacy Minecraft versions. Please consider updating to give your players a better experience and to avoid issues that have long been fixed.
[02:36:04] [Craft Scheduler Thread - 11/ERROR]: [iDisguise] Cannot retrieve the required profile information.
java.lang.NullPointerException: Cannot invoke "org.json.simple.JSONObject.get(Object)" because "object" is null
	at de.robingrether.idisguise.management.profile.ProfileHelperUID.loadGameProfile(ProfileHelperUID.java:77) [iDisguise.jar:?]
	at de.robingrether.idisguise.management.profile.ProfileHelperUID.access$100(ProfileHelperUID.java:34) [iDisguise.jar:?]
	at de.robingrether.idisguise.management.profile.ProfileHelperUID$3.run(ProfileHelperUID.java:227) [iDisguise.jar:?]
	at org.bukkit.craftbukkit.v1_8_R3.scheduler.CraftTask.run(CraftTask.java:59) [patched_1.8.8.jar:git-PandaSpigot-119]
	at org.bukkit.craftbukkit.v1_8_R3.scheduler.CraftAsyncTask.run(CraftAsyncTask.java:53) [patched_1.8.8.jar:git-PandaSpigot-119]
	at org.github.paperspigot.ServerSchedulerReportingWrapper.run(ServerSchedulerReportingWrapper.java:23) [patched_1.8.8.jar:git-PandaSpigot-119]
	at java.util.concurrent.ThreadPoolExecutor.runWorker(ThreadPoolExecutor.java:1136) [?:?]
	at java.util.concurrent.ThreadPoolExecutor$Worker.run(ThreadPoolExecutor.java:635) [?:?]
	at java.lang.Thread.run(Thread.java:840) [?:?]
[02:36:04] [Craft Scheduler Thread - 13/ERROR]: [iDisguise] Cannot retrieve the required profile information.
java.lang.NullPointerException: Cannot invoke "org.json.simple.JSONObject.get(Object)" because "object" is null
	at de.robingrether.idisguise.management.profile.ProfileHelperUID.loadGameProfile(ProfileHelperUID.java:77) [iDisguise.jar:?]
	at de.robingrether.idisguise.management.profile.ProfileHelperUID.access$100(ProfileHelperUID.java:34) [iDisguise.jar:?]
	at de.robingrether.idisguise.management.profile.ProfileHelperUID$3.run(ProfileHelperUID.java:227) [iDisguise.jar:?]
	at org.bukkit.craftbukkit.v1_8_R3.scheduler.CraftTask.run(CraftTask.java:59) [patched_1.8.8.jar:git-PandaSpigot-119]
	at org.bukkit.craftbukkit.v1_8_R3.scheduler.CraftAsyncTask.run(CraftAsyncTask.java:53) [patched_1.8.8.jar:git-PandaSpigot-119]
	at org.github.paperspigot.ServerSchedulerReportingWrapper.run(ServerSchedulerReportingWrapper.java:23) [patched_1.8.8.jar:git-PandaSpigot-119]
	at java.util.concurrent.ThreadPoolExecutor.runWorker(ThreadPoolExecutor.java:1136) [?:?]
	at java.util.concurrent.ThreadPoolExecutor$Worker.run(ThreadPoolExecutor.java:635) [?:?]
	at java.lang.Thread.run(Thread.java:840) [?:?]
[02:36:04] [Craft Scheduler Thread - 8/ERROR]: [iDisguise] Cannot retrieve the required profile information.
java.lang.NullPointerException: Cannot invoke "org.json.simple.JSONObject.get(Object)" because "object" is null
	at de.robingrether.idisguise.management.profile.ProfileHelperUID.loadGameProfile(ProfileHelperUID.java:77) [iDisguise.jar:?]
	at de.robingrether.idisguise.management.profile.ProfileHelperUID.access$100(ProfileHelperUID.java:34) [iDisguise.jar:?]
	at de.robingrether.idisguise.management.profile.ProfileHelperUID$3.run(ProfileHelperUID.java:227) [iDisguise.jar:?]
	at org.bukkit.craftbukkit.v1_8_R3.scheduler.CraftTask.run(CraftTask.java:59) [patched_1.8.8.jar:git-PandaSpigot-119]
	at org.bukkit.craftbukkit.v1_8_R3.scheduler.CraftAsyncTask.run(CraftAsyncTask.java:53) [patched_1.8.8.jar:git-PandaSpigot-119]
	at org.github.paperspigot.ServerSchedulerReportingWrapper.run(ServerSchedulerReportingWrapper.java:23) [patched_1.8.8.jar:git-PandaSpigot-119]
	at java.util.concurrent.ThreadPoolExecutor.runWorker(ThreadPoolExecutor.java:1136) [?:?]
	at java.util.concurrent.ThreadPoolExecutor$Worker.run(ThreadPoolExecutor.java:635) [?:?]
	at java.lang.Thread.run(Thread.java:840) [?:?]
[02:36:04] [Craft Scheduler Thread - 5/ERROR]: [iDisguise] Cannot retrieve the required profile information.
java.lang.NullPointerException: Cannot invoke "org.json.simple.JSONObject.get(Object)" because "object" is null
	at de.robingrether.idisguise.management.profile.ProfileHelperUID.loadGameProfile(ProfileHelperUID.java:77) [iDisguise.jar:?]
	at de.robingrether.idisguise.management.profile.ProfileHelperUID.access$100(ProfileHelperUID.java:34) [iDisguise.jar:?]
	at de.robingrether.idisguise.management.profile.ProfileHelperUID$3.run(ProfileHelperUID.java:227) [iDisguise.jar:?]
	at org.bukkit.craftbukkit.v1_8_R3.scheduler.CraftTask.run(CraftTask.java:59) [patched_1.8.8.jar:git-PandaSpigot-119]
	at org.bukkit.craftbukkit.v1_8_R3.scheduler.CraftAsyncTask.run(CraftAsyncTask.java:53) [patched_1.8.8.jar:git-PandaSpigot-119]
	at org.github.paperspigot.ServerSchedulerReportingWrapper.run(ServerSchedulerReportingWrapper.java:23) [patched_1.8.8.jar:git-PandaSpigot-119]
	at java.util.concurrent.ThreadPoolExecutor.runWorker(ThreadPoolExecutor.java:1136) [?:?]
	at java.util.concurrent.ThreadPoolExecutor$Worker.run(ThreadPoolExecutor.java:635) [?:?]
	at java.lang.Thread.run(Thread.java:840) [?:?]
[02:36:04] [Craft Scheduler Thread - 10/ERROR]: [iDisguise] Cannot retrieve the required profile information.
java.lang.NullPointerException: Cannot invoke "org.json.simple.JSONObject.get(Object)" because "object" is null
	at de.robingrether.idisguise.management.profile.ProfileHelperUID.loadGameProfile(ProfileHelperUID.java:77) [iDisguise.jar:?]
	at de.robingrether.idisguise.management.profile.ProfileHelperUID.access$100(ProfileHelperUID.java:34) [iDisguise.jar:?]
	at de.robingrether.idisguise.management.profile.ProfileHelperUID$3.run(ProfileHelperUID.java:227) [iDisguise.jar:?]
	at org.bukkit.craftbukkit.v1_8_R3.scheduler.CraftTask.run(CraftTask.java:59) [patched_1.8.8.jar:git-PandaSpigot-119]
	at org.bukkit.craftbukkit.v1_8_R3.scheduler.CraftAsyncTask.run(CraftAsyncTask.java:53) [patched_1.8.8.jar:git-PandaSpigot-119]
	at org.github.paperspigot.ServerSchedulerReportingWrapper.run(ServerSchedulerReportingWrapper.java:23) [patched_1.8.8.jar:git-PandaSpigot-119]
	at java.util.concurrent.ThreadPoolExecutor.runWorker(ThreadPoolExecutor.java:1136) [?:?]
	at java.util.concurrent.ThreadPoolExecutor$Worker.run(ThreadPoolExecutor.java:635) [?:?]
	at java.lang.Thread.run(Thread.java:840) [?:?]
[02:36:04] [Craft Scheduler Thread - 9/ERROR]: [iDisguise] Cannot retrieve the required profile information.
java.lang.NullPointerException: Cannot invoke "org.json.simple.JSONObject.get(Object)" because "object" is null
	at de.robingrether.idisguise.management.profile.ProfileHelperUID.loadGameProfile(ProfileHelperUID.java:77) [iDisguise.jar:?]
	at de.robingrether.idisguise.management.profile.ProfileHelperUID.access$100(ProfileHelperUID.java:34) [iDisguise.jar:?]
	at de.robingrether.idisguise.management.profile.ProfileHelperUID$3.run(ProfileHelperUID.java:227) [iDisguise.jar:?]
	at org.bukkit.craftbukkit.v1_8_R3.scheduler.CraftTask.run(CraftTask.java:59) [patched_1.8.8.jar:git-PandaSpigot-119]
	at org.bukkit.craftbukkit.v1_8_R3.scheduler.CraftAsyncTask.run(CraftAsyncTask.java:53) [patched_1.8.8.jar:git-PandaSpigot-119]
	at org.github.paperspigot.ServerSchedulerReportingWrapper.run(ServerSchedulerReportingWrapper.java:23) [patched_1.8.8.jar:git-PandaSpigot-119]
	at java.util.concurrent.ThreadPoolExecutor.runWorker(ThreadPoolExecutor.java:1136) [?:?]
	at java.util.concurrent.ThreadPoolExecutor$Worker.run(ThreadPoolExecutor.java:635) [?:?]
	at java.lang.Thread.run(Thread.java:840) [?:?]
[02:36:04] [Craft Scheduler Thread - 12/ERROR]: [iDisguise] Cannot retrieve the required profile information.
java.lang.NullPointerException: Cannot invoke "org.json.simple.JSONObject.get(Object)" because "object" is null
	at de.robingrether.idisguise.management.profile.ProfileHelperUID.loadGameProfile(ProfileHelperUID.java:77) [iDisguise.jar:?]
	at de.robingrether.idisguise.management.profile.ProfileHelperUID.access$100(ProfileHelperUID.java:34) [iDisguise.jar:?]
	at de.robingrether.idisguise.management.profile.ProfileHelperUID$3.run(ProfileHelperUID.java:227) [iDisguise.jar:?]
	at org.bukkit.craftbukkit.v1_8_R3.scheduler.CraftTask.run(CraftTask.java:59) [patched_1.8.8.jar:git-PandaSpigot-119]
	at org.bukkit.craftbukkit.v1_8_R3.scheduler.CraftAsyncTask.run(CraftAsyncTask.java:53) [patched_1.8.8.jar:git-PandaSpigot-119]
	at org.github.paperspigot.ServerSchedulerReportingWrapper.run(ServerSchedulerReportingWrapper.java:23) [patched_1.8.8.jar:git-PandaSpigot-119]
	at java.util.concurrent.ThreadPoolExecutor.runWorker(ThreadPoolExecutor.java:1136) [?:?]
	at java.util.concurrent.ThreadPoolExecutor$Worker.run(ThreadPoolExecutor.java:635) [?:?]
	at java.lang.Thread.run(Thread.java:840) [?:?]
[02:36:05] [Craft Scheduler Thread - 19/ERROR]: [iDisguise] Cannot retrieve the required profile information.
java.lang.NullPointerException: Cannot invoke "org.json.simple.JSONObject.get(Object)" because "object" is null
	at de.robingrether.idisguise.management.profile.ProfileHelperUID.loadGameProfile(ProfileHelperUID.java:77) [iDisguise.jar:?]
	at de.robingrether.idisguise.management.profile.ProfileHelperUID.access$100(ProfileHelperUID.java:34) [iDisguise.jar:?]
	at de.robingrether.idisguise.management.profile.ProfileHelperUID$3.run(ProfileHelperUID.java:227) [iDisguise.jar:?]
	at org.bukkit.craftbukkit.v1_8_R3.scheduler.CraftTask.run(CraftTask.java:59) [patched_1.8.8.jar:git-PandaSpigot-119]
	at org.bukkit.craftbukkit.v1_8_R3.scheduler.CraftAsyncTask.run(CraftAsyncTask.java:53) [patched_1.8.8.jar:git-PandaSpigot-119]
	at org.github.paperspigot.ServerSchedulerReportingWrapper.run(ServerSchedulerReportingWrapper.java:23) [patched_1.8.8.jar:git-PandaSpigot-119]
	at java.util.concurrent.ThreadPoolExecutor.runWorker(ThreadPoolExecutor.java:1136) [?:?]
	at java.util.concurrent.ThreadPoolExecutor$Worker.run(ThreadPoolExecutor.java:635) [?:?]
	at java.lang.Thread.run(Thread.java:840) [?:?]
[02:36:05] [Craft Scheduler Thread - 8/ERROR]: [iDisguise] Cannot retrieve the required profile information.
java.lang.NullPointerException: Cannot invoke "org.json.simple.JSONObject.get(Object)" because "object" is null
	at de.robingrether.idisguise.management.profile.ProfileHelperUID.loadGameProfile(ProfileHelperUID.java:77) [iDisguise.jar:?]
	at de.robingrether.idisguise.management.profile.ProfileHelperUID.access$100(ProfileHelperUID.java:34) [iDisguise.jar:?]
	at de.robingrether.idisguise.management.profile.ProfileHelperUID$3.run(ProfileHelperUID.java:227) [iDisguise.jar:?]
	at org.bukkit.craftbukkit.v1_8_R3.scheduler.CraftTask.run(CraftTask.java:59) [patched_1.8.8.jar:git-PandaSpigot-119]
	at org.bukkit.craftbukkit.v1_8_R3.scheduler.CraftAsyncTask.run(CraftAsyncTask.java:53) [patched_1.8.8.jar:git-PandaSpigot-119]
	at org.github.paperspigot.ServerSchedulerReportingWrapper.run(ServerSchedulerReportingWrapper.java:23) [patched_1.8.8.jar:git-PandaSpigot-119]
	at java.util.concurrent.ThreadPoolExecutor.runWorker(ThreadPoolExecutor.java:1136) [?:?]
	at java.util.concurrent.ThreadPoolExecutor$Worker.run(ThreadPoolExecutor.java:635) [?:?]
	at java.lang.Thread.run(Thread.java:840) [?:?]
[02:36:05] [Craft Scheduler Thread - 12/INFO]: [ViaVersion] Finished mapping loading, shutting down loader executor!
[02:36:05] [Craft Scheduler Thread - 14/ERROR]: [iDisguise] Cannot retrieve the required profile information.
java.lang.NullPointerException: Cannot invoke "org.json.simple.JSONObject.get(Object)" because "object" is null
	at de.robingrether.idisguise.management.profile.ProfileHelperUID.loadGameProfile(ProfileHelperUID.java:77) [iDisguise.jar:?]
	at de.robingrether.idisguise.management.profile.ProfileHelperUID.access$100(ProfileHelperUID.java:34) [iDisguise.jar:?]
	at de.robingrether.idisguise.management.profile.ProfileHelperUID$3.run(ProfileHelperUID.java:227) [iDisguise.jar:?]
	at org.bukkit.craftbukkit.v1_8_R3.scheduler.CraftTask.run(CraftTask.java:59) [patched_1.8.8.jar:git-PandaSpigot-119]
	at org.bukkit.craftbukkit.v1_8_R3.scheduler.CraftAsyncTask.run(CraftAsyncTask.java:53) [patched_1.8.8.jar:git-PandaSpigot-119]
	at org.github.paperspigot.ServerSchedulerReportingWrapper.run(ServerSchedulerReportingWrapper.java:23) [patched_1.8.8.jar:git-PandaSpigot-119]
	at java.util.concurrent.ThreadPoolExecutor.runWorker(ThreadPoolExecutor.java:1136) [?:?]
	at java.util.concurrent.ThreadPoolExecutor$Worker.run(ThreadPoolExecutor.java:635) [?:?]
	at java.lang.Thread.run(Thread.java:840) [?:?]
[02:36:05] [Craft Scheduler Thread - 21/ERROR]: [iDisguise] Cannot retrieve the required profile information.
java.lang.NullPointerException: Cannot invoke "org.json.simple.JSONObject.get(Object)" because "object" is null
	at de.robingrether.idisguise.management.profile.ProfileHelperUID.loadGameProfile(ProfileHelperUID.java:77) [iDisguise.jar:?]
	at de.robingrether.idisguise.management.profile.ProfileHelperUID.access$100(ProfileHelperUID.java:34) [iDisguise.jar:?]
	at de.robingrether.idisguise.management.profile.ProfileHelperUID$3.run(ProfileHelperUID.java:227) [iDisguise.jar:?]
	at org.bukkit.craftbukkit.v1_8_R3.scheduler.CraftTask.run(CraftTask.java:59) [patched_1.8.8.jar:git-PandaSpigot-119]
	at org.bukkit.craftbukkit.v1_8_R3.scheduler.CraftAsyncTask.run(CraftAsyncTask.java:53) [patched_1.8.8.jar:git-PandaSpigot-119]
	at org.github.paperspigot.ServerSchedulerReportingWrapper.run(ServerSchedulerReportingWrapper.java:23) [patched_1.8.8.jar:git-PandaSpigot-119]
	at java.util.concurrent.ThreadPoolExecutor.runWorker(ThreadPoolExecutor.java:1136) [?:?]
	at java.util.concurrent.ThreadPoolExecutor$Worker.run(ThreadPoolExecutor.java:635) [?:?]
	at java.lang.Thread.run(Thread.java:840) [?:?]
[02:36:05] [Craft Scheduler Thread - 27/ERROR]: [iDisguise] Cannot retrieve the required profile information.
java.lang.NullPointerException: Cannot invoke "org.json.simple.JSONObject.get(Object)" because "object" is null
	at de.robingrether.idisguise.management.profile.ProfileHelperUID.loadGameProfile(ProfileHelperUID.java:77) [iDisguise.jar:?]
	at de.robingrether.idisguise.management.profile.ProfileHelperUID.access$100(ProfileHelperUID.java:34) [iDisguise.jar:?]
	at de.robingrether.idisguise.management.profile.ProfileHelperUID$3.run(ProfileHelperUID.java:227) [iDisguise.jar:?]
	at org.bukkit.craftbukkit.v1_8_R3.scheduler.CraftTask.run(CraftTask.java:59) [patched_1.8.8.jar:git-PandaSpigot-119]
	at org.bukkit.craftbukkit.v1_8_R3.scheduler.CraftAsyncTask.run(CraftAsyncTask.java:53) [patched_1.8.8.jar:git-PandaSpigot-119]
	at org.github.paperspigot.ServerSchedulerReportingWrapper.run(ServerSchedulerReportingWrapper.java:23) [patched_1.8.8.jar:git-PandaSpigot-119]
	at java.util.concurrent.ThreadPoolExecutor.runWorker(ThreadPoolExecutor.java:1136) [?:?]
	at java.util.concurrent.ThreadPoolExecutor$Worker.run(ThreadPoolExecutor.java:635) [?:?]
	at java.lang.Thread.run(Thread.java:840) [?:?]
[02:36:05] [Craft Scheduler Thread - 11/ERROR]: [iDisguise] Cannot retrieve the required profile information.
java.lang.NullPointerException: Cannot invoke "org.json.simple.JSONObject.get(Object)" because "object" is null
	at de.robingrether.idisguise.management.profile.ProfileHelperUID.loadGameProfile(ProfileHelperUID.java:77) [iDisguise.jar:?]
	at de.robingrether.idisguise.management.profile.ProfileHelperUID.access$100(ProfileHelperUID.java:34) [iDisguise.jar:?]
	at de.robingrether.idisguise.management.profile.ProfileHelperUID$3.run(ProfileHelperUID.java:227) [iDisguise.jar:?]
	at org.bukkit.craftbukkit.v1_8_R3.scheduler.CraftTask.run(CraftTask.java:59) [patched_1.8.8.jar:git-PandaSpigot-119]
	at org.bukkit.craftbukkit.v1_8_R3.scheduler.CraftAsyncTask.run(CraftAsyncTask.java:53) [patched_1.8.8.jar:git-PandaSpigot-119]
	at org.github.paperspigot.ServerSchedulerReportingWrapper.run(ServerSchedulerReportingWrapper.java:23) [patched_1.8.8.jar:git-PandaSpigot-119]
	at java.util.concurrent.ThreadPoolExecutor.runWorker(ThreadPoolExecutor.java:1136) [?:?]
	at java.util.concurrent.ThreadPoolExecutor$Worker.run(ThreadPoolExecutor.java:635) [?:?]
	at java.lang.Thread.run(Thread.java:840) [?:?]
[02:36:05] [Craft Scheduler Thread - 20/ERROR]: [iDisguise] Cannot retrieve the required profile information.
java.lang.NullPointerException: Cannot invoke "org.json.simple.JSONObject.get(Object)" because "object" is null
	at de.robingrether.idisguise.management.profile.ProfileHelperUID.loadGameProfile(ProfileHelperUID.java:77) [iDisguise.jar:?]
	at de.robingrether.idisguise.management.profile.ProfileHelperUID.access$100(ProfileHelperUID.java:34) [iDisguise.jar:?]
	at de.robingrether.idisguise.management.profile.ProfileHelperUID$3.run(ProfileHelperUID.java:227) [iDisguise.jar:?]
	at org.bukkit.craftbukkit.v1_8_R3.scheduler.CraftTask.run(CraftTask.java:59) [patched_1.8.8.jar:git-PandaSpigot-119]
	at org.bukkit.craftbukkit.v1_8_R3.scheduler.CraftAsyncTask.run(CraftAsyncTask.java:53) [patched_1.8.8.jar:git-PandaSpigot-119]
	at org.github.paperspigot.ServerSchedulerReportingWrapper.run(ServerSchedulerReportingWrapper.java:23) [patched_1.8.8.jar:git-PandaSpigot-119]
	at java.util.concurrent.ThreadPoolExecutor.runWorker(ThreadPoolExecutor.java:1136) [?:?]
	at java.util.concurrent.ThreadPoolExecutor$Worker.run(ThreadPoolExecutor.java:635) [?:?]
	at java.lang.Thread.run(Thread.java:840) [?:?]
[02:36:05] [Craft Scheduler Thread - 32/INFO]: [Vault] Checking for Updates ... 
[02:36:05] [Craft Scheduler Thread - 10/ERROR]: [iDisguise] Cannot retrieve the required profile information.
java.lang.NullPointerException: Cannot invoke "org.json.simple.JSONObject.get(Object)" because "object" is null
	at de.robingrether.idisguise.management.profile.ProfileHelperUID.loadGameProfile(ProfileHelperUID.java:77) [iDisguise.jar:?]
	at de.robingrether.idisguise.management.profile.ProfileHelperUID.access$100(ProfileHelperUID.java:34) [iDisguise.jar:?]
	at de.robingrether.idisguise.management.profile.ProfileHelperUID$3.run(ProfileHelperUID.java:227) [iDisguise.jar:?]
	at org.bukkit.craftbukkit.v1_8_R3.scheduler.CraftTask.run(CraftTask.java:59) [patched_1.8.8.jar:git-PandaSpigot-119]
	at org.bukkit.craftbukkit.v1_8_R3.scheduler.CraftAsyncTask.run(CraftAsyncTask.java:53) [patched_1.8.8.jar:git-PandaSpigot-119]
	at org.github.paperspigot.ServerSchedulerReportingWrapper.run(ServerSchedulerReportingWrapper.java:23) [patched_1.8.8.jar:git-PandaSpigot-119]
	at java.util.concurrent.ThreadPoolExecutor.runWorker(ThreadPoolExecutor.java:1136) [?:?]
	at java.util.concurrent.ThreadPoolExecutor$Worker.run(ThreadPoolExecutor.java:635) [?:?]
	at java.lang.Thread.run(Thread.java:840) [?:?]
[02:36:05] [Craft Scheduler Thread - 15/ERROR]: [iDisguise] Cannot retrieve the required profile information.
java.lang.NullPointerException: Cannot invoke "org.json.simple.JSONObject.get(Object)" because "object" is null
	at de.robingrether.idisguise.management.profile.ProfileHelperUID.loadGameProfile(ProfileHelperUID.java:77) [iDisguise.jar:?]
	at de.robingrether.idisguise.management.profile.ProfileHelperUID.access$100(ProfileHelperUID.java:34) [iDisguise.jar:?]
	at de.robingrether.idisguise.management.profile.ProfileHelperUID$3.run(ProfileHelperUID.java:227) [iDisguise.jar:?]
	at org.bukkit.craftbukkit.v1_8_R3.scheduler.CraftTask.run(CraftTask.java:59) [patched_1.8.8.jar:git-PandaSpigot-119]
	at org.bukkit.craftbukkit.v1_8_R3.scheduler.CraftAsyncTask.run(CraftAsyncTask.java:53) [patched_1.8.8.jar:git-PandaSpigot-119]
	at org.github.paperspigot.ServerSchedulerReportingWrapper.run(ServerSchedulerReportingWrapper.java:23) [patched_1.8.8.jar:git-PandaSpigot-119]
	at java.util.concurrent.ThreadPoolExecutor.runWorker(ThreadPoolExecutor.java:1136) [?:?]
	at java.util.concurrent.ThreadPoolExecutor$Worker.run(ThreadPoolExecutor.java:635) [?:?]
	at java.lang.Thread.run(Thread.java:840) [?:?]
[02:36:05] [Craft Scheduler Thread - 13/ERROR]: [iDisguise] Cannot retrieve the required profile information.
java.lang.NullPointerException: Cannot invoke "org.json.simple.JSONObject.get(Object)" because "object" is null
	at de.robingrether.idisguise.management.profile.ProfileHelperUID.loadGameProfile(ProfileHelperUID.java:77) [iDisguise.jar:?]
	at de.robingrether.idisguise.management.profile.ProfileHelperUID.access$100(ProfileHelperUID.java:34) [iDisguise.jar:?]
	at de.robingrether.idisguise.management.profile.ProfileHelperUID$3.run(ProfileHelperUID.java:227) [iDisguise.jar:?]
	at org.bukkit.craftbukkit.v1_8_R3.scheduler.CraftTask.run(CraftTask.java:59) [patched_1.8.8.jar:git-PandaSpigot-119]
	at org.bukkit.craftbukkit.v1_8_R3.scheduler.CraftAsyncTask.run(CraftAsyncTask.java:53) [patched_1.8.8.jar:git-PandaSpigot-119]
	at org.github.paperspigot.ServerSchedulerReportingWrapper.run(ServerSchedulerReportingWrapper.java:23) [patched_1.8.8.jar:git-PandaSpigot-119]
	at java.util.concurrent.ThreadPoolExecutor.runWorker(ThreadPoolExecutor.java:1136) [?:?]
	at java.util.concurrent.ThreadPoolExecutor$Worker.run(ThreadPoolExecutor.java:635) [?:?]
	at java.lang.Thread.run(Thread.java:840) [?:?]
[02:36:05] [Craft Scheduler Thread - 18/ERROR]: [iDisguise] Cannot retrieve the required profile information.
java.lang.NullPointerException: Cannot invoke "org.json.simple.JSONObject.get(Object)" because "object" is null
	at de.robingrether.idisguise.management.profile.ProfileHelperUID.loadGameProfile(ProfileHelperUID.java:77) [iDisguise.jar:?]
	at de.robingrether.idisguise.management.profile.ProfileHelperUID.access$100(ProfileHelperUID.java:34) [iDisguise.jar:?]
	at de.robingrether.idisguise.management.profile.ProfileHelperUID$3.run(ProfileHelperUID.java:227) [iDisguise.jar:?]
	at org.bukkit.craftbukkit.v1_8_R3.scheduler.CraftTask.run(CraftTask.java:59) [patched_1.8.8.jar:git-PandaSpigot-119]
	at org.bukkit.craftbukkit.v1_8_R3.scheduler.CraftAsyncTask.run(CraftAsyncTask.java:53) [patched_1.8.8.jar:git-PandaSpigot-119]
	at org.github.paperspigot.ServerSchedulerReportingWrapper.run(ServerSchedulerReportingWrapper.java:23) [patched_1.8.8.jar:git-PandaSpigot-119]
	at java.util.concurrent.ThreadPoolExecutor.runWorker(ThreadPoolExecutor.java:1136) [?:?]
	at java.util.concurrent.ThreadPoolExecutor$Worker.run(ThreadPoolExecutor.java:635) [?:?]
	at java.lang.Thread.run(Thread.java:840) [?:?]
[02:36:05] [Craft Scheduler Thread - 9/ERROR]: [iDisguise] Cannot retrieve the required profile information.
java.lang.NullPointerException: Cannot invoke "org.json.simple.JSONObject.get(Object)" because "object" is null
	at de.robingrether.idisguise.management.profile.ProfileHelperUID.loadGameProfile(ProfileHelperUID.java:77) [iDisguise.jar:?]
	at de.robingrether.idisguise.management.profile.ProfileHelperUID.access$100(ProfileHelperUID.java:34) [iDisguise.jar:?]
	at de.robingrether.idisguise.management.profile.ProfileHelperUID$3.run(ProfileHelperUID.java:227) [iDisguise.jar:?]
	at org.bukkit.craftbukkit.v1_8_R3.scheduler.CraftTask.run(CraftTask.java:59) [patched_1.8.8.jar:git-PandaSpigot-119]
	at org.bukkit.craftbukkit.v1_8_R3.scheduler.CraftAsyncTask.run(CraftAsyncTask.java:53) [patched_1.8.8.jar:git-PandaSpigot-119]
	at org.github.paperspigot.ServerSchedulerReportingWrapper.run(ServerSchedulerReportingWrapper.java:23) [patched_1.8.8.jar:git-PandaSpigot-119]
	at java.util.concurrent.ThreadPoolExecutor.runWorker(ThreadPoolExecutor.java:1136) [?:?]
	at java.util.concurrent.ThreadPoolExecutor$Worker.run(ThreadPoolExecutor.java:635) [?:?]
	at java.lang.Thread.run(Thread.java:840) [?:?]
[02:36:05] [Craft Scheduler Thread - 23/ERROR]: [iDisguise] Cannot retrieve the required profile information.
java.lang.NullPointerException: Cannot invoke "org.json.simple.JSONObject.get(Object)" because "object" is null
	at de.robingrether.idisguise.management.profile.ProfileHelperUID.loadGameProfile(ProfileHelperUID.java:77) [iDisguise.jar:?]
	at de.robingrether.idisguise.management.profile.ProfileHelperUID.access$100(ProfileHelperUID.java:34) [iDisguise.jar:?]
	at de.robingrether.idisguise.management.profile.ProfileHelperUID$3.run(ProfileHelperUID.java:227) [iDisguise.jar:?]
	at org.bukkit.craftbukkit.v1_8_R3.scheduler.CraftTask.run(CraftTask.java:59) [patched_1.8.8.jar:git-PandaSpigot-119]
	at org.bukkit.craftbukkit.v1_8_R3.scheduler.CraftAsyncTask.run(CraftAsyncTask.java:53) [patched_1.8.8.jar:git-PandaSpigot-119]
	at org.github.paperspigot.ServerSchedulerReportingWrapper.run(ServerSchedulerReportingWrapper.java:23) [patched_1.8.8.jar:git-PandaSpigot-119]
	at java.util.concurrent.ThreadPoolExecutor.runWorker(ThreadPoolExecutor.java:1136) [?:?]
	at java.util.concurrent.ThreadPoolExecutor$Worker.run(ThreadPoolExecutor.java:635) [?:?]
	at java.lang.Thread.run(Thread.java:840) [?:?]
[02:36:05] [Craft Scheduler Thread - 8/ERROR]: [iDisguise] Cannot retrieve the required profile information.
java.lang.NullPointerException: Cannot invoke "org.json.simple.JSONObject.get(Object)" because "object" is null
	at de.robingrether.idisguise.management.profile.ProfileHelperUID.loadGameProfile(ProfileHelperUID.java:77) [iDisguise.jar:?]
	at de.robingrether.idisguise.management.profile.ProfileHelperUID.access$100(ProfileHelperUID.java:34) [iDisguise.jar:?]
	at de.robingrether.idisguise.management.profile.ProfileHelperUID$3.run(ProfileHelperUID.java:227) [iDisguise.jar:?]
	at org.bukkit.craftbukkit.v1_8_R3.scheduler.CraftTask.run(CraftTask.java:59) [patched_1.8.8.jar:git-PandaSpigot-119]
	at org.bukkit.craftbukkit.v1_8_R3.scheduler.CraftAsyncTask.run(CraftAsyncTask.java:53) [patched_1.8.8.jar:git-PandaSpigot-119]
	at org.github.paperspigot.ServerSchedulerReportingWrapper.run(ServerSchedulerReportingWrapper.java:23) [patched_1.8.8.jar:git-PandaSpigot-119]
	at java.util.concurrent.ThreadPoolExecutor.runWorker(ThreadPoolExecutor.java:1136) [?:?]
	at java.util.concurrent.ThreadPoolExecutor$Worker.run(ThreadPoolExecutor.java:635) [?:?]
	at java.lang.Thread.run(Thread.java:840) [?:?]
[02:36:05] [Craft Scheduler Thread - 16/ERROR]: [iDisguise] Cannot retrieve the required profile information.
java.lang.NullPointerException: Cannot invoke "org.json.simple.JSONObject.get(Object)" because "object" is null
	at de.robingrether.idisguise.management.profile.ProfileHelperUID.loadGameProfile(ProfileHelperUID.java:77) [iDisguise.jar:?]
	at de.robingrether.idisguise.management.profile.ProfileHelperUID.access$100(ProfileHelperUID.java:34) [iDisguise.jar:?]
	at de.robingrether.idisguise.management.profile.ProfileHelperUID$3.run(ProfileHelperUID.java:227) [iDisguise.jar:?]
	at org.bukkit.craftbukkit.v1_8_R3.scheduler.CraftTask.run(CraftTask.java:59) [patched_1.8.8.jar:git-PandaSpigot-119]
	at org.bukkit.craftbukkit.v1_8_R3.scheduler.CraftAsyncTask.run(CraftAsyncTask.java:53) [patched_1.8.8.jar:git-PandaSpigot-119]
	at org.github.paperspigot.ServerSchedulerReportingWrapper.run(ServerSchedulerReportingWrapper.java:23) [patched_1.8.8.jar:git-PandaSpigot-119]
	at java.util.concurrent.ThreadPoolExecutor.runWorker(ThreadPoolExecutor.java:1136) [?:?]
	at java.util.concurrent.ThreadPoolExecutor$Worker.run(ThreadPoolExecutor.java:635) [?:?]
	at java.lang.Thread.run(Thread.java:840) [?:?]
[02:36:05] [Craft Scheduler Thread - 5/ERROR]: [iDisguise] Cannot retrieve the required profile information.
java.lang.NullPointerException: Cannot invoke "org.json.simple.JSONObject.get(Object)" because "object" is null
	at de.robingrether.idisguise.management.profile.ProfileHelperUID.loadGameProfile(ProfileHelperUID.java:77) [iDisguise.jar:?]
	at de.robingrether.idisguise.management.profile.ProfileHelperUID.access$100(ProfileHelperUID.java:34) [iDisguise.jar:?]
	at de.robingrether.idisguise.management.profile.ProfileHelperUID$3.run(ProfileHelperUID.java:227) [iDisguise.jar:?]
	at org.bukkit.craftbukkit.v1_8_R3.scheduler.CraftTask.run(CraftTask.java:59) [patched_1.8.8.jar:git-PandaSpigot-119]
	at org.bukkit.craftbukkit.v1_8_R3.scheduler.CraftAsyncTask.run(CraftAsyncTask.java:53) [patched_1.8.8.jar:git-PandaSpigot-119]
	at org.github.paperspigot.ServerSchedulerReportingWrapper.run(ServerSchedulerReportingWrapper.java:23) [patched_1.8.8.jar:git-PandaSpigot-119]
	at java.util.concurrent.ThreadPoolExecutor.runWorker(ThreadPoolExecutor.java:1136) [?:?]
	at java.util.concurrent.ThreadPoolExecutor$Worker.run(ThreadPoolExecutor.java:635) [?:?]
	at java.lang.Thread.run(Thread.java:840) [?:?]
[02:36:05] [Server thread/WARN]: [ViaVersion] There is a newer plugin version available: 5.3.2, you're on: 5.0.0
[02:36:05] [Craft Scheduler Thread - 19/ERROR]: [iDisguise] Cannot retrieve the required profile information.
java.lang.NullPointerException: Cannot invoke "org.json.simple.JSONObject.get(Object)" because "object" is null
	at de.robingrether.idisguise.management.profile.ProfileHelperUID.loadGameProfile(ProfileHelperUID.java:77) [iDisguise.jar:?]
	at de.robingrether.idisguise.management.profile.ProfileHelperUID.access$100(ProfileHelperUID.java:34) [iDisguise.jar:?]
	at de.robingrether.idisguise.management.profile.ProfileHelperUID$3.run(ProfileHelperUID.java:227) [iDisguise.jar:?]
	at org.bukkit.craftbukkit.v1_8_R3.scheduler.CraftTask.run(CraftTask.java:59) [patched_1.8.8.jar:git-PandaSpigot-119]
	at org.bukkit.craftbukkit.v1_8_R3.scheduler.CraftAsyncTask.run(CraftAsyncTask.java:53) [patched_1.8.8.jar:git-PandaSpigot-119]
	at org.github.paperspigot.ServerSchedulerReportingWrapper.run(ServerSchedulerReportingWrapper.java:23) [patched_1.8.8.jar:git-PandaSpigot-119]
	at java.util.concurrent.ThreadPoolExecutor.runWorker(ThreadPoolExecutor.java:1136) [?:?]
	at java.util.concurrent.ThreadPoolExecutor$Worker.run(ThreadPoolExecutor.java:635) [?:?]
	at java.lang.Thread.run(Thread.java:840) [?:?]
[02:36:05] [Craft Scheduler Thread - 28/ERROR]: [iDisguise] Cannot retrieve the required profile information.
java.lang.NullPointerException: Cannot invoke "org.json.simple.JSONObject.get(Object)" because "object" is null
	at de.robingrether.idisguise.management.profile.ProfileHelperUID.loadGameProfile(ProfileHelperUID.java:77) [iDisguise.jar:?]
	at de.robingrether.idisguise.management.profile.ProfileHelperUID.access$100(ProfileHelperUID.java:34) [iDisguise.jar:?]
	at de.robingrether.idisguise.management.profile.ProfileHelperUID$3.run(ProfileHelperUID.java:227) [iDisguise.jar:?]
	at org.bukkit.craftbukkit.v1_8_R3.scheduler.CraftTask.run(CraftTask.java:59) [patched_1.8.8.jar:git-PandaSpigot-119]
	at org.bukkit.craftbukkit.v1_8_R3.scheduler.CraftAsyncTask.run(CraftAsyncTask.java:53) [patched_1.8.8.jar:git-PandaSpigot-119]
	at org.github.paperspigot.ServerSchedulerReportingWrapper.run(ServerSchedulerReportingWrapper.java:23) [patched_1.8.8.jar:git-PandaSpigot-119]
	at java.util.concurrent.ThreadPoolExecutor.runWorker(ThreadPoolExecutor.java:1136) [?:?]
	at java.util.concurrent.ThreadPoolExecutor$Worker.run(ThreadPoolExecutor.java:635) [?:?]
	at java.lang.Thread.run(Thread.java:840) [?:?]
[02:36:05] [Craft Scheduler Thread - 32/INFO]: [Vault] No new version available
[02:36:25] [User Authenticator #2/INFO]: UUID of player cocainefrog is 684e07b6-b6f6-31e6-8ab8-235c4fbff978
[02:36:25] [Server thread/INFO]: cocainefrog[/[0:0:0:0:0:0:0:1]:48678] logged in with entity id 2470 at ([world]-110.5, 68.0, 121.5)
[02:36:25] [Server thread/INFO]: cocainefrog lost connection: [nLogin] Error detected on proxy server setup:

The current server "survival" is not listed as an authentication server.

Remove nLogin if players don't authenticate in this server.

If this is an error, please add the server in
the "nLogin/proxy/config.yml" file of the proxy server.
[02:36:25] [pool-42-thread-1/INFO]: Creating empty config: /workspaces/EaglerXVelocity/server/plugins/Essentials/userdata/684e07b6-b6f6-31e6-8ab8-235c4fbff978.yml
[02:37:04] [User Authenticator #2/INFO]: UUID of player cocainefrog is 684e07b6-b6f6-31e6-8ab8-235c4fbff978
[02:37:05] [Server thread/INFO]: cocainefrog[/[0:0:0:0:0:0:0:1]:50004] logged in with entity id 2472 at ([world]-110.5, 68.0, 121.5)
[02:37:05] [Server thread/INFO]: cocainefrog lost connection: [nLogin] Error detected on proxy server setup:

The current server "survival" is not listed as an authentication server.

Remove nLogin if players don't authenticate in this server.

If this is an error, please add the server in
the "nLogin/proxy/config.yml" file of the proxy server.
[02:37:16] [Server thread/INFO]: CONSOLE: Please note that this command is not supported and may cause issues when using some plugins.
[02:37:16] [Server thread/INFO]: CONSOLE: If you encounter any issues please use the /stop command to restart your server.
[02:37:16] [Server thread/INFO]: Debug logging is disabled
[02:37:16] [Server thread/INFO]: Spigot Timings: true - Verbose: true - Interval: 5m - Length: 60m
[02:37:16] [Server thread/INFO]: Server Ping Player Sample Count: 12

[02:37:16] [Server thread/INFO]: Using 4 threads for Netty based IO
[02:37:16] [Server thread/INFO]: Data value allowed items: 
[02:37:16] [Server thread/INFO]: -------- World Settings For [world] --------
[02:37:16] [Server thread/INFO]: Chunks to Grow per Tick: 650
[02:37:16] [Server thread/INFO]: Clear tick list: false
[02:37:16] [Server thread/INFO]: Experience Merge Radius: 3.0
[02:37:16] [Server thread/INFO]: Mob Spawn Range: 4
[02:37:16] [Server thread/INFO]: Anti X-Ray: true
[02:37:16] [Server thread/INFO]: 	Engine Mode: 1
[02:37:16] [Server thread/INFO]: 	Hidden Blocks: [14, 15, 16, 21, 48, 49, 54, 56, 73, 74, 82, 129, 130]
[02:37:16] [Server thread/INFO]: 	Replace Blocks: [1, 5]
[02:37:16] [Server thread/INFO]: Nerfing mobs spawned from spawners: false
[02:37:16] [Server thread/INFO]: Cactus Growth Modifier: 100%
[02:37:16] [Server thread/INFO]: Cane Growth Modifier: 100%
[02:37:16] [Server thread/INFO]: Melon Growth Modifier: 100%
[02:37:16] [Server thread/INFO]: Mushroom Growth Modifier: 100%
[02:37:16] [Server thread/INFO]: Pumpkin Growth Modifier: 100%
[02:37:16] [Server thread/INFO]: Sapling Growth Modifier: 100%
[02:37:16] [Server thread/INFO]: Wheat Growth Modifier: 100%
[02:37:16] [Server thread/INFO]: NetherWart Growth Modifier: 100%
[02:37:16] [Server thread/INFO]: Entity Activation Range: An 32 / Mo 32 / Mi 16
[02:37:16] [Server thread/INFO]: Entity Tracking Range: Pl 48 / An 48 / Mo 48 / Mi 32 / Other 64
[02:37:16] [Server thread/INFO]: Hopper Transfer: 8 Hopper Check: 8 Hopper Amount: 1
[02:37:16] [Server thread/INFO]: Random Lighting Updates: false
[02:37:16] [Server thread/INFO]: Structure Info Saving: true
[02:37:16] [Server thread/INFO]: Sending up to 10 chunks per packet
[02:37:16] [Server thread/INFO]: Max Entity Collisions: 8
[02:37:16] [Server thread/INFO]: Custom Map Seeds:  Village: 10387312 Feature: 14357617
[02:37:16] [Server thread/INFO]: Max TNT Explosions: 100
[02:37:16] [Server thread/INFO]: Tile Max Tick Time: 50ms Entity max Tick Time: 50ms
[02:37:16] [Server thread/INFO]: Item Despawn Rate: 6000
[02:37:16] [Server thread/INFO]: Item Merge Radius: 2.5
[02:37:16] [Server thread/INFO]: Arrow Despawn Rate: 1200
[02:37:16] [Server thread/INFO]: View Distance: 10
[02:37:16] [Server thread/INFO]: Allow Zombie Pigmen to spawn from portal blocks: true
[02:37:16] [Server thread/INFO]: Zombie Aggressive Towards Villager: true
[02:37:16] [Server thread/INFO]: -------- World Settings For [world] --------
[02:37:16] [Server thread/INFO]: Keep spawn chunk loaded: true
[02:37:16] [Server thread/INFO]: WorldServer TickNextTick cap set at 10000
[02:37:16] [Server thread/INFO]: WorldServer TickNextTickList cap always processes redstone: false
[02:37:16] [Server thread/INFO]: World async lighting: false
[02:37:16] [Server thread/INFO]: Max height for cactus growth 3. Max height for reed growth 3
[02:37:16] [Server thread/INFO]: Living Entity Despawn Ranges:  Soft: 32 Hard: 128
[02:37:16] [Server thread/INFO]: Squids will spawn between Y: 45.0 and Y: 63.0
[02:37:16] [Server thread/INFO]: Player blocking damage multiplier set to 0.5
[02:37:16] [Server thread/INFO]: Remove invalid mob spawner tile entities: true
[02:37:16] [Server thread/INFO]: Water over lava flow speed: 5
[02:37:16] [Server thread/INFO]: Fix TNT cannons: false
[02:37:16] [Server thread/INFO]: Allow undead horse types to be leashed: false
[02:37:16] [Server thread/INFO]: -------- World Settings For [world_nether] --------
[02:37:16] [Server thread/INFO]: Chunks to Grow per Tick: 650
[02:37:16] [Server thread/INFO]: Clear tick list: false
[02:37:16] [Server thread/INFO]: Experience Merge Radius: 3.0
[02:37:16] [Server thread/INFO]: Mob Spawn Range: 4
[02:37:16] [Server thread/INFO]: Anti X-Ray: true
[02:37:16] [Server thread/INFO]: 	Engine Mode: 1
[02:37:16] [Server thread/INFO]: 	Hidden Blocks: [14, 15, 16, 21, 48, 49, 54, 56, 73, 74, 82, 129, 130]
[02:37:16] [Server thread/INFO]: 	Replace Blocks: [1, 5]
[02:37:16] [Server thread/INFO]: Nerfing mobs spawned from spawners: false
[02:37:16] [Server thread/INFO]: Cactus Growth Modifier: 100%
[02:37:16] [Server thread/INFO]: Cane Growth Modifier: 100%
[02:37:16] [Server thread/INFO]: Melon Growth Modifier: 100%
[02:37:16] [Server thread/INFO]: Mushroom Growth Modifier: 100%
[02:37:16] [Server thread/INFO]: Pumpkin Growth Modifier: 100%
[02:37:16] [Server thread/INFO]: Sapling Growth Modifier: 100%
[02:37:16] [Server thread/INFO]: Wheat Growth Modifier: 100%
[02:37:16] [Server thread/INFO]: NetherWart Growth Modifier: 100%
[02:37:16] [Server thread/INFO]: Entity Activation Range: An 32 / Mo 32 / Mi 16
[02:37:16] [Server thread/INFO]: Entity Tracking Range: Pl 48 / An 48 / Mo 48 / Mi 32 / Other 64
[02:37:16] [Server thread/INFO]: Hopper Transfer: 8 Hopper Check: 8 Hopper Amount: 1
[02:37:16] [Server thread/INFO]: Random Lighting Updates: false
[02:37:16] [Server thread/INFO]: Structure Info Saving: true
[02:37:16] [Server thread/INFO]: Sending up to 10 chunks per packet
[02:37:16] [Server thread/INFO]: Max Entity Collisions: 8
[02:37:16] [Server thread/INFO]: Custom Map Seeds:  Village: 10387312 Feature: 14357617
[02:37:16] [Server thread/INFO]: Max TNT Explosions: 100
[02:37:16] [Server thread/INFO]: Tile Max Tick Time: 50ms Entity max Tick Time: 50ms
[02:37:16] [Server thread/INFO]: Item Despawn Rate: 6000
[02:37:16] [Server thread/INFO]: Item Merge Radius: 2.5
[02:37:16] [Server thread/INFO]: Arrow Despawn Rate: 1200
[02:37:16] [Server thread/INFO]: View Distance: 10
[02:37:16] [Server thread/INFO]: Allow Zombie Pigmen to spawn from portal blocks: true
[02:37:16] [Server thread/INFO]: Zombie Aggressive Towards Villager: true
[02:37:16] [Server thread/INFO]: -------- World Settings For [world_nether] --------
[02:37:16] [Server thread/INFO]: Keep spawn chunk loaded: true
[02:37:16] [Server thread/INFO]: WorldServer TickNextTick cap set at 10000
[02:37:16] [Server thread/INFO]: WorldServer TickNextTickList cap always processes redstone: false
[02:37:16] [Server thread/INFO]: World async lighting: false
[02:37:16] [Server thread/INFO]: Max height for cactus growth 3. Max height for reed growth 3
[02:37:16] [Server thread/INFO]: Living Entity Despawn Ranges:  Soft: 32 Hard: 128
[02:37:16] [Server thread/INFO]: Squids will spawn between Y: 45.0 and Y: 63.0
[02:37:16] [Server thread/INFO]: Player blocking damage multiplier set to 0.5
[02:37:16] [Server thread/INFO]: Remove invalid mob spawner tile entities: true
[02:37:16] [Server thread/INFO]: Water over lava flow speed: 5
[02:37:16] [Server thread/INFO]: Fix TNT cannons: false
[02:37:16] [Server thread/INFO]: Allow undead horse types to be leashed: false
[02:37:16] [Server thread/INFO]: -------- World Settings For [world_the_end] --------
[02:37:16] [Server thread/INFO]: Chunks to Grow per Tick: 650
[02:37:16] [Server thread/INFO]: Clear tick list: false
[02:37:16] [Server thread/INFO]: Experience Merge Radius: 3.0
[02:37:16] [Server thread/INFO]: Mob Spawn Range: 4
[02:37:16] [Server thread/INFO]: Anti X-Ray: true
[02:37:16] [Server thread/INFO]: 	Engine Mode: 1
[02:37:16] [Server thread/INFO]: 	Hidden Blocks: [14, 15, 16, 21, 48, 49, 54, 56, 73, 74, 82, 129, 130]
[02:37:16] [Server thread/INFO]: 	Replace Blocks: [1, 5]
[02:37:16] [Server thread/INFO]: Nerfing mobs spawned from spawners: false
[02:37:16] [Server thread/INFO]: Cactus Growth Modifier: 100%
[02:37:16] [Server thread/INFO]: Cane Growth Modifier: 100%
[02:37:16] [Server thread/INFO]: Melon Growth Modifier: 100%
[02:37:16] [Server thread/INFO]: Mushroom Growth Modifier: 100%
[02:37:16] [Server thread/INFO]: Pumpkin Growth Modifier: 100%
[02:37:16] [Server thread/INFO]: Sapling Growth Modifier: 100%
[02:37:16] [Server thread/INFO]: Wheat Growth Modifier: 100%
[02:37:16] [Server thread/INFO]: NetherWart Growth Modifier: 100%
[02:37:16] [Server thread/INFO]: Entity Activation Range: An 32 / Mo 32 / Mi 16
[02:37:16] [Server thread/INFO]: Entity Tracking Range: Pl 48 / An 48 / Mo 48 / Mi 32 / Other 64
[02:37:16] [Server thread/INFO]: Hopper Transfer: 8 Hopper Check: 8 Hopper Amount: 1
[02:37:16] [Server thread/INFO]: Random Lighting Updates: false
[02:37:16] [Server thread/INFO]: Structure Info Saving: true
[02:37:16] [Server thread/INFO]: Sending up to 10 chunks per packet
[02:37:16] [Server thread/INFO]: Max Entity Collisions: 8
[02:37:16] [Server thread/INFO]: Custom Map Seeds:  Village: 10387312 Feature: 14357617
[02:37:16] [Server thread/INFO]: Max TNT Explosions: 100
[02:37:16] [Server thread/INFO]: Tile Max Tick Time: 50ms Entity max Tick Time: 50ms
[02:37:16] [Server thread/INFO]: Item Despawn Rate: 6000
[02:37:16] [Server thread/INFO]: Item Merge Radius: 2.5
[02:37:16] [Server thread/INFO]: Arrow Despawn Rate: 1200
[02:37:16] [Server thread/INFO]: View Distance: 10
[02:37:16] [Server thread/INFO]: Allow Zombie Pigmen to spawn from portal blocks: true
[02:37:16] [Server thread/INFO]: Zombie Aggressive Towards Villager: true
[02:37:16] [Server thread/INFO]: -------- World Settings For [world_the_end] --------
[02:37:16] [Server thread/INFO]: Keep spawn chunk loaded: true
[02:37:16] [Server thread/INFO]: WorldServer TickNextTick cap set at 10000
[02:37:16] [Server thread/INFO]: WorldServer TickNextTickList cap always processes redstone: false
[02:37:16] [Server thread/INFO]: World async lighting: false
[02:37:16] [Server thread/INFO]: Max height for cactus growth 3. Max height for reed growth 3
[02:37:16] [Server thread/INFO]: Living Entity Despawn Ranges:  Soft: 32 Hard: 128
[02:37:16] [Server thread/INFO]: Squids will spawn between Y: 45.0 and Y: 63.0
[02:37:16] [Server thread/INFO]: Player blocking damage multiplier set to 0.5
[02:37:16] [Server thread/INFO]: Remove invalid mob spawner tile entities: true
[02:37:16] [Server thread/INFO]: Water over lava flow speed: 5
[02:37:16] [Server thread/INFO]: Fix TNT cannons: false
[02:37:16] [Server thread/INFO]: Allow undead horse types to be leashed: false
[02:37:16] [Server thread/INFO]: [EconomyShopGUI] Disabling EconomyShopGUI v6.12.2
[02:37:16] [Server thread/INFO]: [Essentials] Disabling Essentials v2.15.0.1
[02:37:16] [Server thread/INFO]: [Vault] [Economy] Essentials Economy unhooked.
[02:37:16] [Server thread/INFO]: [Vault] Disabling Vault v1.7.3-b131
[02:37:16] [Server thread/INFO]: [ViaRewind-Legacy-Support] Disabling ViaRewind-Legacy-Support v1.5.1
[02:37:16] [Server thread/INFO]: [LuckPerms] Disabling LuckPerms v5.4.158
[02:37:16] [Server thread/INFO]: [LuckPerms] Starting shutdown process...
[02:37:16] [Server thread/INFO]: [LuckPerms] Closing storage...
[02:37:16] [Server thread/INFO]: [LuckPerms] Goodbye!
[02:37:16] [Server thread/INFO]: [ViaRewind] Disabling ViaRewind v4.0.0
[02:37:16] [Server thread/INFO]: [WorldGuard] Disabling WorldGuard v6.1.3-SNAPSHOT;c904242
[02:37:16] [Server thread/INFO]: [WorldGuard] Shutting down executor and waiting for any pending tasks...
[02:37:16] [Server thread/INFO]: [Spawn] Disabling Spawn v2.4.1
[02:37:16] [Server thread/INFO]: [ViaBackwards] Disabling ViaBackwards v5.0.0
[02:37:16] [Server thread/INFO]: [ViaVersion] Disabling ViaVersion v5.0.0
[02:37:16] [Server thread/INFO]: [ViaVersion] ViaVersion is disabling, if this is a reload and you experience issues consider rebooting.
[02:37:16] [Server thread/INFO]: [spark] Disabling spark v1.10.119
[02:37:16] [Server thread/INFO]: [Guilds] Disabling Guilds v3.0.2
[02:37:16] [Server thread/INFO]: [Guilds] Saving guilds.yml

[02:37:16] [Server thread/INFO]: [Guilds] Saving players.yml

[02:37:16] [Server thread/INFO]: [Guilds] Saving settings.yml

[02:37:16] [Server thread/INFO]: [Guilds] Saving messages.yml

[02:37:16] [Server thread/INFO]: [iDisguise] Disabling iDisguise v5.8.2
[02:37:16] [Server thread/INFO]: [iDisguise] iDisguise 5.8.2 disabled!
[02:37:16] [Server thread/INFO]: [EconomyManager] Disabling EconomyManager v1.0.3
[02:37:16] [Server thread/INFO]: [WorldEdit] Disabling WorldEdit v6.1.9;caf0ad9
[02:37:16] [Server thread/INFO]: [nLogin] Disabling nLogin v10.4.21
[02:37:16] [Server thread/INFO]: [nLogin] Successful plugin core shutdown (took 0.00s)
[02:37:16] [Server thread/INFO]: [ChestActions] Disabling ChestActions v2.9
[02:37:16] [Server thread/INFO]: [ChestActions] ChestActions disabled
[02:37:16] [Server thread/ERROR]: Could not load 'plugins/OpenInv.jar' in folder 'plugins'
org.bukkit.plugin.InvalidPluginException: java.lang.UnsupportedClassVersionError: com/lishid/openinv/OpenInv has been compiled by a more recent version of the Java Runtime (class file version 65.0), this version of the Java Runtime only recognizes class file versions up to 61.0
	at org.bukkit.plugin.java.JavaPluginLoader.loadPlugin(JavaPluginLoader.java:133) ~[patched_1.8.8.jar:git-PandaSpigot-119]
	at org.bukkit.plugin.SimplePluginManager.loadPlugin(SimplePluginManager.java:340) ~[patched_1.8.8.jar:git-PandaSpigot-119]
	at org.bukkit.plugin.SimplePluginManager.loadPlugins(SimplePluginManager.java:263) ~[patched_1.8.8.jar:git-PandaSpigot-119]
	at org.bukkit.craftbukkit.v1_8_R3.CraftServer.loadPlugins(CraftServer.java:297) ~[patched_1.8.8.jar:git-PandaSpigot-119]
	at org.bukkit.craftbukkit.v1_8_R3.CraftServer.reload(CraftServer.java:803) ~[patched_1.8.8.jar:git-PandaSpigot-119]
	at org.bukkit.Bukkit.reload(Bukkit.java:573) ~[patched_1.8.8.jar:git-PandaSpigot-119]
	at org.bukkit.command.defaults.ReloadCommand.execute(ReloadCommand.java:25) ~[patched_1.8.8.jar:git-PandaSpigot-119]
	at org.bukkit.command.SimpleCommandMap.dispatch(SimpleCommandMap.java:146) ~[patched_1.8.8.jar:git-PandaSpigot-119]
	at org.bukkit.craftbukkit.v1_8_R3.CraftServer.dispatchCommand(CraftServer.java:700) ~[patched_1.8.8.jar:git-PandaSpigot-119]
	at org.bukkit.craftbukkit.v1_8_R3.CraftServer.dispatchServerCommand(CraftServer.java:663) ~[patched_1.8.8.jar:git-PandaSpigot-119]
	at net.minecraft.server.v1_8_R3.DedicatedServer.aO(DedicatedServer.java:450) ~[patched_1.8.8.jar:git-PandaSpigot-119]
	at net.minecraft.server.v1_8_R3.DedicatedServer.B(DedicatedServer.java:413) ~[patched_1.8.8.jar:git-PandaSpigot-119]
	at net.minecraft.server.v1_8_R3.MinecraftServer.A(MinecraftServer.java:815) ~[patched_1.8.8.jar:git-PandaSpigot-119]
	at net.minecraft.server.v1_8_R3.MinecraftServer.run(MinecraftServer.java:648) ~[patched_1.8.8.jar:git-PandaSpigot-119]
	at net.minecraft.server.v1_8_R3.MinecraftServer.lambda$spin$0(MinecraftServer.java:133) ~[patched_1.8.8.jar:git-PandaSpigot-119]
	at java.lang.Thread.run(Thread.java:840) [?:?]
Caused by: java.lang.UnsupportedClassVersionError: com/lishid/openinv/OpenInv has been compiled by a more recent version of the Java Runtime (class file version 65.0), this version of the Java Runtime only recognizes class file versions up to 61.0
	at java.lang.ClassLoader.defineClass1(Native Method) ~[?:?]
	at java.lang.ClassLoader.defineClass(ClassLoader.java:1017) ~[?:?]
	at java.security.SecureClassLoader.defineClass(SecureClassLoader.java:150) ~[?:?]
	at java.net.URLClassLoader.defineClass(URLClassLoader.java:524) ~[?:?]
	at java.net.URLClassLoader$1.run(URLClassLoader.java:427) ~[?:?]
	at java.net.URLClassLoader$1.run(URLClassLoader.java:421) ~[?:?]
	at java.security.AccessController.doPrivileged(AccessController.java:712) ~[?:?]
	at java.net.URLClassLoader.findClass(URLClassLoader.java:420) ~[?:?]
	at org.bukkit.plugin.java.PluginClassLoader.findClass(PluginClassLoader.java:102) ~[patched_1.8.8.jar:git-PandaSpigot-119]
	at org.bukkit.plugin.java.PluginClassLoader.findClass(PluginClassLoader.java:87) ~[patched_1.8.8.jar:git-PandaSpigot-119]
	at java.lang.ClassLoader.loadClass(ClassLoader.java:592) ~[?:?]
	at java.lang.ClassLoader.loadClass(ClassLoader.java:525) ~[?:?]
	at java.lang.Class.forName0(Native Method) ~[?:?]
	at java.lang.Class.forName(Class.java:467) ~[?:?]
	at org.bukkit.plugin.java.PluginClassLoader.<init>(PluginClassLoader.java:65) ~[patched_1.8.8.jar:git-PandaSpigot-119]
	at org.bukkit.plugin.java.JavaPluginLoader.loadPlugin(JavaPluginLoader.java:129) ~[patched_1.8.8.jar:git-PandaSpigot-119]
	... 15 more
[02:37:16] [Server thread/INFO]: [ChestActions] Loading ChestActions v2.9
[02:37:16] [Server thread/INFO]: [WorldEdit] Loading WorldEdit v6.1.9;caf0ad9
[02:37:16] [Server thread/INFO]: [EconomyManager] Loading EconomyManager v1.0.3
[02:37:16] [Server thread/INFO]: [iDisguise] Loading iDisguise v5.8.2
[02:37:16] [Server thread/INFO]: [Guilds] Loading Guilds v3.0.2
[02:37:16] [Server thread/INFO]: [BungeeGuard] Loading BungeeGuard v1.4.5
[02:37:16] [Server thread/INFO]: [spark] Loading spark v1.10.119
[02:37:16] [Server thread/INFO]: [ViaVersion] Loading ViaVersion v5.0.0
[02:37:16] [Server thread/INFO]: [ViaVersion] ViaVersion 5.0.0 is now loaded. Registering protocol transformers and injecting...
[02:37:16] [Server thread/ERROR]: [ViaVersion] ViaVersion is already loaded, this should work fine. If you get any console errors, try rebooting.
[02:37:17] [Via-Mappingloader-0/INFO]: [ViaVersion] Loading block connection mappings ...
[02:37:17] [Server thread/INFO]: [ViaBackwards] Loading translations...
[02:37:17] [Server thread/INFO]: [ViaBackwards] Registering protocols...
[02:37:18] [Server thread/INFO]: [ViaRewind] Registering protocols...
[02:37:18] [Server thread/INFO]: [ViaBackwards] Loading ViaBackwards v5.0.0
[02:37:18] [Server thread/INFO]: [Spawn] Loading Spawn v2.4.1
[02:37:18] [Server thread/INFO]: [WorldGuard] Loading WorldGuard v6.1.3-SNAPSHOT;c904242
[02:37:18] [Server thread/INFO]: [ViaRewind] Loading ViaRewind v4.0.0
[02:37:18] [Server thread/INFO]: [LuckPerms] Loading LuckPerms v5.4.158
[02:37:18] [Server thread/INFO]: [ViaRewind-Legacy-Support] Loading ViaRewind-Legacy-Support v1.5.1
[02:37:18] [Server thread/INFO]: [Vault] Loading Vault v1.7.3-b131
[02:37:18] [Server thread/INFO]: [Essentials] Loading Essentials v2.15.0.1
[02:37:18] [Server thread/INFO]: [EconomyShopGUI] Loading EconomyShopGUI v6.12.2
[02:37:18] [Server thread/INFO]: [BetterRTP] Loading BetterRTP v3.6.13
[02:37:18] [Server thread/INFO]: [EconomyManager] Enabling EconomyManager v1.0.3
[02:37:18] [Server thread/INFO]: [EconomyManager] ItemStack{STONE x 1}
[02:37:18] [Server thread/INFO]: [EconomyManager] ItemStack{STONE x 1}
[02:37:18] [Server thread/INFO]: [EconomyManager] ItemStack{WOOL x 1}
[02:37:18] [Server thread/INFO]: [BungeeGuard] Enabling BungeeGuard v1.4.5
[02:37:18] [Server thread/INFO]: [BungeeGuard] Using Paper's PlayerHandshakeEvent to listen for connections.
[02:37:18] [Server thread/INFO]: [ViaRewind] Enabling ViaRewind v4.0.0
[02:37:18] [Server thread/INFO]: [LuckPerms] Enabling LuckPerms v5.4.158
[02:37:18] [Thread-11/WARN]: [EconomyManager] Could not reach dev.bukkit.org for update checking. Is it offline?
[02:37:19] [Server thread/INFO]:         __    
[02:37:19] [Server thread/INFO]:   |    |__)   LuckPerms v5.4.158
[02:37:19] [Server thread/INFO]:   |___ |      Running on Bukkit - PandaSpigot
[02:37:19] [Server thread/INFO]: 
[02:37:19] [Server thread/INFO]: [LuckPerms] Loading configuration...
[02:37:19] [Server thread/INFO]: [LuckPerms] Loading storage provider... [H2]
[02:37:19] [Server thread/INFO]: [LuckPerms] Loading internal permission managers...
[02:37:19] [Server thread/INFO]: [LuckPerms] Performing initial data load...
[02:37:19] [Server thread/INFO]: [LuckPerms] Successfully enabled. (took 1012ms)
[02:37:19] [Server thread/INFO]: [Vault] Enabling Vault v1.7.3-b131
[02:37:19] [Server thread/INFO]: [Vault] [Economy] Essentials Economy found: Waiting
[02:37:19] [Server thread/INFO]: [Vault] [Permission] SuperPermissions loaded as backup permission system.
[02:37:19] [Server thread/INFO]: [Vault] Enabled Version 1.7.3-b131
[02:37:19] [Server thread/INFO]: [LuckPerms] Registered Vault permission & chat hook.
[02:37:19] [Server thread/INFO]: [ChestActions] Enabling ChestActions v2.9
[02:37:19] [Server thread/INFO]: [ChestActions] ChestActions enabled
[02:37:19] [Server thread/INFO]: [ChestActions] Config found
[02:37:20] [Server thread/INFO]: [ChestActions] You have the latest version of the plugin.
[02:37:20] [Server thread/INFO]: [WorldEdit] Enabling WorldEdit v6.1.9;caf0ad9
[02:37:20] [Server thread/INFO]: WEPIF: Using the Bukkit Permissions API.
[02:37:20] [Server thread/INFO]: [WorldEdit] Using com.sk89q.worldedit.bukkit.adapter.impl.Spigot_v1_8_R3 as the Bukkit adapter
[02:37:20] [Server thread/INFO]: [iDisguise] Enabling iDisguise v5.8.2
[02:37:20] [Server thread/INFO]: [iDisguise] iDisguise 5.8.2 enabled!
[02:37:20] [Server thread/INFO]: [Guilds] Enabling Guilds v3.0.2
[02:37:20] [Server thread/INFO]: [Guilds] Loading settings.yml

[02:37:20] [Server thread/INFO]: [Guilds] Loading messages.yml

[02:37:20] [Server thread/INFO]: [Guilds] Loading guilds.yml

[02:37:20] [Server thread/INFO]: [Guilds] Loading players.yml

[02:37:20] [Server thread/INFO]: [Guilds] Guilds is an old plugin reborn. I am satisfied that this build is stable but if you find any bugs please feed them back to AVOCARDO as soon as possible. Thank you.

[02:37:20] [Server thread/INFO]: [spark] Enabling spark v1.10.119
[02:37:21] [Server thread/INFO]: [spark] Using Paper ServerTickStartEvent for tick monitoring
[02:37:21] [Server thread/INFO]: [spark] Starting background profiler...
[02:37:21] [Server thread/INFO]: [ViaVersion] Enabling ViaVersion v5.0.0
[02:37:21] [Server thread/INFO]: [ViaBackwards] Enabling ViaBackwards v5.0.0
[02:37:21] [Server thread/INFO]: [Spawn] Enabling Spawn v2.4.1
[02:37:21] [Server thread/INFO]: [WorldGuard] Enabling WorldGuard v6.1.3-SNAPSHOT;c904242
[02:37:21] [Server thread/INFO]: [WorldGuard] (world) TNT ignition is PERMITTED.
[02:37:21] [Server thread/INFO]: [WorldGuard] (world) Lighters are PERMITTED.
[02:37:21] [Server thread/INFO]: [WorldGuard] (world) Lava fire is blocked.
[02:37:21] [Server thread/INFO]: [WorldGuard] (world) Fire spread is UNRESTRICTED.
[02:37:21] [Server thread/INFO]: [WorldGuard] Loaded configuration for world 'world'
[02:37:21] [Server thread/INFO]: [WorldGuard] (world_nether) TNT ignition is PERMITTED.
[02:37:21] [Server thread/INFO]: [WorldGuard] (world_nether) Lighters are PERMITTED.
[02:37:21] [Server thread/INFO]: [WorldGuard] (world_nether) Lava fire is blocked.
[02:37:21] [Server thread/INFO]: [WorldGuard] (world_nether) Fire spread is UNRESTRICTED.
[02:37:21] [Server thread/INFO]: [WorldGuard] Loaded configuration for world 'world_nether'
[02:37:21] [Server thread/INFO]: [WorldGuard] (world_the_end) TNT ignition is PERMITTED.
[02:37:21] [Server thread/INFO]: [WorldGuard] (world_the_end) Lighters are PERMITTED.
[02:37:21] [Server thread/INFO]: [WorldGuard] (world_the_end) Lava fire is blocked.
[02:37:21] [Server thread/INFO]: [WorldGuard] (world_the_end) Fire spread is UNRESTRICTED.
[02:37:21] [Server thread/INFO]: [WorldGuard] Loaded configuration for world 'world_the_end'
[02:37:21] [Server thread/INFO]: [WorldGuard] Loading region data...
[02:37:21] [Server thread/INFO]: [ViaRewind-Legacy-Support] Enabling ViaRewind-Legacy-Support v1.5.1
[02:37:21] [Server thread/INFO]: [Essentials] Enabling Essentials v2.15.0.1
[02:37:21] [Server thread/ERROR]: [Essentials] Failed to apply custom currency format: modifiers
[02:37:21] [Server thread/INFO]: Attempting to convert old kits in config.yml to new kits.yml
[02:37:21] [Server thread/INFO]: No kits found to migrate.
[02:37:21] [Server thread/INFO]: [Essentials] Starting Essentials ban format conversion
[02:37:21] [Server thread/INFO]: [Essentials] Found 1 files to convert...
[02:37:21] [Server thread/INFO]: [Essentials] Converted 0/1
[02:37:21] [Server thread/INFO]: [Essentials] Ban format update complete.
[02:37:21] [Server thread/INFO]: [Essentials] Starting usermap repair
[02:37:21] [Server thread/INFO]: [Essentials] Reading: 0.00%
[02:37:21] [Server thread/INFO]: [Essentials] Completed usermap repair.
[02:37:21] [Server thread/INFO]: [Essentials] Using 1.8.3+ BlockStateMeta provider as mob spawner provider.
[02:37:21] [Server thread/INFO]: [Essentials] Using legacy item data provider as spawn egg provider.
[02:37:21] [Server thread/INFO]: [Essentials] Using legacy potion meta provider as potion meta provider.
[02:37:21] [Server thread/ERROR]: [Essentials] Failed to apply custom currency format: modifiers
[02:37:21] [Server thread/INFO]: Using locale en
[02:37:21] [Server thread/INFO]: [Essentials] Using Spigot 1.7.10+ ServerListPingEvent iterator
[02:37:21] [Server thread/INFO]: [Essentials] Starting Metrics. Opt-out using the global bStats config.
[02:37:21] [Server thread/INFO]: [Vault] [Economy] Essentials Economy hooked.
[02:37:21] [Server thread/INFO]: [Essentials] Using Vault based permissions (LuckPerms)
[02:37:21] [Server thread/INFO]: [EconomyShopGUI] Enabling EconomyShopGUI v6.12.2
[02:37:21] [Server thread/INFO]: [EconomyShopGUI] [INFO]: Using lang-en.yml as language file.
[02:37:21] [Server thread/INFO]: [EconomyShopGUI] [INFO]: Completed loading 16 section configs from /sections/
[02:37:21] [Server thread/INFO]: [EconomyShopGUI] [INFO]: Completed loading 16 shop configs from /shops/
[02:37:21] [Server thread/INFO]: [EconomyShopGUI] [INFO]: Updating Shop settings...
[02:37:21] [Server thread/INFO]: [EconomyShopGUI] [INFO]: Successfully hooked into Vault and using Essentials Economy as economy provider
[02:37:21] [Server thread/INFO]: [EconomyShopGUI] [INFO]: Completed loading 1 economy provider(s) for all 14 shop sections.
[02:37:21] [Server thread/INFO]: [EconomyShopGUI] [INFO]: Using minecraft version 1.8.8...
[02:37:21] [Server thread/INFO]: [EconomyShopGUI] [INFO]: Spawner provider set to AUTO in config
[02:37:21] [Server thread/INFO]: [EconomyShopGUI] [INFO]: Automatically searching for compatible spawner provider....
[02:37:21] [Server thread/INFO]: [EconomyShopGUI] [INFO]: Failed to automatically find compatible spawner provider, using default...
[02:37:21] [Server thread/INFO]: [EconomyShopGUI] [DEBUG]: This item material is not supported in this minecraft version.
[02:37:21] [Server thread/INFO]: [EconomyShopGUI] [WARN]: Item path in config.yml: spawner-break-tools.3
[02:37:21] [Server thread/INFO]: [EconomyShopGUI] [INFO]: Debug mode is enabled.
[02:37:21] [Server thread/INFO]: [EconomyShopGUI] [INFO]: Loading all items...
[02:37:21] [Server thread/INFO]: [EconomyShopGUI] [WARN]: Failed to migrate database to new format for TRANSACTIONS_5_2025
[02:37:21] [Server thread/WARN]: java.sql.SQLException: query does not return ResultSet

[02:37:21] [Server thread/WARN]: 	at org.sqlite.Stmt.executeQuery(Stmt.java:124)

[02:37:21] [Server thread/WARN]: 	at me.gypopo.economyshopgui.files.TransactionLog$Database.checkTableConstraints(TransactionLog.java:704)

[02:37:21] [Server thread/WARN]: 	at me.gypopo.economyshopgui.files.TransactionLog$Database.connect(TransactionLog.java:687)

[02:37:21] [Server thread/WARN]: 	at me.gypopo.economyshopgui.files.TransactionLog$Database.<init>(TransactionLog.java:677)

[02:37:21] [Server thread/WARN]: 	at me.gypopo.economyshopgui.files.TransactionLog.setup(TransactionLog.java:64)

[02:37:21] [Server thread/WARN]: 	at me.gypopo.economyshopgui.methodes.SendMessage.init(SendMessage.java:57)

[02:37:21] [Server thread/WARN]: 	at me.gypopo.economyshopgui.methodes.StartupReload.loadItems(StartupReload.java:146)

[02:37:21] [Server thread/WARN]: 	at me.gypopo.economyshopgui.EconomyShopGUI.onEnable(EconomyShopGUI.java:199)

[02:37:21] [Server thread/WARN]: 	at org.bukkit.plugin.java.JavaPlugin.setEnabled(JavaPlugin.java:321)

[02:37:21] [Server thread/WARN]: 	at org.bukkit.plugin.java.JavaPluginLoader.enablePlugin(JavaPluginLoader.java:332)

[02:37:21] [Server thread/WARN]: 	at org.bukkit.plugin.SimplePluginManager.enablePlugin(SimplePluginManager.java:454)

[02:37:21] [Server thread/WARN]: 	at org.bukkit.craftbukkit.v1_8_R3.CraftServer.loadPlugin(CraftServer.java:393)

[02:37:21] [Server thread/WARN]: 	at org.bukkit.craftbukkit.v1_8_R3.CraftServer.enablePlugins(CraftServer.java:352)

[02:37:21] [Server thread/WARN]: 	at org.bukkit.craftbukkit.v1_8_R3.CraftServer.reload(CraftServer.java:805)

[02:37:21] [Server thread/WARN]: 	at org.bukkit.Bukkit.reload(Bukkit.java:573)

[02:37:21] [Server thread/WARN]: 	at org.bukkit.command.defaults.ReloadCommand.execute(ReloadCommand.java:25)

[02:37:21] [Server thread/WARN]: 	at org.bukkit.command.SimpleCommandMap.dispatch(SimpleCommandMap.java:146)

[02:37:21] [Server thread/WARN]: 	at org.bukkit.craftbukkit.v1_8_R3.CraftServer.dispatchCommand(CraftServer.java:700)

[02:37:21] [Server thread/WARN]: 	at org.bukkit.craftbukkit.v1_8_R3.CraftServer.dispatchServerCommand(CraftServer.java:663)

[02:37:21] [Server thread/WARN]: 	at net.minecraft.server.v1_8_R3.DedicatedServer.aO(DedicatedServer.java:450)

[02:37:21] [Server thread/WARN]: 	at net.minecraft.server.v1_8_R3.DedicatedServer.B(DedicatedServer.java:413)

[02:37:21] [Server thread/WARN]: 	at net.minecraft.server.v1_8_R3.MinecraftServer.A(MinecraftServer.java:815)

[02:37:21] [Server thread/WARN]: 	at net.minecraft.server.v1_8_R3.MinecraftServer.run(MinecraftServer.java:648)

[02:37:21] [Server thread/WARN]: 	at net.minecraft.server.v1_8_R3.MinecraftServer.lambda$spin$0(MinecraftServer.java:133)

[02:37:21] [Server thread/WARN]: 	at java.base/java.lang.Thread.run(Thread.java:840)

[02:37:21] [Server thread/INFO]: [EconomyShopGUI] [INFO]: Initialized - Took 267ms to complete
[02:37:22] [Server thread/INFO]: [BetterRTP] Enabling BetterRTP v3.6.13
[02:37:22] [Server thread/INFO]: [BetterRTP] Cooldown = 600
[02:37:22] [Server thread/INFO]: Server permissions file permissions.yml is empty, ignoring it
[02:37:22] [Server thread/INFO]: CONSOLE: Reload complete.
[02:37:22] [Server thread/WARN]: Can't keep up! Is the server overloaded? Running 6130ms or 122 ticks behind
[02:37:22] [Server thread/INFO]: Timings Reset
[02:37:22] [Server thread/INFO]: [ViaVersion] ViaVersion detected server version: 1.8.x (47)
[02:37:22] [Craft Scheduler Thread - 42/ERROR]: [iDisguise] Cannot retrieve the required profile information.
java.lang.NullPointerException: Cannot invoke "org.json.simple.JSONObject.get(Object)" because "object" is null
	at de.robingrether.idisguise.management.profile.ProfileHelperUID.loadGameProfile(ProfileHelperUID.java:77) [iDisguise.jar:?]
	at de.robingrether.idisguise.management.profile.ProfileHelperUID.access$100(ProfileHelperUID.java:34) [iDisguise.jar:?]
	at de.robingrether.idisguise.management.profile.ProfileHelperUID$3.run(ProfileHelperUID.java:227) [iDisguise.jar:?]
	at org.bukkit.craftbukkit.v1_8_R3.scheduler.CraftTask.run(CraftTask.java:59) [patched_1.8.8.jar:git-PandaSpigot-119]
	at org.bukkit.craftbukkit.v1_8_R3.scheduler.CraftAsyncTask.run(CraftAsyncTask.java:53) [patched_1.8.8.jar:git-PandaSpigot-119]
	at org.github.paperspigot.ServerSchedulerReportingWrapper.run(ServerSchedulerReportingWrapper.java:23) [patched_1.8.8.jar:git-PandaSpigot-119]
	at java.util.concurrent.ThreadPoolExecutor.runWorker(ThreadPoolExecutor.java:1136) [?:?]
	at java.util.concurrent.ThreadPoolExecutor$Worker.run(ThreadPoolExecutor.java:635) [?:?]
	at java.lang.Thread.run(Thread.java:840) [?:?]
[02:37:22] [Craft Scheduler Thread - 33/ERROR]: [iDisguise] Cannot retrieve the required profile information.
java.lang.NullPointerException: Cannot invoke "org.json.simple.JSONObject.get(Object)" because "object" is null
	at de.robingrether.idisguise.management.profile.ProfileHelperUID.loadGameProfile(ProfileHelperUID.java:77) [iDisguise.jar:?]
	at de.robingrether.idisguise.management.profile.ProfileHelperUID.access$100(ProfileHelperUID.java:34) [iDisguise.jar:?]
	at de.robingrether.idisguise.management.profile.ProfileHelperUID$3.run(ProfileHelperUID.java:227) [iDisguise.jar:?]
	at org.bukkit.craftbukkit.v1_8_R3.scheduler.CraftTask.run(CraftTask.java:59) [patched_1.8.8.jar:git-PandaSpigot-119]
	at org.bukkit.craftbukkit.v1_8_R3.scheduler.CraftAsyncTask.run(CraftAsyncTask.java:53) [patched_1.8.8.jar:git-PandaSpigot-119]
	at org.github.paperspigot.ServerSchedulerReportingWrapper.run(ServerSchedulerReportingWrapper.java:23) [patched_1.8.8.jar:git-PandaSpigot-119]
	at java.util.concurrent.ThreadPoolExecutor.runWorker(ThreadPoolExecutor.java:1136) [?:?]
	at java.util.concurrent.ThreadPoolExecutor$Worker.run(ThreadPoolExecutor.java:635) [?:?]
	at java.lang.Thread.run(Thread.java:840) [?:?]
[02:37:22] [Craft Scheduler Thread - 51/ERROR]: [iDisguise] Cannot retrieve the required profile information.
java.lang.NullPointerException: Cannot invoke "org.json.simple.JSONObject.get(Object)" because "object" is null
	at de.robingrether.idisguise.management.profile.ProfileHelperUID.loadGameProfile(ProfileHelperUID.java:77) [iDisguise.jar:?]
	at de.robingrether.idisguise.management.profile.ProfileHelperUID.access$100(ProfileHelperUID.java:34) [iDisguise.jar:?]
	at de.robingrether.idisguise.management.profile.ProfileHelperUID$3.run(ProfileHelperUID.java:227) [iDisguise.jar:?]
	at org.bukkit.craftbukkit.v1_8_R3.scheduler.CraftTask.run(CraftTask.java:59) [patched_1.8.8.jar:git-PandaSpigot-119]
	at org.bukkit.craftbukkit.v1_8_R3.scheduler.CraftAsyncTask.run(CraftAsyncTask.java:53) [patched_1.8.8.jar:git-PandaSpigot-119]
	at org.github.paperspigot.ServerSchedulerReportingWrapper.run(ServerSchedulerReportingWrapper.java:23) [patched_1.8.8.jar:git-PandaSpigot-119]
	at java.util.concurrent.ThreadPoolExecutor.runWorker(ThreadPoolExecutor.java:1136) [?:?]
	at java.util.concurrent.ThreadPoolExecutor$Worker.run(ThreadPoolExecutor.java:635) [?:?]
	at java.lang.Thread.run(Thread.java:840) [?:?]
[02:37:22] [Server thread/WARN]: [ViaVersion] This version of Minecraft is extremely outdated and support for it has reached its end of life. You will still be able to run Via on this Minecraft version, but we are unlikely to provide any further fixes or help with problems specific to legacy Minecraft versions. Please consider updating to give your players a better experience and to avoid issues that have long been fixed.
[02:37:22] [Craft Scheduler Thread - 35/ERROR]: [iDisguise] Cannot retrieve the required profile information.
java.lang.NullPointerException: Cannot invoke "org.json.simple.JSONObject.get(Object)" because "object" is null
	at de.robingrether.idisguise.management.profile.ProfileHelperUID.loadGameProfile(ProfileHelperUID.java:77) [iDisguise.jar:?]
	at de.robingrether.idisguise.management.profile.ProfileHelperUID.access$100(ProfileHelperUID.java:34) [iDisguise.jar:?]
	at de.robingrether.idisguise.management.profile.ProfileHelperUID$3.run(ProfileHelperUID.java:227) [iDisguise.jar:?]
	at org.bukkit.craftbukkit.v1_8_R3.scheduler.CraftTask.run(CraftTask.java:59) [patched_1.8.8.jar:git-PandaSpigot-119]
	at org.bukkit.craftbukkit.v1_8_R3.scheduler.CraftAsyncTask.run(CraftAsyncTask.java:53) [patched_1.8.8.jar:git-PandaSpigot-119]
	at org.github.paperspigot.ServerSchedulerReportingWrapper.run(ServerSchedulerReportingWrapper.java:23) [patched_1.8.8.jar:git-PandaSpigot-119]
	at java.util.concurrent.ThreadPoolExecutor.runWorker(ThreadPoolExecutor.java:1136) [?:?]
	at java.util.concurrent.ThreadPoolExecutor$Worker.run(ThreadPoolExecutor.java:635) [?:?]
	at java.lang.Thread.run(Thread.java:840) [?:?]
[02:37:22] [Craft Scheduler Thread - 36/ERROR]: [iDisguise] Cannot retrieve the required profile information.
java.lang.NullPointerException: Cannot invoke "org.json.simple.JSONObject.get(Object)" because "object" is null
	at de.robingrether.idisguise.management.profile.ProfileHelperUID.loadGameProfile(ProfileHelperUID.java:77) [iDisguise.jar:?]
	at de.robingrether.idisguise.management.profile.ProfileHelperUID.access$100(ProfileHelperUID.java:34) [iDisguise.jar:?]
	at de.robingrether.idisguise.management.profile.ProfileHelperUID$3.run(ProfileHelperUID.java:227) [iDisguise.jar:?]
	at org.bukkit.craftbukkit.v1_8_R3.scheduler.CraftTask.run(CraftTask.java:59) [patched_1.8.8.jar:git-PandaSpigot-119]
	at org.bukkit.craftbukkit.v1_8_R3.scheduler.CraftAsyncTask.run(CraftAsyncTask.java:53) [patched_1.8.8.jar:git-PandaSpigot-119]
	at org.github.paperspigot.ServerSchedulerReportingWrapper.run(ServerSchedulerReportingWrapper.java:23) [patched_1.8.8.jar:git-PandaSpigot-119]
	at java.util.concurrent.ThreadPoolExecutor.runWorker(ThreadPoolExecutor.java:1136) [?:?]
	at java.util.concurrent.ThreadPoolExecutor$Worker.run(ThreadPoolExecutor.java:635) [?:?]
	at java.lang.Thread.run(Thread.java:840) [?:?]
[02:37:22] [Craft Scheduler Thread - 34/ERROR]: [iDisguise] Cannot retrieve the required profile information.
java.lang.NullPointerException: Cannot invoke "org.json.simple.JSONObject.get(Object)" because "object" is null
	at de.robingrether.idisguise.management.profile.ProfileHelperUID.loadGameProfile(ProfileHelperUID.java:77) [iDisguise.jar:?]
	at de.robingrether.idisguise.management.profile.ProfileHelperUID.access$100(ProfileHelperUID.java:34) [iDisguise.jar:?]
	at de.robingrether.idisguise.management.profile.ProfileHelperUID$3.run(ProfileHelperUID.java:227) [iDisguise.jar:?]
	at org.bukkit.craftbukkit.v1_8_R3.scheduler.CraftTask.run(CraftTask.java:59) [patched_1.8.8.jar:git-PandaSpigot-119]
	at org.bukkit.craftbukkit.v1_8_R3.scheduler.CraftAsyncTask.run(CraftAsyncTask.java:53) [patched_1.8.8.jar:git-PandaSpigot-119]
	at org.github.paperspigot.ServerSchedulerReportingWrapper.run(ServerSchedulerReportingWrapper.java:23) [patched_1.8.8.jar:git-PandaSpigot-119]
	at java.util.concurrent.ThreadPoolExecutor.runWorker(ThreadPoolExecutor.java:1136) [?:?]
	at java.util.concurrent.ThreadPoolExecutor$Worker.run(ThreadPoolExecutor.java:635) [?:?]
	at java.lang.Thread.run(Thread.java:840) [?:?]
[02:37:22] [Craft Scheduler Thread - 27/ERROR]: [iDisguise] Cannot retrieve the required profile information.
java.lang.NullPointerException: Cannot invoke "org.json.simple.JSONObject.get(Object)" because "object" is null
	at de.robingrether.idisguise.management.profile.ProfileHelperUID.loadGameProfile(ProfileHelperUID.java:77) [iDisguise.jar:?]
	at de.robingrether.idisguise.management.profile.ProfileHelperUID.access$100(ProfileHelperUID.java:34) [iDisguise.jar:?]
	at de.robingrether.idisguise.management.profile.ProfileHelperUID$3.run(ProfileHelperUID.java:227) [iDisguise.jar:?]
	at org.bukkit.craftbukkit.v1_8_R3.scheduler.CraftTask.run(CraftTask.java:59) [patched_1.8.8.jar:git-PandaSpigot-119]
	at org.bukkit.craftbukkit.v1_8_R3.scheduler.CraftAsyncTask.run(CraftAsyncTask.java:53) [patched_1.8.8.jar:git-PandaSpigot-119]
	at org.github.paperspigot.ServerSchedulerReportingWrapper.run(ServerSchedulerReportingWrapper.java:23) [patched_1.8.8.jar:git-PandaSpigot-119]
	at java.util.concurrent.ThreadPoolExecutor.runWorker(ThreadPoolExecutor.java:1136) [?:?]
	at java.util.concurrent.ThreadPoolExecutor$Worker.run(ThreadPoolExecutor.java:635) [?:?]
	at java.lang.Thread.run(Thread.java:840) [?:?]
[02:37:22] [Craft Scheduler Thread - 29/ERROR]: [iDisguise] Cannot retrieve the required profile information.
java.lang.NullPointerException: Cannot invoke "org.json.simple.JSONObject.get(Object)" because "object" is null
	at de.robingrether.idisguise.management.profile.ProfileHelperUID.loadGameProfile(ProfileHelperUID.java:77) [iDisguise.jar:?]
	at de.robingrether.idisguise.management.profile.ProfileHelperUID.access$100(ProfileHelperUID.java:34) [iDisguise.jar:?]
	at de.robingrether.idisguise.management.profile.ProfileHelperUID$3.run(ProfileHelperUID.java:227) [iDisguise.jar:?]
	at org.bukkit.craftbukkit.v1_8_R3.scheduler.CraftTask.run(CraftTask.java:59) [patched_1.8.8.jar:git-PandaSpigot-119]
	at org.bukkit.craftbukkit.v1_8_R3.scheduler.CraftAsyncTask.run(CraftAsyncTask.java:53) [patched_1.8.8.jar:git-PandaSpigot-119]
	at org.github.paperspigot.ServerSchedulerReportingWrapper.run(ServerSchedulerReportingWrapper.java:23) [patched_1.8.8.jar:git-PandaSpigot-119]
	at java.util.concurrent.ThreadPoolExecutor.runWorker(ThreadPoolExecutor.java:1136) [?:?]
	at java.util.concurrent.ThreadPoolExecutor$Worker.run(ThreadPoolExecutor.java:635) [?:?]
	at java.lang.Thread.run(Thread.java:840) [?:?]
[02:37:22] [Craft Scheduler Thread - 53/ERROR]: [iDisguise] Cannot retrieve the required profile information.
java.lang.NullPointerException: Cannot invoke "org.json.simple.JSONObject.get(Object)" because "object" is null
	at de.robingrether.idisguise.management.profile.ProfileHelperUID.loadGameProfile(ProfileHelperUID.java:77) [iDisguise.jar:?]
	at de.robingrether.idisguise.management.profile.ProfileHelperUID.access$100(ProfileHelperUID.java:34) [iDisguise.jar:?]
	at de.robingrether.idisguise.management.profile.ProfileHelperUID$3.run(ProfileHelperUID.java:227) [iDisguise.jar:?]
	at org.bukkit.craftbukkit.v1_8_R3.scheduler.CraftTask.run(CraftTask.java:59) [patched_1.8.8.jar:git-PandaSpigot-119]
	at org.bukkit.craftbukkit.v1_8_R3.scheduler.CraftAsyncTask.run(CraftAsyncTask.java:53) [patched_1.8.8.jar:git-PandaSpigot-119]
	at org.github.paperspigot.ServerSchedulerReportingWrapper.run(ServerSchedulerReportingWrapper.java:23) [patched_1.8.8.jar:git-PandaSpigot-119]
	at java.util.concurrent.ThreadPoolExecutor.runWorker(ThreadPoolExecutor.java:1136) [?:?]
	at java.util.concurrent.ThreadPoolExecutor$Worker.run(ThreadPoolExecutor.java:635) [?:?]
	at java.lang.Thread.run(Thread.java:840) [?:?]
[02:37:22] [Craft Scheduler Thread - 50/ERROR]: [iDisguise] Cannot retrieve the required profile information.
java.lang.NullPointerException: Cannot invoke "org.json.simple.JSONObject.get(Object)" because "object" is null
	at de.robingrether.idisguise.management.profile.ProfileHelperUID.loadGameProfile(ProfileHelperUID.java:77) [iDisguise.jar:?]
	at de.robingrether.idisguise.management.profile.ProfileHelperUID.access$100(ProfileHelperUID.java:34) [iDisguise.jar:?]
	at de.robingrether.idisguise.management.profile.ProfileHelperUID$3.run(ProfileHelperUID.java:227) [iDisguise.jar:?]
	at org.bukkit.craftbukkit.v1_8_R3.scheduler.CraftTask.run(CraftTask.java:59) [patched_1.8.8.jar:git-PandaSpigot-119]
	at org.bukkit.craftbukkit.v1_8_R3.scheduler.CraftAsyncTask.run(CraftAsyncTask.java:53) [patched_1.8.8.jar:git-PandaSpigot-119]
	at org.github.paperspigot.ServerSchedulerReportingWrapper.run(ServerSchedulerReportingWrapper.java:23) [patched_1.8.8.jar:git-PandaSpigot-119]
	at java.util.concurrent.ThreadPoolExecutor.runWorker(ThreadPoolExecutor.java:1136) [?:?]
	at java.util.concurrent.ThreadPoolExecutor$Worker.run(ThreadPoolExecutor.java:635) [?:?]
	at java.lang.Thread.run(Thread.java:840) [?:?]
[02:37:22] [Craft Scheduler Thread - 45/ERROR]: [iDisguise] Cannot retrieve the required profile information.
java.lang.NullPointerException: Cannot invoke "org.json.simple.JSONObject.get(Object)" because "object" is null
	at de.robingrether.idisguise.management.profile.ProfileHelperUID.loadGameProfile(ProfileHelperUID.java:77) [iDisguise.jar:?]
	at de.robingrether.idisguise.management.profile.ProfileHelperUID.access$100(ProfileHelperUID.java:34) [iDisguise.jar:?]
	at de.robingrether.idisguise.management.profile.ProfileHelperUID$3.run(ProfileHelperUID.java:227) [iDisguise.jar:?]
	at org.bukkit.craftbukkit.v1_8_R3.scheduler.CraftTask.run(CraftTask.java:59) [patched_1.8.8.jar:git-PandaSpigot-119]
	at org.bukkit.craftbukkit.v1_8_R3.scheduler.CraftAsyncTask.run(CraftAsyncTask.java:53) [patched_1.8.8.jar:git-PandaSpigot-119]
	at org.github.paperspigot.ServerSchedulerReportingWrapper.run(ServerSchedulerReportingWrapper.java:23) [patched_1.8.8.jar:git-PandaSpigot-119]
	at java.util.concurrent.ThreadPoolExecutor.runWorker(ThreadPoolExecutor.java:1136) [?:?]
	at java.util.concurrent.ThreadPoolExecutor$Worker.run(ThreadPoolExecutor.java:635) [?:?]
	at java.lang.Thread.run(Thread.java:840) [?:?]
[02:37:22] [Craft Scheduler Thread - 41/ERROR]: [iDisguise] Cannot retrieve the required profile information.
java.lang.NullPointerException: Cannot invoke "org.json.simple.JSONObject.get(Object)" because "object" is null
	at de.robingrether.idisguise.management.profile.ProfileHelperUID.loadGameProfile(ProfileHelperUID.java:77) [iDisguise.jar:?]
	at de.robingrether.idisguise.management.profile.ProfileHelperUID.access$100(ProfileHelperUID.java:34) [iDisguise.jar:?]
	at de.robingrether.idisguise.management.profile.ProfileHelperUID$3.run(ProfileHelperUID.java:227) [iDisguise.jar:?]
	at org.bukkit.craftbukkit.v1_8_R3.scheduler.CraftTask.run(CraftTask.java:59) [patched_1.8.8.jar:git-PandaSpigot-119]
	at org.bukkit.craftbukkit.v1_8_R3.scheduler.CraftAsyncTask.run(CraftAsyncTask.java:53) [patched_1.8.8.jar:git-PandaSpigot-119]
	at org.github.paperspigot.ServerSchedulerReportingWrapper.run(ServerSchedulerReportingWrapper.java:23) [patched_1.8.8.jar:git-PandaSpigot-119]
	at java.util.concurrent.ThreadPoolExecutor.runWorker(ThreadPoolExecutor.java:1136) [?:?]
	at java.util.concurrent.ThreadPoolExecutor$Worker.run(ThreadPoolExecutor.java:635) [?:?]
	at java.lang.Thread.run(Thread.java:840) [?:?]
[02:37:22] [Craft Scheduler Thread - 40/ERROR]: [iDisguise] Cannot retrieve the required profile information.
java.lang.NullPointerException: Cannot invoke "org.json.simple.JSONObject.get(Object)" because "object" is null
	at de.robingrether.idisguise.management.profile.ProfileHelperUID.loadGameProfile(ProfileHelperUID.java:77) [iDisguise.jar:?]
	at de.robingrether.idisguise.management.profile.ProfileHelperUID.access$100(ProfileHelperUID.java:34) [iDisguise.jar:?]
	at de.robingrether.idisguise.management.profile.ProfileHelperUID$3.run(ProfileHelperUID.java:227) [iDisguise.jar:?]
	at org.bukkit.craftbukkit.v1_8_R3.scheduler.CraftTask.run(CraftTask.java:59) [patched_1.8.8.jar:git-PandaSpigot-119]
	at org.bukkit.craftbukkit.v1_8_R3.scheduler.CraftAsyncTask.run(CraftAsyncTask.java:53) [patched_1.8.8.jar:git-PandaSpigot-119]
	at org.github.paperspigot.ServerSchedulerReportingWrapper.run(ServerSchedulerReportingWrapper.java:23) [patched_1.8.8.jar:git-PandaSpigot-119]
	at java.util.concurrent.ThreadPoolExecutor.runWorker(ThreadPoolExecutor.java:1136) [?:?]
	at java.util.concurrent.ThreadPoolExecutor$Worker.run(ThreadPoolExecutor.java:635) [?:?]
	at java.lang.Thread.run(Thread.java:840) [?:?]
[02:37:22] [Craft Scheduler Thread - 28/ERROR]: [iDisguise] Cannot retrieve the required profile information.
java.lang.NullPointerException: Cannot invoke "org.json.simple.JSONObject.get(Object)" because "object" is null
	at de.robingrether.idisguise.management.profile.ProfileHelperUID.loadGameProfile(ProfileHelperUID.java:77) [iDisguise.jar:?]
	at de.robingrether.idisguise.management.profile.ProfileHelperUID.access$100(ProfileHelperUID.java:34) [iDisguise.jar:?]
	at de.robingrether.idisguise.management.profile.ProfileHelperUID$3.run(ProfileHelperUID.java:227) [iDisguise.jar:?]
	at org.bukkit.craftbukkit.v1_8_R3.scheduler.CraftTask.run(CraftTask.java:59) [patched_1.8.8.jar:git-PandaSpigot-119]
	at org.bukkit.craftbukkit.v1_8_R3.scheduler.CraftAsyncTask.run(CraftAsyncTask.java:53) [patched_1.8.8.jar:git-PandaSpigot-119]
	at org.github.paperspigot.ServerSchedulerReportingWrapper.run(ServerSchedulerReportingWrapper.java:23) [patched_1.8.8.jar:git-PandaSpigot-119]
	at java.util.concurrent.ThreadPoolExecutor.runWorker(ThreadPoolExecutor.java:1136) [?:?]
	at java.util.concurrent.ThreadPoolExecutor$Worker.run(ThreadPoolExecutor.java:635) [?:?]
	at java.lang.Thread.run(Thread.java:840) [?:?]
[02:37:22] [Craft Scheduler Thread - 51/INFO]: [Vault] Checking for Updates ... 
[02:37:22] [Craft Scheduler Thread - 32/ERROR]: [iDisguise] Cannot retrieve the required profile information.
java.lang.NullPointerException: Cannot invoke "org.json.simple.JSONObject.get(Object)" because "object" is null
	at de.robingrether.idisguise.management.profile.ProfileHelperUID.loadGameProfile(ProfileHelperUID.java:77) [iDisguise.jar:?]
	at de.robingrether.idisguise.management.profile.ProfileHelperUID.access$100(ProfileHelperUID.java:34) [iDisguise.jar:?]
	at de.robingrether.idisguise.management.profile.ProfileHelperUID$3.run(ProfileHelperUID.java:227) [iDisguise.jar:?]
	at org.bukkit.craftbukkit.v1_8_R3.scheduler.CraftTask.run(CraftTask.java:59) [patched_1.8.8.jar:git-PandaSpigot-119]
	at org.bukkit.craftbukkit.v1_8_R3.scheduler.CraftAsyncTask.run(CraftAsyncTask.java:53) [patched_1.8.8.jar:git-PandaSpigot-119]
	at org.github.paperspigot.ServerSchedulerReportingWrapper.run(ServerSchedulerReportingWrapper.java:23) [patched_1.8.8.jar:git-PandaSpigot-119]
	at java.util.concurrent.ThreadPoolExecutor.runWorker(ThreadPoolExecutor.java:1136) [?:?]
	at java.util.concurrent.ThreadPoolExecutor$Worker.run(ThreadPoolExecutor.java:635) [?:?]
	at java.lang.Thread.run(Thread.java:840) [?:?]
[02:37:22] [Craft Scheduler Thread - 52/ERROR]: [iDisguise] Cannot retrieve the required profile information.
java.lang.NullPointerException: Cannot invoke "org.json.simple.JSONObject.get(Object)" because "object" is null
	at de.robingrether.idisguise.management.profile.ProfileHelperUID.loadGameProfile(ProfileHelperUID.java:77) [iDisguise.jar:?]
	at de.robingrether.idisguise.management.profile.ProfileHelperUID.access$100(ProfileHelperUID.java:34) [iDisguise.jar:?]
	at de.robingrether.idisguise.management.profile.ProfileHelperUID$3.run(ProfileHelperUID.java:227) [iDisguise.jar:?]
	at org.bukkit.craftbukkit.v1_8_R3.scheduler.CraftTask.run(CraftTask.java:59) [patched_1.8.8.jar:git-PandaSpigot-119]
	at org.bukkit.craftbukkit.v1_8_R3.scheduler.CraftAsyncTask.run(CraftAsyncTask.java:53) [patched_1.8.8.jar:git-PandaSpigot-119]
	at org.github.paperspigot.ServerSchedulerReportingWrapper.run(ServerSchedulerReportingWrapper.java:23) [patched_1.8.8.jar:git-PandaSpigot-119]
	at java.util.concurrent.ThreadPoolExecutor.runWorker(ThreadPoolExecutor.java:1136) [?:?]
	at java.util.concurrent.ThreadPoolExecutor$Worker.run(ThreadPoolExecutor.java:635) [?:?]
	at java.lang.Thread.run(Thread.java:840) [?:?]
[02:37:22] [Craft Scheduler Thread - 49/ERROR]: [iDisguise] Cannot retrieve the required profile information.
java.lang.NullPointerException: Cannot invoke "org.json.simple.JSONObject.get(Object)" because "object" is null
	at de.robingrether.idisguise.management.profile.ProfileHelperUID.loadGameProfile(ProfileHelperUID.java:77) [iDisguise.jar:?]
	at de.robingrether.idisguise.management.profile.ProfileHelperUID.access$100(ProfileHelperUID.java:34) [iDisguise.jar:?]
	at de.robingrether.idisguise.management.profile.ProfileHelperUID$3.run(ProfileHelperUID.java:227) [iDisguise.jar:?]
	at org.bukkit.craftbukkit.v1_8_R3.scheduler.CraftTask.run(CraftTask.java:59) [patched_1.8.8.jar:git-PandaSpigot-119]
	at org.bukkit.craftbukkit.v1_8_R3.scheduler.CraftAsyncTask.run(CraftAsyncTask.java:53) [patched_1.8.8.jar:git-PandaSpigot-119]
	at org.github.paperspigot.ServerSchedulerReportingWrapper.run(ServerSchedulerReportingWrapper.java:23) [patched_1.8.8.jar:git-PandaSpigot-119]
	at java.util.concurrent.ThreadPoolExecutor.runWorker(ThreadPoolExecutor.java:1136) [?:?]
	at java.util.concurrent.ThreadPoolExecutor$Worker.run(ThreadPoolExecutor.java:635) [?:?]
	at java.lang.Thread.run(Thread.java:840) [?:?]
[02:37:22] [Craft Scheduler Thread - 46/ERROR]: [iDisguise] Cannot retrieve the required profile information.
java.lang.NullPointerException: Cannot invoke "org.json.simple.JSONObject.get(Object)" because "object" is null
	at de.robingrether.idisguise.management.profile.ProfileHelperUID.loadGameProfile(ProfileHelperUID.java:77) [iDisguise.jar:?]
	at de.robingrether.idisguise.management.profile.ProfileHelperUID.access$100(ProfileHelperUID.java:34) [iDisguise.jar:?]
	at de.robingrether.idisguise.management.profile.ProfileHelperUID$3.run(ProfileHelperUID.java:227) [iDisguise.jar:?]
	at org.bukkit.craftbukkit.v1_8_R3.scheduler.CraftTask.run(CraftTask.java:59) [patched_1.8.8.jar:git-PandaSpigot-119]
	at org.bukkit.craftbukkit.v1_8_R3.scheduler.CraftAsyncTask.run(CraftAsyncTask.java:53) [patched_1.8.8.jar:git-PandaSpigot-119]
	at org.github.paperspigot.ServerSchedulerReportingWrapper.run(ServerSchedulerReportingWrapper.java:23) [patched_1.8.8.jar:git-PandaSpigot-119]
	at java.util.concurrent.ThreadPoolExecutor.runWorker(ThreadPoolExecutor.java:1136) [?:?]
	at java.util.concurrent.ThreadPoolExecutor$Worker.run(ThreadPoolExecutor.java:635) [?:?]
	at java.lang.Thread.run(Thread.java:840) [?:?]
[02:37:22] [Craft Scheduler Thread - 54/ERROR]: [iDisguise] Cannot retrieve the required profile information.
java.lang.NullPointerException: Cannot invoke "org.json.simple.JSONObject.get(Object)" because "object" is null
	at de.robingrether.idisguise.management.profile.ProfileHelperUID.loadGameProfile(ProfileHelperUID.java:77) [iDisguise.jar:?]
	at de.robingrether.idisguise.management.profile.ProfileHelperUID.access$100(ProfileHelperUID.java:34) [iDisguise.jar:?]
	at de.robingrether.idisguise.management.profile.ProfileHelperUID$3.run(ProfileHelperUID.java:227) [iDisguise.jar:?]
	at org.bukkit.craftbukkit.v1_8_R3.scheduler.CraftTask.run(CraftTask.java:59) [patched_1.8.8.jar:git-PandaSpigot-119]
	at org.bukkit.craftbukkit.v1_8_R3.scheduler.CraftAsyncTask.run(CraftAsyncTask.java:53) [patched_1.8.8.jar:git-PandaSpigot-119]
	at org.github.paperspigot.ServerSchedulerReportingWrapper.run(ServerSchedulerReportingWrapper.java:23) [patched_1.8.8.jar:git-PandaSpigot-119]
	at java.util.concurrent.ThreadPoolExecutor.runWorker(ThreadPoolExecutor.java:1136) [?:?]
	at java.util.concurrent.ThreadPoolExecutor$Worker.run(ThreadPoolExecutor.java:635) [?:?]
	at java.lang.Thread.run(Thread.java:840) [?:?]
[02:37:22] [Craft Scheduler Thread - 39/ERROR]: [iDisguise] Cannot retrieve the required profile information.
java.lang.NullPointerException: Cannot invoke "org.json.simple.JSONObject.get(Object)" because "object" is null
	at de.robingrether.idisguise.management.profile.ProfileHelperUID.loadGameProfile(ProfileHelperUID.java:77) [iDisguise.jar:?]
	at de.robingrether.idisguise.management.profile.ProfileHelperUID.access$100(ProfileHelperUID.java:34) [iDisguise.jar:?]
	at de.robingrether.idisguise.management.profile.ProfileHelperUID$3.run(ProfileHelperUID.java:227) [iDisguise.jar:?]
	at org.bukkit.craftbukkit.v1_8_R3.scheduler.CraftTask.run(CraftTask.java:59) [patched_1.8.8.jar:git-PandaSpigot-119]
	at org.bukkit.craftbukkit.v1_8_R3.scheduler.CraftAsyncTask.run(CraftAsyncTask.java:53) [patched_1.8.8.jar:git-PandaSpigot-119]
	at org.github.paperspigot.ServerSchedulerReportingWrapper.run(ServerSchedulerReportingWrapper.java:23) [patched_1.8.8.jar:git-PandaSpigot-119]
	at java.util.concurrent.ThreadPoolExecutor.runWorker(ThreadPoolExecutor.java:1136) [?:?]
	at java.util.concurrent.ThreadPoolExecutor$Worker.run(ThreadPoolExecutor.java:635) [?:?]
	at java.lang.Thread.run(Thread.java:840) [?:?]
[02:37:22] [Craft Scheduler Thread - 33/INFO]: [ViaVersion] Finished mapping loading, shutting down loader executor!
[02:37:22] [Craft Scheduler Thread - 55/ERROR]: [iDisguise] Cannot retrieve the required profile information.
java.lang.NullPointerException: Cannot invoke "org.json.simple.JSONObject.get(Object)" because "object" is null
	at de.robingrether.idisguise.management.profile.ProfileHelperUID.loadGameProfile(ProfileHelperUID.java:77) [iDisguise.jar:?]
	at de.robingrether.idisguise.management.profile.ProfileHelperUID.access$100(ProfileHelperUID.java:34) [iDisguise.jar:?]
	at de.robingrether.idisguise.management.profile.ProfileHelperUID$3.run(ProfileHelperUID.java:227) [iDisguise.jar:?]
	at org.bukkit.craftbukkit.v1_8_R3.scheduler.CraftTask.run(CraftTask.java:59) [patched_1.8.8.jar:git-PandaSpigot-119]
	at org.bukkit.craftbukkit.v1_8_R3.scheduler.CraftAsyncTask.run(CraftAsyncTask.java:53) [patched_1.8.8.jar:git-PandaSpigot-119]
	at org.github.paperspigot.ServerSchedulerReportingWrapper.run(ServerSchedulerReportingWrapper.java:23) [patched_1.8.8.jar:git-PandaSpigot-119]
	at java.util.concurrent.ThreadPoolExecutor.runWorker(ThreadPoolExecutor.java:1136) [?:?]
	at java.util.concurrent.ThreadPoolExecutor$Worker.run(ThreadPoolExecutor.java:635) [?:?]
	at java.lang.Thread.run(Thread.java:840) [?:?]
[02:37:22] [Craft Scheduler Thread - 53/ERROR]: [iDisguise] Cannot retrieve the required profile information.
java.lang.NullPointerException: Cannot invoke "org.json.simple.JSONObject.get(Object)" because "object" is null
	at de.robingrether.idisguise.management.profile.ProfileHelperUID.loadGameProfile(ProfileHelperUID.java:77) [iDisguise.jar:?]
	at de.robingrether.idisguise.management.profile.ProfileHelperUID.access$100(ProfileHelperUID.java:34) [iDisguise.jar:?]
	at de.robingrether.idisguise.management.profile.ProfileHelperUID$3.run(ProfileHelperUID.java:227) [iDisguise.jar:?]
	at org.bukkit.craftbukkit.v1_8_R3.scheduler.CraftTask.run(CraftTask.java:59) [patched_1.8.8.jar:git-PandaSpigot-119]
	at org.bukkit.craftbukkit.v1_8_R3.scheduler.CraftAsyncTask.run(CraftAsyncTask.java:53) [patched_1.8.8.jar:git-PandaSpigot-119]
	at org.github.paperspigot.ServerSchedulerReportingWrapper.run(ServerSchedulerReportingWrapper.java:23) [patched_1.8.8.jar:git-PandaSpigot-119]
	at java.util.concurrent.ThreadPoolExecutor.runWorker(ThreadPoolExecutor.java:1136) [?:?]
	at java.util.concurrent.ThreadPoolExecutor$Worker.run(ThreadPoolExecutor.java:635) [?:?]
	at java.lang.Thread.run(Thread.java:840) [?:?]
[02:37:22] [Craft Scheduler Thread - 38/ERROR]: [iDisguise] Cannot retrieve the required profile information.
java.lang.NullPointerException: Cannot invoke "org.json.simple.JSONObject.get(Object)" because "object" is null
	at de.robingrether.idisguise.management.profile.ProfileHelperUID.loadGameProfile(ProfileHelperUID.java:77) [iDisguise.jar:?]
	at de.robingrether.idisguise.management.profile.ProfileHelperUID.access$100(ProfileHelperUID.java:34) [iDisguise.jar:?]
	at de.robingrether.idisguise.management.profile.ProfileHelperUID$3.run(ProfileHelperUID.java:227) [iDisguise.jar:?]
	at org.bukkit.craftbukkit.v1_8_R3.scheduler.CraftTask.run(CraftTask.java:59) [patched_1.8.8.jar:git-PandaSpigot-119]
	at org.bukkit.craftbukkit.v1_8_R3.scheduler.CraftAsyncTask.run(CraftAsyncTask.java:53) [patched_1.8.8.jar:git-PandaSpigot-119]
	at org.github.paperspigot.ServerSchedulerReportingWrapper.run(ServerSchedulerReportingWrapper.java:23) [patched_1.8.8.jar:git-PandaSpigot-119]
	at java.util.concurrent.ThreadPoolExecutor.runWorker(ThreadPoolExecutor.java:1136) [?:?]
	at java.util.concurrent.ThreadPoolExecutor$Worker.run(ThreadPoolExecutor.java:635) [?:?]
	at java.lang.Thread.run(Thread.java:840) [?:?]
[02:37:22] [Craft Scheduler Thread - 17/ERROR]: [iDisguise] Cannot retrieve the required profile information.
java.lang.NullPointerException: Cannot invoke "org.json.simple.JSONObject.get(Object)" because "object" is null
	at de.robingrether.idisguise.management.profile.ProfileHelperUID.loadGameProfile(ProfileHelperUID.java:77) [iDisguise.jar:?]
	at de.robingrether.idisguise.management.profile.ProfileHelperUID.access$100(ProfileHelperUID.java:34) [iDisguise.jar:?]
	at de.robingrether.idisguise.management.profile.ProfileHelperUID$3.run(ProfileHelperUID.java:227) [iDisguise.jar:?]
	at org.bukkit.craftbukkit.v1_8_R3.scheduler.CraftTask.run(CraftTask.java:59) [patched_1.8.8.jar:git-PandaSpigot-119]
	at org.bukkit.craftbukkit.v1_8_R3.scheduler.CraftAsyncTask.run(CraftAsyncTask.java:53) [patched_1.8.8.jar:git-PandaSpigot-119]
	at org.github.paperspigot.ServerSchedulerReportingWrapper.run(ServerSchedulerReportingWrapper.java:23) [patched_1.8.8.jar:git-PandaSpigot-119]
	at java.util.concurrent.ThreadPoolExecutor.runWorker(ThreadPoolExecutor.java:1136) [?:?]
	at java.util.concurrent.ThreadPoolExecutor$Worker.run(ThreadPoolExecutor.java:635) [?:?]
	at java.lang.Thread.run(Thread.java:840) [?:?]
[02:37:22] [Craft Scheduler Thread - 45/ERROR]: [iDisguise] Cannot retrieve the required profile information.
java.lang.NullPointerException: Cannot invoke "org.json.simple.JSONObject.get(Object)" because "object" is null
	at de.robingrether.idisguise.management.profile.ProfileHelperUID.loadGameProfile(ProfileHelperUID.java:77) [iDisguise.jar:?]
	at de.robingrether.idisguise.management.profile.ProfileHelperUID.access$100(ProfileHelperUID.java:34) [iDisguise.jar:?]
	at de.robingrether.idisguise.management.profile.ProfileHelperUID$3.run(ProfileHelperUID.java:227) [iDisguise.jar:?]
	at org.bukkit.craftbukkit.v1_8_R3.scheduler.CraftTask.run(CraftTask.java:59) [patched_1.8.8.jar:git-PandaSpigot-119]
	at org.bukkit.craftbukkit.v1_8_R3.scheduler.CraftAsyncTask.run(CraftAsyncTask.java:53) [patched_1.8.8.jar:git-PandaSpigot-119]
	at org.github.paperspigot.ServerSchedulerReportingWrapper.run(ServerSchedulerReportingWrapper.java:23) [patched_1.8.8.jar:git-PandaSpigot-119]
	at java.util.concurrent.ThreadPoolExecutor.runWorker(ThreadPoolExecutor.java:1136) [?:?]
	at java.util.concurrent.ThreadPoolExecutor$Worker.run(ThreadPoolExecutor.java:635) [?:?]
	at java.lang.Thread.run(Thread.java:840) [?:?]
[02:37:22] [Craft Scheduler Thread - 43/ERROR]: [iDisguise] Cannot retrieve the required profile information.
java.lang.NullPointerException: Cannot invoke "org.json.simple.JSONObject.get(Object)" because "object" is null
	at de.robingrether.idisguise.management.profile.ProfileHelperUID.loadGameProfile(ProfileHelperUID.java:77) [iDisguise.jar:?]
	at de.robingrether.idisguise.management.profile.ProfileHelperUID.access$100(ProfileHelperUID.java:34) [iDisguise.jar:?]
	at de.robingrether.idisguise.management.profile.ProfileHelperUID$3.run(ProfileHelperUID.java:227) [iDisguise.jar:?]
	at org.bukkit.craftbukkit.v1_8_R3.scheduler.CraftTask.run(CraftTask.java:59) [patched_1.8.8.jar:git-PandaSpigot-119]
	at org.bukkit.craftbukkit.v1_8_R3.scheduler.CraftAsyncTask.run(CraftAsyncTask.java:53) [patched_1.8.8.jar:git-PandaSpigot-119]
	at org.github.paperspigot.ServerSchedulerReportingWrapper.run(ServerSchedulerReportingWrapper.java:23) [patched_1.8.8.jar:git-PandaSpigot-119]
	at java.util.concurrent.ThreadPoolExecutor.runWorker(ThreadPoolExecutor.java:1136) [?:?]
	at java.util.concurrent.ThreadPoolExecutor$Worker.run(ThreadPoolExecutor.java:635) [?:?]
	at java.lang.Thread.run(Thread.java:840) [?:?]
[02:37:22] [Craft Scheduler Thread - 48/ERROR]: [iDisguise] Cannot retrieve the required profile information.
java.lang.NullPointerException: Cannot invoke "org.json.simple.JSONObject.get(Object)" because "object" is null
	at de.robingrether.idisguise.management.profile.ProfileHelperUID.loadGameProfile(ProfileHelperUID.java:77) [iDisguise.jar:?]
	at de.robingrether.idisguise.management.profile.ProfileHelperUID.access$100(ProfileHelperUID.java:34) [iDisguise.jar:?]
	at de.robingrether.idisguise.management.profile.ProfileHelperUID$3.run(ProfileHelperUID.java:227) [iDisguise.jar:?]
	at org.bukkit.craftbukkit.v1_8_R3.scheduler.CraftTask.run(CraftTask.java:59) [patched_1.8.8.jar:git-PandaSpigot-119]
	at org.bukkit.craftbukkit.v1_8_R3.scheduler.CraftAsyncTask.run(CraftAsyncTask.java:53) [patched_1.8.8.jar:git-PandaSpigot-119]
	at org.github.paperspigot.ServerSchedulerReportingWrapper.run(ServerSchedulerReportingWrapper.java:23) [patched_1.8.8.jar:git-PandaSpigot-119]
	at java.util.concurrent.ThreadPoolExecutor.runWorker(ThreadPoolExecutor.java:1136) [?:?]
	at java.util.concurrent.ThreadPoolExecutor$Worker.run(ThreadPoolExecutor.java:635) [?:?]
	at java.lang.Thread.run(Thread.java:840) [?:?]
[02:37:22] [Craft Scheduler Thread - 19/ERROR]: [iDisguise] Cannot retrieve the required profile information.
java.lang.NullPointerException: Cannot invoke "org.json.simple.JSONObject.get(Object)" because "object" is null
	at de.robingrether.idisguise.management.profile.ProfileHelperUID.loadGameProfile(ProfileHelperUID.java:77) [iDisguise.jar:?]
	at de.robingrether.idisguise.management.profile.ProfileHelperUID.access$100(ProfileHelperUID.java:34) [iDisguise.jar:?]
	at de.robingrether.idisguise.management.profile.ProfileHelperUID$3.run(ProfileHelperUID.java:227) [iDisguise.jar:?]
	at org.bukkit.craftbukkit.v1_8_R3.scheduler.CraftTask.run(CraftTask.java:59) [patched_1.8.8.jar:git-PandaSpigot-119]
	at org.bukkit.craftbukkit.v1_8_R3.scheduler.CraftAsyncTask.run(CraftAsyncTask.java:53) [patched_1.8.8.jar:git-PandaSpigot-119]
	at org.github.paperspigot.ServerSchedulerReportingWrapper.run(ServerSchedulerReportingWrapper.java:23) [patched_1.8.8.jar:git-PandaSpigot-119]
	at java.util.concurrent.ThreadPoolExecutor.runWorker(ThreadPoolExecutor.java:1136) [?:?]
	at java.util.concurrent.ThreadPoolExecutor$Worker.run(ThreadPoolExecutor.java:635) [?:?]
	at java.lang.Thread.run(Thread.java:840) [?:?]
[02:37:22] [Craft Scheduler Thread - 44/ERROR]: [iDisguise] Cannot retrieve the required profile information.
java.lang.NullPointerException: Cannot invoke "org.json.simple.JSONObject.get(Object)" because "object" is null
	at de.robingrether.idisguise.management.profile.ProfileHelperUID.loadGameProfile(ProfileHelperUID.java:77) [iDisguise.jar:?]
	at de.robingrether.idisguise.management.profile.ProfileHelperUID.access$100(ProfileHelperUID.java:34) [iDisguise.jar:?]
	at de.robingrether.idisguise.management.profile.ProfileHelperUID$3.run(ProfileHelperUID.java:227) [iDisguise.jar:?]
	at org.bukkit.craftbukkit.v1_8_R3.scheduler.CraftTask.run(CraftTask.java:59) [patched_1.8.8.jar:git-PandaSpigot-119]
	at org.bukkit.craftbukkit.v1_8_R3.scheduler.CraftAsyncTask.run(CraftAsyncTask.java:53) [patched_1.8.8.jar:git-PandaSpigot-119]
	at org.github.paperspigot.ServerSchedulerReportingWrapper.run(ServerSchedulerReportingWrapper.java:23) [patched_1.8.8.jar:git-PandaSpigot-119]
	at java.util.concurrent.ThreadPoolExecutor.runWorker(ThreadPoolExecutor.java:1136) [?:?]
	at java.util.concurrent.ThreadPoolExecutor$Worker.run(ThreadPoolExecutor.java:635) [?:?]
	at java.lang.Thread.run(Thread.java:840) [?:?]
[02:37:22] [Craft Scheduler Thread - 47/ERROR]: [iDisguise] Cannot retrieve the required profile information.
java.lang.NullPointerException: Cannot invoke "org.json.simple.JSONObject.get(Object)" because "object" is null
	at de.robingrether.idisguise.management.profile.ProfileHelperUID.loadGameProfile(ProfileHelperUID.java:77) [iDisguise.jar:?]
	at de.robingrether.idisguise.management.profile.ProfileHelperUID.access$100(ProfileHelperUID.java:34) [iDisguise.jar:?]
	at de.robingrether.idisguise.management.profile.ProfileHelperUID$3.run(ProfileHelperUID.java:227) [iDisguise.jar:?]
	at org.bukkit.craftbukkit.v1_8_R3.scheduler.CraftTask.run(CraftTask.java:59) [patched_1.8.8.jar:git-PandaSpigot-119]
	at org.bukkit.craftbukkit.v1_8_R3.scheduler.CraftAsyncTask.run(CraftAsyncTask.java:53) [patched_1.8.8.jar:git-PandaSpigot-119]
	at org.github.paperspigot.ServerSchedulerReportingWrapper.run(ServerSchedulerReportingWrapper.java:23) [patched_1.8.8.jar:git-PandaSpigot-119]
	at java.util.concurrent.ThreadPoolExecutor.runWorker(ThreadPoolExecutor.java:1136) [?:?]
	at java.util.concurrent.ThreadPoolExecutor$Worker.run(ThreadPoolExecutor.java:635) [?:?]
	at java.lang.Thread.run(Thread.java:840) [?:?]
[02:37:22] [Craft Scheduler Thread - 40/ERROR]: [iDisguise] Cannot retrieve the required profile information.
java.lang.NullPointerException: Cannot invoke "org.json.simple.JSONObject.get(Object)" because "object" is null
	at de.robingrether.idisguise.management.profile.ProfileHelperUID.loadGameProfile(ProfileHelperUID.java:77) [iDisguise.jar:?]
	at de.robingrether.idisguise.management.profile.ProfileHelperUID.access$100(ProfileHelperUID.java:34) [iDisguise.jar:?]
	at de.robingrether.idisguise.management.profile.ProfileHelperUID$3.run(ProfileHelperUID.java:227) [iDisguise.jar:?]
	at org.bukkit.craftbukkit.v1_8_R3.scheduler.CraftTask.run(CraftTask.java:59) [patched_1.8.8.jar:git-PandaSpigot-119]
	at org.bukkit.craftbukkit.v1_8_R3.scheduler.CraftAsyncTask.run(CraftAsyncTask.java:53) [patched_1.8.8.jar:git-PandaSpigot-119]
	at org.github.paperspigot.ServerSchedulerReportingWrapper.run(ServerSchedulerReportingWrapper.java:23) [patched_1.8.8.jar:git-PandaSpigot-119]
	at java.util.concurrent.ThreadPoolExecutor.runWorker(ThreadPoolExecutor.java:1136) [?:?]
	at java.util.concurrent.ThreadPoolExecutor$Worker.run(ThreadPoolExecutor.java:635) [?:?]
	at java.lang.Thread.run(Thread.java:840) [?:?]
[02:37:22] [Craft Scheduler Thread - 29/ERROR]: [iDisguise] Cannot retrieve the required profile information.
java.lang.NullPointerException: Cannot invoke "org.json.simple.JSONObject.get(Object)" because "object" is null
	at de.robingrether.idisguise.management.profile.ProfileHelperUID.loadGameProfile(ProfileHelperUID.java:77) [iDisguise.jar:?]
	at de.robingrether.idisguise.management.profile.ProfileHelperUID.access$100(ProfileHelperUID.java:34) [iDisguise.jar:?]
	at de.robingrether.idisguise.management.profile.ProfileHelperUID$3.run(ProfileHelperUID.java:227) [iDisguise.jar:?]
	at org.bukkit.craftbukkit.v1_8_R3.scheduler.CraftTask.run(CraftTask.java:59) [patched_1.8.8.jar:git-PandaSpigot-119]
	at org.bukkit.craftbukkit.v1_8_R3.scheduler.CraftAsyncTask.run(CraftAsyncTask.java:53) [patched_1.8.8.jar:git-PandaSpigot-119]
	at org.github.paperspigot.ServerSchedulerReportingWrapper.run(ServerSchedulerReportingWrapper.java:23) [patched_1.8.8.jar:git-PandaSpigot-119]
	at java.util.concurrent.ThreadPoolExecutor.runWorker(ThreadPoolExecutor.java:1136) [?:?]
	at java.util.concurrent.ThreadPoolExecutor$Worker.run(ThreadPoolExecutor.java:635) [?:?]
	at java.lang.Thread.run(Thread.java:840) [?:?]
[02:37:22] [Server thread/WARN]: [ViaVersion] There is a newer plugin version available: 5.3.2, you're on: 5.0.0
[02:37:22] [Craft Scheduler Thread - 28/ERROR]: [iDisguise] Cannot retrieve the required profile information.
java.lang.NullPointerException: Cannot invoke "org.json.simple.JSONObject.get(Object)" because "object" is null
	at de.robingrether.idisguise.management.profile.ProfileHelperUID.loadGameProfile(ProfileHelperUID.java:77) [iDisguise.jar:?]
	at de.robingrether.idisguise.management.profile.ProfileHelperUID.access$100(ProfileHelperUID.java:34) [iDisguise.jar:?]
	at de.robingrether.idisguise.management.profile.ProfileHelperUID$3.run(ProfileHelperUID.java:227) [iDisguise.jar:?]
	at org.bukkit.craftbukkit.v1_8_R3.scheduler.CraftTask.run(CraftTask.java:59) [patched_1.8.8.jar:git-PandaSpigot-119]
	at org.bukkit.craftbukkit.v1_8_R3.scheduler.CraftAsyncTask.run(CraftAsyncTask.java:53) [patched_1.8.8.jar:git-PandaSpigot-119]
	at org.github.paperspigot.ServerSchedulerReportingWrapper.run(ServerSchedulerReportingWrapper.java:23) [patched_1.8.8.jar:git-PandaSpigot-119]
	at java.util.concurrent.ThreadPoolExecutor.runWorker(ThreadPoolExecutor.java:1136) [?:?]
	at java.util.concurrent.ThreadPoolExecutor$Worker.run(ThreadPoolExecutor.java:635) [?:?]
	at java.lang.Thread.run(Thread.java:840) [?:?]
[02:37:22] [Craft Scheduler Thread - 41/ERROR]: [iDisguise] Cannot retrieve the required profile information.
java.lang.NullPointerException: Cannot invoke "org.json.simple.JSONObject.get(Object)" because "object" is null
	at de.robingrether.idisguise.management.profile.ProfileHelperUID.loadGameProfile(ProfileHelperUID.java:77) [iDisguise.jar:?]
	at de.robingrether.idisguise.management.profile.ProfileHelperUID.access$100(ProfileHelperUID.java:34) [iDisguise.jar:?]
	at de.robingrether.idisguise.management.profile.ProfileHelperUID$3.run(ProfileHelperUID.java:227) [iDisguise.jar:?]
	at org.bukkit.craftbukkit.v1_8_R3.scheduler.CraftTask.run(CraftTask.java:59) [patched_1.8.8.jar:git-PandaSpigot-119]
	at org.bukkit.craftbukkit.v1_8_R3.scheduler.CraftAsyncTask.run(CraftAsyncTask.java:53) [patched_1.8.8.jar:git-PandaSpigot-119]
	at org.github.paperspigot.ServerSchedulerReportingWrapper.run(ServerSchedulerReportingWrapper.java:23) [patched_1.8.8.jar:git-PandaSpigot-119]
	at java.util.concurrent.ThreadPoolExecutor.runWorker(ThreadPoolExecutor.java:1136) [?:?]
	at java.util.concurrent.ThreadPoolExecutor$Worker.run(ThreadPoolExecutor.java:635) [?:?]
	at java.lang.Thread.run(Thread.java:840) [?:?]
[02:37:22] [Craft Scheduler Thread - 51/INFO]: [Vault] No new version available
[02:37:22] [Craft Scheduler Thread - 35/ERROR]: [iDisguise] Cannot retrieve the required profile information.
java.lang.NullPointerException: Cannot invoke "org.json.simple.JSONObject.get(Object)" because "object" is null
	at de.robingrether.idisguise.management.profile.ProfileHelperUID.loadGameProfile(ProfileHelperUID.java:77) [iDisguise.jar:?]
	at de.robingrether.idisguise.management.profile.ProfileHelperUID.access$100(ProfileHelperUID.java:34) [iDisguise.jar:?]
	at de.robingrether.idisguise.management.profile.ProfileHelperUID$3.run(ProfileHelperUID.java:227) [iDisguise.jar:?]
	at org.bukkit.craftbukkit.v1_8_R3.scheduler.CraftTask.run(CraftTask.java:59) [patched_1.8.8.jar:git-PandaSpigot-119]
	at org.bukkit.craftbukkit.v1_8_R3.scheduler.CraftAsyncTask.run(CraftAsyncTask.java:53) [patched_1.8.8.jar:git-PandaSpigot-119]
	at org.github.paperspigot.ServerSchedulerReportingWrapper.run(ServerSchedulerReportingWrapper.java:23) [patched_1.8.8.jar:git-PandaSpigot-119]
	at java.util.concurrent.ThreadPoolExecutor.runWorker(ThreadPoolExecutor.java:1136) [?:?]
	at java.util.concurrent.ThreadPoolExecutor$Worker.run(ThreadPoolExecutor.java:635) [?:?]
	at java.lang.Thread.run(Thread.java:840) [?:?]
[02:37:22] [Craft Scheduler Thread - 34/ERROR]: [iDisguise] Cannot retrieve the required profile information.
java.lang.NullPointerException: Cannot invoke "org.json.simple.JSONObject.get(Object)" because "object" is null
	at de.robingrether.idisguise.management.profile.ProfileHelperUID.loadGameProfile(ProfileHelperUID.java:77) [iDisguise.jar:?]
	at de.robingrether.idisguise.management.profile.ProfileHelperUID.access$100(ProfileHelperUID.java:34) [iDisguise.jar:?]
	at de.robingrether.idisguise.management.profile.ProfileHelperUID$3.run(ProfileHelperUID.java:227) [iDisguise.jar:?]
	at org.bukkit.craftbukkit.v1_8_R3.scheduler.CraftTask.run(CraftTask.java:59) [patched_1.8.8.jar:git-PandaSpigot-119]
	at org.bukkit.craftbukkit.v1_8_R3.scheduler.CraftAsyncTask.run(CraftAsyncTask.java:53) [patched_1.8.8.jar:git-PandaSpigot-119]
	at org.github.paperspigot.ServerSchedulerReportingWrapper.run(ServerSchedulerReportingWrapper.java:23) [patched_1.8.8.jar:git-PandaSpigot-119]
	at java.util.concurrent.ThreadPoolExecutor.runWorker(ThreadPoolExecutor.java:1136) [?:?]
	at java.util.concurrent.ThreadPoolExecutor$Worker.run(ThreadPoolExecutor.java:635) [?:?]
	at java.lang.Thread.run(Thread.java:840) [?:?]
[02:37:29] [Netty Server IO #0/WARN]: [BungeeGuard] Denying connection from 0:0:0:0:0:0:0:1 -  - reason: NO_TOKEN
[02:37:29] [Server thread/INFO]: /[0:0:0:0:0:0:0:1]:54822 lost connection: [BungeeGuard]

Please install BungeeGuard+ on all servers
to finish securing your proxy setup.

More information:
docs.nickuc.com/bungeeguard
[02:37:34] [Netty Server IO #1/WARN]: [BungeeGuard] Denying connection from 0:0:0:0:0:0:0:1 -  - reason: NO_TOKEN
[02:37:34] [Server thread/INFO]: /[0:0:0:0:0:0:0:1]:54838 lost connection: [BungeeGuard]

Please install BungeeGuard+ on all servers
to finish securing your proxy setup.

More information:
docs.nickuc.com/bungeeguard
[02:37:39] [Netty Server IO #2/WARN]: [BungeeGuard] Denying connection from 0:0:0:0:0:0:0:1 -  - reason: NO_TOKEN
[02:37:39] [Server thread/INFO]: /[0:0:0:0:0:0:0:1]:35062 lost connection: [BungeeGuard]

Please install BungeeGuard+ on all servers
to finish securing your proxy setup.

More information:
docs.nickuc.com/bungeeguard
[02:37:44] [Netty Server IO #3/WARN]: [BungeeGuard] Denying connection from 0:0:0:0:0:0:0:1 -  - reason: NO_TOKEN
[02:37:44] [Server thread/INFO]: /[0:0:0:0:0:0:0:1]:35068 lost connection: [BungeeGuard]

Please install BungeeGuard+ on all servers
to finish securing your proxy setup.

More information:
docs.nickuc.com/bungeeguard
[02:37:49] [Netty Server IO #0/WARN]: [BungeeGuard] Denying connection from 0:0:0:0:0:0:0:1 -  - reason: NO_TOKEN
[02:37:49] [Server thread/INFO]: /[0:0:0:0:0:0:0:1]:46812 lost connection: [BungeeGuard]

Please install BungeeGuard+ on all servers
to finish securing your proxy setup.

More information:
docs.nickuc.com/bungeeguard
[02:37:54] [Netty Server IO #1/WARN]: [BungeeGuard] Denying connection from 0:0:0:0:0:0:0:1 -  - reason: NO_TOKEN
[02:37:54] [Server thread/INFO]: /[0:0:0:0:0:0:0:1]:46824 lost connection: [BungeeGuard]

Please install BungeeGuard+ on all servers
to finish securing your proxy setup.

More information:
docs.nickuc.com/bungeeguard
[02:37:59] [Netty Server IO #2/WARN]: [BungeeGuard] Denying connection from 0:0:0:0:0:0:0:1 -  - reason: NO_TOKEN
[02:37:59] [Server thread/INFO]: /[0:0:0:0:0:0:0:1]:51722 lost connection: [BungeeGuard]

Please install BungeeGuard+ on all servers
to finish securing your proxy setup.

More information:
docs.nickuc.com/bungeeguard
[02:38:04] [Netty Server IO #3/WARN]: [BungeeGuard] Denying connection from 0:0:0:0:0:0:0:1 -  - reason: NO_TOKEN
[02:38:04] [Server thread/INFO]: /[0:0:0:0:0:0:0:1]:51738 lost connection: [BungeeGuard]

Please install BungeeGuard+ on all servers
to finish securing your proxy setup.

More information:
docs.nickuc.com/bungeeguard
[02:38:09] [Netty Server IO #0/WARN]: [BungeeGuard] Denying connection from 0:0:0:0:0:0:0:1 -  - reason: NO_TOKEN
[02:38:09] [Server thread/INFO]: /[0:0:0:0:0:0:0:1]:47338 lost connection: [BungeeGuard]

Please install BungeeGuard+ on all servers
to finish securing your proxy setup.

More information:
docs.nickuc.com/bungeeguard
[02:38:14] [Netty Server IO #1/WARN]: [BungeeGuard] Denying connection from 0:0:0:0:0:0:0:1 -  - reason: NO_TOKEN
[02:38:14] [Server thread/INFO]: /[0:0:0:0:0:0:0:1]:47346 lost connection: [BungeeGuard]

Please install BungeeGuard+ on all servers
to finish securing your proxy setup.

More information:
docs.nickuc.com/bungeeguard
[02:38:19] [Netty Server IO #2/WARN]: [BungeeGuard] Denying connection from 0:0:0:0:0:0:0:1 -  - reason: NO_TOKEN
[02:38:19] [Server thread/INFO]: /[0:0:0:0:0:0:0:1]:59644 lost connection: [BungeeGuard]

Please install BungeeGuard+ on all servers
to finish securing your proxy setup.

More information:
docs.nickuc.com/bungeeguard
[02:38:22] [Server thread/INFO]: CONSOLE: Please note that this command is not supported and may cause issues when using some plugins.
[02:38:22] [Server thread/INFO]: CONSOLE: If you encounter any issues please use the /stop command to restart your server.
[02:38:22] [Server thread/INFO]: Debug logging is disabled
[02:38:22] [Server thread/INFO]: Spigot Timings: true - Verbose: true - Interval: 5m - Length: 60m
[02:38:22] [Server thread/INFO]: Server Ping Player Sample Count: 12

[02:38:22] [Server thread/INFO]: Using 4 threads for Netty based IO
[02:38:22] [Server thread/INFO]: Data value allowed items: 
[02:38:22] [Server thread/INFO]: -------- World Settings For [world] --------
[02:38:22] [Server thread/INFO]: Chunks to Grow per Tick: 650
[02:38:22] [Server thread/INFO]: Clear tick list: false
[02:38:22] [Server thread/INFO]: Experience Merge Radius: 3.0
[02:38:22] [Server thread/INFO]: Mob Spawn Range: 4
[02:38:22] [Server thread/INFO]: Anti X-Ray: true
[02:38:22] [Server thread/INFO]: 	Engine Mode: 1
[02:38:22] [Server thread/INFO]: 	Hidden Blocks: [14, 15, 16, 21, 48, 49, 54, 56, 73, 74, 82, 129, 130]
[02:38:22] [Server thread/INFO]: 	Replace Blocks: [1, 5]
[02:38:22] [Server thread/INFO]: Nerfing mobs spawned from spawners: false
[02:38:22] [Server thread/INFO]: Cactus Growth Modifier: 100%
[02:38:22] [Server thread/INFO]: Cane Growth Modifier: 100%
[02:38:22] [Server thread/INFO]: Melon Growth Modifier: 100%
[02:38:22] [Server thread/INFO]: Mushroom Growth Modifier: 100%
[02:38:22] [Server thread/INFO]: Pumpkin Growth Modifier: 100%
[02:38:22] [Server thread/INFO]: Sapling Growth Modifier: 100%
[02:38:22] [Server thread/INFO]: Wheat Growth Modifier: 100%
[02:38:22] [Server thread/INFO]: NetherWart Growth Modifier: 100%
[02:38:22] [Server thread/INFO]: Entity Activation Range: An 32 / Mo 32 / Mi 16
[02:38:22] [Server thread/INFO]: Entity Tracking Range: Pl 48 / An 48 / Mo 48 / Mi 32 / Other 64
[02:38:22] [Server thread/INFO]: Hopper Transfer: 8 Hopper Check: 8 Hopper Amount: 1
[02:38:22] [Server thread/INFO]: Random Lighting Updates: false
[02:38:22] [Server thread/INFO]: Structure Info Saving: true
[02:38:22] [Server thread/INFO]: Sending up to 10 chunks per packet
[02:38:22] [Server thread/INFO]: Max Entity Collisions: 8
[02:38:22] [Server thread/INFO]: Custom Map Seeds:  Village: 10387312 Feature: 14357617
[02:38:22] [Server thread/INFO]: Max TNT Explosions: 100
[02:38:22] [Server thread/INFO]: Tile Max Tick Time: 50ms Entity max Tick Time: 50ms
[02:38:22] [Server thread/INFO]: Item Despawn Rate: 6000
[02:38:22] [Server thread/INFO]: Item Merge Radius: 2.5
[02:38:22] [Server thread/INFO]: Arrow Despawn Rate: 1200
[02:38:22] [Server thread/INFO]: View Distance: 10
[02:38:22] [Server thread/INFO]: Allow Zombie Pigmen to spawn from portal blocks: true
[02:38:22] [Server thread/INFO]: Zombie Aggressive Towards Villager: true
[02:38:22] [Server thread/INFO]: -------- World Settings For [world] --------
[02:38:22] [Server thread/INFO]: Keep spawn chunk loaded: true
[02:38:22] [Server thread/INFO]: WorldServer TickNextTick cap set at 10000
[02:38:22] [Server thread/INFO]: WorldServer TickNextTickList cap always processes redstone: false
[02:38:22] [Server thread/INFO]: World async lighting: false
[02:38:22] [Server thread/INFO]: Max height for cactus growth 3. Max height for reed growth 3
[02:38:22] [Server thread/INFO]: Living Entity Despawn Ranges:  Soft: 32 Hard: 128
[02:38:22] [Server thread/INFO]: Squids will spawn between Y: 45.0 and Y: 63.0
[02:38:22] [Server thread/INFO]: Player blocking damage multiplier set to 0.5
[02:38:22] [Server thread/INFO]: Remove invalid mob spawner tile entities: true
[02:38:22] [Server thread/INFO]: Water over lava flow speed: 5
[02:38:22] [Server thread/INFO]: Fix TNT cannons: false
[02:38:22] [Server thread/INFO]: Allow undead horse types to be leashed: false
[02:38:22] [Server thread/INFO]: -------- World Settings For [world_nether] --------
[02:38:22] [Server thread/INFO]: Chunks to Grow per Tick: 650
[02:38:22] [Server thread/INFO]: Clear tick list: false
[02:38:22] [Server thread/INFO]: Experience Merge Radius: 3.0
[02:38:22] [Server thread/INFO]: Mob Spawn Range: 4
[02:38:22] [Server thread/INFO]: Anti X-Ray: true
[02:38:22] [Server thread/INFO]: 	Engine Mode: 1
[02:38:22] [Server thread/INFO]: 	Hidden Blocks: [14, 15, 16, 21, 48, 49, 54, 56, 73, 74, 82, 129, 130]
[02:38:22] [Server thread/INFO]: 	Replace Blocks: [1, 5]
[02:38:22] [Server thread/INFO]: Nerfing mobs spawned from spawners: false
[02:38:22] [Server thread/INFO]: Cactus Growth Modifier: 100%
[02:38:22] [Server thread/INFO]: Cane Growth Modifier: 100%
[02:38:22] [Server thread/INFO]: Melon Growth Modifier: 100%
[02:38:22] [Server thread/INFO]: Mushroom Growth Modifier: 100%
[02:38:22] [Server thread/INFO]: Pumpkin Growth Modifier: 100%
[02:38:22] [Server thread/INFO]: Sapling Growth Modifier: 100%
[02:38:22] [Server thread/INFO]: Wheat Growth Modifier: 100%
[02:38:22] [Server thread/INFO]: NetherWart Growth Modifier: 100%
[02:38:22] [Server thread/INFO]: Entity Activation Range: An 32 / Mo 32 / Mi 16
[02:38:22] [Server thread/INFO]: Entity Tracking Range: Pl 48 / An 48 / Mo 48 / Mi 32 / Other 64
[02:38:22] [Server thread/INFO]: Hopper Transfer: 8 Hopper Check: 8 Hopper Amount: 1
[02:38:22] [Server thread/INFO]: Random Lighting Updates: false
[02:38:22] [Server thread/INFO]: Structure Info Saving: true
[02:38:22] [Server thread/INFO]: Sending up to 10 chunks per packet
[02:38:22] [Server thread/INFO]: Max Entity Collisions: 8
[02:38:22] [Server thread/INFO]: Custom Map Seeds:  Village: 10387312 Feature: 14357617
[02:38:22] [Server thread/INFO]: Max TNT Explosions: 100
[02:38:22] [Server thread/INFO]: Tile Max Tick Time: 50ms Entity max Tick Time: 50ms
[02:38:22] [Server thread/INFO]: Item Despawn Rate: 6000
[02:38:22] [Server thread/INFO]: Item Merge Radius: 2.5
[02:38:22] [Server thread/INFO]: Arrow Despawn Rate: 1200
[02:38:22] [Server thread/INFO]: View Distance: 10
[02:38:22] [Server thread/INFO]: Allow Zombie Pigmen to spawn from portal blocks: true
[02:38:22] [Server thread/INFO]: Zombie Aggressive Towards Villager: true
[02:38:22] [Server thread/INFO]: -------- World Settings For [world_nether] --------
[02:38:22] [Server thread/INFO]: Keep spawn chunk loaded: true
[02:38:22] [Server thread/INFO]: WorldServer TickNextTick cap set at 10000
[02:38:22] [Server thread/INFO]: WorldServer TickNextTickList cap always processes redstone: false
[02:38:22] [Server thread/INFO]: World async lighting: false
[02:38:22] [Server thread/INFO]: Max height for cactus growth 3. Max height for reed growth 3
[02:38:22] [Server thread/INFO]: Living Entity Despawn Ranges:  Soft: 32 Hard: 128
[02:38:22] [Server thread/INFO]: Squids will spawn between Y: 45.0 and Y: 63.0
[02:38:22] [Server thread/INFO]: Player blocking damage multiplier set to 0.5
[02:38:22] [Server thread/INFO]: Remove invalid mob spawner tile entities: true
[02:38:22] [Server thread/INFO]: Water over lava flow speed: 5
[02:38:22] [Server thread/INFO]: Fix TNT cannons: false
[02:38:22] [Server thread/INFO]: Allow undead horse types to be leashed: false
[02:38:22] [Server thread/INFO]: -------- World Settings For [world_the_end] --------
[02:38:22] [Server thread/INFO]: Chunks to Grow per Tick: 650
[02:38:22] [Server thread/INFO]: Clear tick list: false
[02:38:22] [Server thread/INFO]: Experience Merge Radius: 3.0
[02:38:22] [Server thread/INFO]: Mob Spawn Range: 4
[02:38:22] [Server thread/INFO]: Anti X-Ray: true
[02:38:22] [Server thread/INFO]: 	Engine Mode: 1
[02:38:22] [Server thread/INFO]: 	Hidden Blocks: [14, 15, 16, 21, 48, 49, 54, 56, 73, 74, 82, 129, 130]
[02:38:22] [Server thread/INFO]: 	Replace Blocks: [1, 5]
[02:38:22] [Server thread/INFO]: Nerfing mobs spawned from spawners: false
[02:38:22] [Server thread/INFO]: Cactus Growth Modifier: 100%
[02:38:22] [Server thread/INFO]: Cane Growth Modifier: 100%
[02:38:22] [Server thread/INFO]: Melon Growth Modifier: 100%
[02:38:22] [Server thread/INFO]: Mushroom Growth Modifier: 100%
[02:38:22] [Server thread/INFO]: Pumpkin Growth Modifier: 100%
[02:38:22] [Server thread/INFO]: Sapling Growth Modifier: 100%
[02:38:22] [Server thread/INFO]: Wheat Growth Modifier: 100%
[02:38:22] [Server thread/INFO]: NetherWart Growth Modifier: 100%
[02:38:22] [Server thread/INFO]: Entity Activation Range: An 32 / Mo 32 / Mi 16
[02:38:22] [Server thread/INFO]: Entity Tracking Range: Pl 48 / An 48 / Mo 48 / Mi 32 / Other 64
[02:38:22] [Server thread/INFO]: Hopper Transfer: 8 Hopper Check: 8 Hopper Amount: 1
[02:38:22] [Server thread/INFO]: Random Lighting Updates: false
[02:38:22] [Server thread/INFO]: Structure Info Saving: true
[02:38:22] [Server thread/INFO]: Sending up to 10 chunks per packet
[02:38:22] [Server thread/INFO]: Max Entity Collisions: 8
[02:38:22] [Server thread/INFO]: Custom Map Seeds:  Village: 10387312 Feature: 14357617
[02:38:22] [Server thread/INFO]: Max TNT Explosions: 100
[02:38:22] [Server thread/INFO]: Tile Max Tick Time: 50ms Entity max Tick Time: 50ms
[02:38:22] [Server thread/INFO]: Item Despawn Rate: 6000
[02:38:22] [Server thread/INFO]: Item Merge Radius: 2.5
[02:38:22] [Server thread/INFO]: Arrow Despawn Rate: 1200
[02:38:22] [Server thread/INFO]: View Distance: 10
[02:38:22] [Server thread/INFO]: Allow Zombie Pigmen to spawn from portal blocks: true
[02:38:22] [Server thread/INFO]: Zombie Aggressive Towards Villager: true
[02:38:22] [Server thread/INFO]: -------- World Settings For [world_the_end] --------
[02:38:22] [Server thread/INFO]: Keep spawn chunk loaded: true
[02:38:22] [Server thread/INFO]: WorldServer TickNextTick cap set at 10000
[02:38:22] [Server thread/INFO]: WorldServer TickNextTickList cap always processes redstone: false
[02:38:22] [Server thread/INFO]: World async lighting: false
[02:38:22] [Server thread/INFO]: Max height for cactus growth 3. Max height for reed growth 3
[02:38:22] [Server thread/INFO]: Living Entity Despawn Ranges:  Soft: 32 Hard: 128
[02:38:22] [Server thread/INFO]: Squids will spawn between Y: 45.0 and Y: 63.0
[02:38:22] [Server thread/INFO]: Player blocking damage multiplier set to 0.5
[02:38:22] [Server thread/INFO]: Remove invalid mob spawner tile entities: true
[02:38:22] [Server thread/INFO]: Water over lava flow speed: 5
[02:38:22] [Server thread/INFO]: Fix TNT cannons: false
[02:38:22] [Server thread/INFO]: Allow undead horse types to be leashed: false
[02:38:22] [Server thread/INFO]: [EconomyShopGUI] Disabling EconomyShopGUI v6.12.2
[02:38:22] [Server thread/INFO]: [Essentials] Disabling Essentials v2.15.0.1
[02:38:22] [Server thread/INFO]: [Vault] [Economy] Essentials Economy unhooked.
[02:38:22] [Server thread/INFO]: [Vault] Disabling Vault v1.7.3-b131
[02:38:22] [Server thread/INFO]: [ViaRewind-Legacy-Support] Disabling ViaRewind-Legacy-Support v1.5.1
[02:38:22] [Server thread/INFO]: [LuckPerms] Disabling LuckPerms v5.4.158
[02:38:22] [Server thread/INFO]: [LuckPerms] Starting shutdown process...
[02:38:22] [Server thread/INFO]: [LuckPerms] Closing storage...
[02:38:22] [Server thread/INFO]: [LuckPerms] Goodbye!
[02:38:22] [Server thread/INFO]: [ViaRewind] Disabling ViaRewind v4.0.0
[02:38:22] [Server thread/INFO]: [WorldGuard] Disabling WorldGuard v6.1.3-SNAPSHOT;c904242
[02:38:22] [Server thread/INFO]: [WorldGuard] Shutting down executor and waiting for any pending tasks...
[02:38:22] [Server thread/INFO]: [Spawn] Disabling Spawn v2.4.1
[02:38:22] [Server thread/INFO]: [ViaBackwards] Disabling ViaBackwards v5.0.0
[02:38:22] [Server thread/INFO]: [ViaVersion] Disabling ViaVersion v5.0.0
[02:38:22] [Server thread/INFO]: [ViaVersion] ViaVersion is disabling, if this is a reload and you experience issues consider rebooting.
[02:38:22] [Server thread/INFO]: [spark] Disabling spark v1.10.119
[02:38:22] [Server thread/INFO]: [BungeeGuard] Disabling BungeeGuard v1.4.5
[02:38:22] [Server thread/INFO]: [Guilds] Disabling Guilds v3.0.2
[02:38:22] [Server thread/INFO]: [Guilds] Saving guilds.yml

[02:38:22] [Server thread/INFO]: [Guilds] Saving players.yml

[02:38:22] [Server thread/INFO]: [Guilds] Saving settings.yml

[02:38:22] [Server thread/INFO]: [Guilds] Saving messages.yml

[02:38:22] [Server thread/INFO]: [iDisguise] Disabling iDisguise v5.8.2
[02:38:22] [Server thread/INFO]: [iDisguise] iDisguise 5.8.2 disabled!
[02:38:22] [Server thread/INFO]: [EconomyManager] Disabling EconomyManager v1.0.3
[02:38:22] [Server thread/INFO]: [WorldEdit] Disabling WorldEdit v6.1.9;caf0ad9
[02:38:22] [Server thread/INFO]: [ChestActions] Disabling ChestActions v2.9
[02:38:22] [Server thread/INFO]: [ChestActions] ChestActions disabled
[02:38:22] [Server thread/ERROR]: Could not load 'plugins/OpenInv.jar' in folder 'plugins'
org.bukkit.plugin.InvalidPluginException: java.lang.UnsupportedClassVersionError: com/lishid/openinv/OpenInv has been compiled by a more recent version of the Java Runtime (class file version 65.0), this version of the Java Runtime only recognizes class file versions up to 61.0
	at org.bukkit.plugin.java.JavaPluginLoader.loadPlugin(JavaPluginLoader.java:133) ~[patched_1.8.8.jar:git-PandaSpigot-119]
	at org.bukkit.plugin.SimplePluginManager.loadPlugin(SimplePluginManager.java:340) ~[patched_1.8.8.jar:git-PandaSpigot-119]
	at org.bukkit.plugin.SimplePluginManager.loadPlugins(SimplePluginManager.java:263) ~[patched_1.8.8.jar:git-PandaSpigot-119]
	at org.bukkit.craftbukkit.v1_8_R3.CraftServer.loadPlugins(CraftServer.java:297) ~[patched_1.8.8.jar:git-PandaSpigot-119]
	at org.bukkit.craftbukkit.v1_8_R3.CraftServer.reload(CraftServer.java:803) ~[patched_1.8.8.jar:git-PandaSpigot-119]
	at org.bukkit.Bukkit.reload(Bukkit.java:573) ~[patched_1.8.8.jar:git-PandaSpigot-119]
	at org.bukkit.command.defaults.ReloadCommand.execute(ReloadCommand.java:25) ~[patched_1.8.8.jar:git-PandaSpigot-119]
	at org.bukkit.command.SimpleCommandMap.dispatch(SimpleCommandMap.java:146) ~[patched_1.8.8.jar:git-PandaSpigot-119]
	at org.bukkit.craftbukkit.v1_8_R3.CraftServer.dispatchCommand(CraftServer.java:700) ~[patched_1.8.8.jar:git-PandaSpigot-119]
	at org.bukkit.craftbukkit.v1_8_R3.CraftServer.dispatchServerCommand(CraftServer.java:663) ~[patched_1.8.8.jar:git-PandaSpigot-119]
	at net.minecraft.server.v1_8_R3.DedicatedServer.aO(DedicatedServer.java:450) ~[patched_1.8.8.jar:git-PandaSpigot-119]
	at net.minecraft.server.v1_8_R3.DedicatedServer.B(DedicatedServer.java:413) ~[patched_1.8.8.jar:git-PandaSpigot-119]
	at net.minecraft.server.v1_8_R3.MinecraftServer.A(MinecraftServer.java:815) ~[patched_1.8.8.jar:git-PandaSpigot-119]
	at net.minecraft.server.v1_8_R3.MinecraftServer.run(MinecraftServer.java:648) ~[patched_1.8.8.jar:git-PandaSpigot-119]
	at net.minecraft.server.v1_8_R3.MinecraftServer.lambda$spin$0(MinecraftServer.java:133) ~[patched_1.8.8.jar:git-PandaSpigot-119]
	at java.lang.Thread.run(Thread.java:840) [?:?]
Caused by: java.lang.UnsupportedClassVersionError: com/lishid/openinv/OpenInv has been compiled by a more recent version of the Java Runtime (class file version 65.0), this version of the Java Runtime only recognizes class file versions up to 61.0
	at java.lang.ClassLoader.defineClass1(Native Method) ~[?:?]
	at java.lang.ClassLoader.defineClass(ClassLoader.java:1017) ~[?:?]
	at java.security.SecureClassLoader.defineClass(SecureClassLoader.java:150) ~[?:?]
	at java.net.URLClassLoader.defineClass(URLClassLoader.java:524) ~[?:?]
	at java.net.URLClassLoader$1.run(URLClassLoader.java:427) ~[?:?]
	at java.net.URLClassLoader$1.run(URLClassLoader.java:421) ~[?:?]
	at java.security.AccessController.doPrivileged(AccessController.java:712) ~[?:?]
	at java.net.URLClassLoader.findClass(URLClassLoader.java:420) ~[?:?]
	at org.bukkit.plugin.java.PluginClassLoader.findClass(PluginClassLoader.java:102) ~[patched_1.8.8.jar:git-PandaSpigot-119]
	at org.bukkit.plugin.java.PluginClassLoader.findClass(PluginClassLoader.java:87) ~[patched_1.8.8.jar:git-PandaSpigot-119]
	at java.lang.ClassLoader.loadClass(ClassLoader.java:592) ~[?:?]
	at java.lang.ClassLoader.loadClass(ClassLoader.java:525) ~[?:?]
	at java.lang.Class.forName0(Native Method) ~[?:?]
	at java.lang.Class.forName(Class.java:467) ~[?:?]
	at org.bukkit.plugin.java.PluginClassLoader.<init>(PluginClassLoader.java:65) ~[patched_1.8.8.jar:git-PandaSpigot-119]
	at org.bukkit.plugin.java.JavaPluginLoader.loadPlugin(JavaPluginLoader.java:129) ~[patched_1.8.8.jar:git-PandaSpigot-119]
	... 15 more
[02:38:22] [Server thread/INFO]: [ChestActions] Loading ChestActions v2.9
[02:38:22] [Server thread/INFO]: [WorldEdit] Loading WorldEdit v6.1.9;caf0ad9
[02:38:22] [Server thread/INFO]: [EconomyManager] Loading EconomyManager v1.0.3
[02:38:22] [Server thread/INFO]: [iDisguise] Loading iDisguise v5.8.2
[02:38:22] [Server thread/INFO]: [Guilds] Loading Guilds v3.0.2
[02:38:22] [Server thread/INFO]: [BungeeGuard] Loading BungeeGuard v1.4.5
[02:38:22] [Server thread/INFO]: [spark] Loading spark v1.10.119
[02:38:22] [Server thread/INFO]: [ViaVersion] Loading ViaVersion v5.0.0
[02:38:22] [Server thread/INFO]: [ViaVersion] ViaVersion 5.0.0 is now loaded. Registering protocol transformers and injecting...
[02:38:22] [Server thread/ERROR]: [ViaVersion] ViaVersion is already loaded, this should work fine. If you get any console errors, try rebooting.
[02:38:23] [Via-Mappingloader-0/INFO]: [ViaVersion] Loading block connection mappings ...
[02:38:23] [Server thread/INFO]: [ViaBackwards] Loading translations...
[02:38:23] [Server thread/INFO]: [ViaBackwards] Registering protocols...
[02:38:24] [Server thread/INFO]: [ViaRewind] Registering protocols...
[02:38:24] [Server thread/INFO]: [ViaBackwards] Loading ViaBackwards v5.0.0
[02:38:24] [Server thread/INFO]: [Spawn] Loading Spawn v2.4.1
[02:38:24] [Server thread/INFO]: [WorldGuard] Loading WorldGuard v6.1.3-SNAPSHOT;c904242
[02:38:24] [Server thread/INFO]: [ViaRewind] Loading ViaRewind v4.0.0
[02:38:24] [Server thread/INFO]: [LuckPerms] Loading LuckPerms v5.4.158
[02:38:24] [Server thread/INFO]: [ViaRewind-Legacy-Support] Loading ViaRewind-Legacy-Support v1.5.1
[02:38:24] [Server thread/INFO]: [Vault] Loading Vault v1.7.3-b131
[02:38:24] [Server thread/INFO]: [Essentials] Loading Essentials v2.15.0.1
[02:38:24] [Server thread/INFO]: [EconomyShopGUI] Loading EconomyShopGUI v6.12.2
[02:38:24] [Server thread/INFO]: [BetterRTP] Loading BetterRTP v3.6.13
[02:38:24] [Server thread/INFO]: [EconomyManager] Enabling EconomyManager v1.0.3
[02:38:24] [Server thread/INFO]: [EconomyManager] ItemStack{STONE x 1}
[02:38:24] [Server thread/INFO]: [EconomyManager] ItemStack{STONE x 1}
[02:38:24] [Server thread/INFO]: [EconomyManager] ItemStack{WOOL x 1}
[02:38:24] [Server thread/INFO]: [BungeeGuard] Enabling BungeeGuard v1.4.5
[02:38:24] [Server thread/INFO]: [BungeeGuard] Using Paper's PlayerHandshakeEvent to listen for connections.
[02:38:24] [Server thread/INFO]: [ViaRewind] Enabling ViaRewind v4.0.0
[02:38:24] [Server thread/INFO]: [LuckPerms] Enabling LuckPerms v5.4.158
[02:38:24] [Thread-17/WARN]: [EconomyManager] Could not reach dev.bukkit.org for update checking. Is it offline?
[02:38:24] [Server thread/INFO]:         __    
[02:38:24] [Server thread/INFO]:   |    |__)   LuckPerms v5.4.158
[02:38:24] [Server thread/INFO]:   |___ |      Running on Bukkit - PandaSpigot
[02:38:24] [Server thread/INFO]: 
[02:38:24] [Server thread/INFO]: [LuckPerms] Loading configuration...
[02:38:24] [Server thread/INFO]: [LuckPerms] Loading storage provider... [H2]
[02:38:24] [Netty Server IO #3/WARN]: [BungeeGuard] Denying connection from 0:0:0:0:0:0:0:1 -  - reason: NO_TOKEN
[02:38:25] [Server thread/INFO]: [LuckPerms] Loading internal permission managers...
[02:38:25] [Server thread/INFO]: [LuckPerms] Performing initial data load...
[02:38:25] [Server thread/INFO]: [LuckPerms] Successfully enabled. (took 914ms)
[02:38:25] [Server thread/INFO]: [Vault] Enabling Vault v1.7.3-b131
[02:38:25] [Server thread/INFO]: [Vault] [Economy] Essentials Economy found: Waiting
[02:38:25] [Server thread/INFO]: [Vault] [Permission] SuperPermissions loaded as backup permission system.
[02:38:25] [Server thread/INFO]: [Vault] Enabled Version 1.7.3-b131
[02:38:25] [Server thread/INFO]: [LuckPerms] Registered Vault permission & chat hook.
[02:38:25] [Server thread/INFO]: [ChestActions] Enabling ChestActions v2.9
[02:38:25] [Server thread/INFO]: [ChestActions] ChestActions enabled
[02:38:25] [Server thread/INFO]: [ChestActions] Config found
[02:38:25] [Server thread/INFO]: [ChestActions] You have the latest version of the plugin.
[02:38:25] [Server thread/INFO]: [WorldEdit] Enabling WorldEdit v6.1.9;caf0ad9
[02:38:25] [Server thread/INFO]: WEPIF: Using the Bukkit Permissions API.
[02:38:25] [Server thread/INFO]: [WorldEdit] Using com.sk89q.worldedit.bukkit.adapter.impl.Spigot_v1_8_R3 as the Bukkit adapter
[02:38:25] [Server thread/INFO]: [iDisguise] Enabling iDisguise v5.8.2
[02:38:26] [Server thread/INFO]: [iDisguise] iDisguise 5.8.2 enabled!
[02:38:26] [Server thread/INFO]: [Guilds] Enabling Guilds v3.0.2
[02:38:26] [Server thread/INFO]: [Guilds] Loading settings.yml

[02:38:26] [Server thread/INFO]: [Guilds] Loading messages.yml

[02:38:26] [Server thread/INFO]: [Guilds] Loading guilds.yml

[02:38:26] [Server thread/INFO]: [Guilds] Loading players.yml

[02:38:26] [Server thread/INFO]: [Guilds] Guilds is an old plugin reborn. I am satisfied that this build is stable but if you find any bugs please feed them back to AVOCARDO as soon as possible. Thank you.

[02:38:26] [Server thread/INFO]: [spark] Enabling spark v1.10.119
[02:38:26] [Server thread/INFO]: [spark] Using Paper ServerTickStartEvent for tick monitoring
[02:38:26] [Server thread/INFO]: [spark] Starting background profiler...
[02:38:27] [Server thread/INFO]: [ViaVersion] Enabling ViaVersion v5.0.0
[02:38:27] [Server thread/INFO]: [ViaBackwards] Enabling ViaBackwards v5.0.0
[02:38:27] [Server thread/INFO]: [Spawn] Enabling Spawn v2.4.1
[02:38:27] [Server thread/INFO]: [WorldGuard] Enabling WorldGuard v6.1.3-SNAPSHOT;c904242
[02:38:27] [Server thread/INFO]: [WorldGuard] (world) TNT ignition is PERMITTED.
[02:38:27] [Server thread/INFO]: [WorldGuard] (world) Lighters are PERMITTED.
[02:38:27] [Server thread/INFO]: [WorldGuard] (world) Lava fire is blocked.
[02:38:27] [Server thread/INFO]: [WorldGuard] (world) Fire spread is UNRESTRICTED.
[02:38:27] [Server thread/INFO]: [WorldGuard] Loaded configuration for world 'world'
[02:38:27] [Server thread/INFO]: [WorldGuard] (world_nether) TNT ignition is PERMITTED.
[02:38:27] [Server thread/INFO]: [WorldGuard] (world_nether) Lighters are PERMITTED.
[02:38:27] [Server thread/INFO]: [WorldGuard] (world_nether) Lava fire is blocked.
[02:38:27] [Server thread/INFO]: [WorldGuard] (world_nether) Fire spread is UNRESTRICTED.
[02:38:27] [Server thread/INFO]: [WorldGuard] Loaded configuration for world 'world_nether'
[02:38:27] [Server thread/INFO]: [WorldGuard] (world_the_end) TNT ignition is PERMITTED.
[02:38:27] [Server thread/INFO]: [WorldGuard] (world_the_end) Lighters are PERMITTED.
[02:38:27] [Server thread/INFO]: [WorldGuard] (world_the_end) Lava fire is blocked.
[02:38:27] [Server thread/INFO]: [WorldGuard] (world_the_end) Fire spread is UNRESTRICTED.
[02:38:27] [Server thread/INFO]: [WorldGuard] Loaded configuration for world 'world_the_end'
[02:38:27] [Server thread/INFO]: [WorldGuard] Loading region data...
[02:38:27] [Server thread/INFO]: [ViaRewind-Legacy-Support] Enabling ViaRewind-Legacy-Support v1.5.1
[02:38:27] [Server thread/INFO]: [Essentials] Enabling Essentials v2.15.0.1
[02:38:27] [Server thread/ERROR]: [Essentials] Failed to apply custom currency format: modifiers
[02:38:27] [Server thread/INFO]: Attempting to convert old kits in config.yml to new kits.yml
[02:38:27] [Server thread/INFO]: No kits found to migrate.
[02:38:27] [Server thread/INFO]: [Essentials] Using 1.8.3+ BlockStateMeta provider as mob spawner provider.
[02:38:27] [Server thread/INFO]: [Essentials] Using legacy item data provider as spawn egg provider.
[02:38:27] [Server thread/INFO]: [Essentials] Using legacy potion meta provider as potion meta provider.
[02:38:27] [Server thread/ERROR]: [Essentials] Failed to apply custom currency format: modifiers
[02:38:27] [Server thread/INFO]: Using locale en
[02:38:27] [Server thread/INFO]: [Essentials] Using Spigot 1.7.10+ ServerListPingEvent iterator
[02:38:27] [Server thread/INFO]: [Essentials] Starting Metrics. Opt-out using the global bStats config.
[02:38:27] [Server thread/INFO]: [Vault] [Economy] Essentials Economy hooked.
[02:38:27] [Server thread/INFO]: [Essentials] Using Vault based permissions (LuckPerms)
[02:38:27] [Server thread/INFO]: [EconomyShopGUI] Enabling EconomyShopGUI v6.12.2
[02:38:28] [Server thread/INFO]: [EconomyShopGUI] [INFO]: Using lang-en.yml as language file.
[02:38:28] [Server thread/INFO]: [EconomyShopGUI] [INFO]: Completed loading 16 section configs from /sections/
[02:38:28] [Server thread/INFO]: [EconomyShopGUI] [INFO]: Completed loading 16 shop configs from /shops/
[02:38:28] [Server thread/INFO]: [EconomyShopGUI] [INFO]: Updating Shop settings...
[02:38:28] [Server thread/INFO]: [EconomyShopGUI] [INFO]: Successfully hooked into Vault and using Essentials Economy as economy provider
[02:38:28] [Server thread/INFO]: [EconomyShopGUI] [INFO]: Completed loading 1 economy provider(s) for all 14 shop sections.
[02:38:28] [Server thread/INFO]: [EconomyShopGUI] [INFO]: Using minecraft version 1.8.8...
[02:38:28] [Server thread/INFO]: [EconomyShopGUI] [INFO]: Spawner provider set to AUTO in config
[02:38:28] [Server thread/INFO]: [EconomyShopGUI] [INFO]: Automatically searching for compatible spawner provider....
[02:38:28] [Server thread/INFO]: [EconomyShopGUI] [INFO]: Failed to automatically find compatible spawner provider, using default...
[02:38:28] [Server thread/INFO]: [EconomyShopGUI] [DEBUG]: This item material is not supported in this minecraft version.
[02:38:28] [Server thread/INFO]: [EconomyShopGUI] [WARN]: Item path in config.yml: spawner-break-tools.3
[02:38:28] [Server thread/INFO]: [EconomyShopGUI] [INFO]: Debug mode is enabled.
[02:38:28] [Server thread/INFO]: [EconomyShopGUI] [INFO]: Loading all items...
[02:38:28] [Server thread/INFO]: [EconomyShopGUI] [WARN]: Failed to migrate database to new format for TRANSACTIONS_5_2025
[02:38:28] [Server thread/WARN]: java.sql.SQLException: query does not return ResultSet

[02:38:28] [Server thread/WARN]: 	at org.sqlite.Stmt.executeQuery(Stmt.java:124)

[02:38:28] [Server thread/WARN]: 	at me.gypopo.economyshopgui.files.TransactionLog$Database.checkTableConstraints(TransactionLog.java:704)

[02:38:28] [Server thread/WARN]: 	at me.gypopo.economyshopgui.files.TransactionLog$Database.connect(TransactionLog.java:687)

[02:38:28] [Server thread/WARN]: 	at me.gypopo.economyshopgui.files.TransactionLog$Database.<init>(TransactionLog.java:677)

[02:38:28] [Server thread/WARN]: 	at me.gypopo.economyshopgui.files.TransactionLog.setup(TransactionLog.java:64)

[02:38:28] [Server thread/WARN]: 	at me.gypopo.economyshopgui.methodes.SendMessage.init(SendMessage.java:57)

[02:38:28] [Server thread/WARN]: 	at me.gypopo.economyshopgui.methodes.StartupReload.loadItems(StartupReload.java:146)

[02:38:28] [Server thread/WARN]: 	at me.gypopo.economyshopgui.EconomyShopGUI.onEnable(EconomyShopGUI.java:199)

[02:38:28] [Server thread/WARN]: 	at org.bukkit.plugin.java.JavaPlugin.setEnabled(JavaPlugin.java:321)

[02:38:28] [Server thread/WARN]: 	at org.bukkit.plugin.java.JavaPluginLoader.enablePlugin(JavaPluginLoader.java:332)

[02:38:28] [Server thread/WARN]: 	at org.bukkit.plugin.SimplePluginManager.enablePlugin(SimplePluginManager.java:454)

[02:38:28] [Server thread/WARN]: 	at org.bukkit.craftbukkit.v1_8_R3.CraftServer.loadPlugin(CraftServer.java:393)

[02:38:28] [Server thread/WARN]: 	at org.bukkit.craftbukkit.v1_8_R3.CraftServer.enablePlugins(CraftServer.java:352)

[02:38:28] [Server thread/WARN]: 	at org.bukkit.craftbukkit.v1_8_R3.CraftServer.reload(CraftServer.java:805)

[02:38:28] [Server thread/WARN]: 	at org.bukkit.Bukkit.reload(Bukkit.java:573)

[02:38:28] [Server thread/WARN]: 	at org.bukkit.command.defaults.ReloadCommand.execute(ReloadCommand.java:25)

[02:38:28] [Server thread/WARN]: 	at org.bukkit.command.SimpleCommandMap.dispatch(SimpleCommandMap.java:146)

[02:38:28] [Server thread/WARN]: 	at org.bukkit.craftbukkit.v1_8_R3.CraftServer.dispatchCommand(CraftServer.java:700)

[02:38:28] [Server thread/WARN]: 	at org.bukkit.craftbukkit.v1_8_R3.CraftServer.dispatchServerCommand(CraftServer.java:663)

[02:38:28] [Server thread/WARN]: 	at net.minecraft.server.v1_8_R3.DedicatedServer.aO(DedicatedServer.java:450)

[02:38:28] [Server thread/WARN]: 	at net.minecraft.server.v1_8_R3.DedicatedServer.B(DedicatedServer.java:413)

[02:38:28] [Server thread/WARN]: 	at net.minecraft.server.v1_8_R3.MinecraftServer.A(MinecraftServer.java:815)

[02:38:28] [Server thread/WARN]: 	at net.minecraft.server.v1_8_R3.MinecraftServer.run(MinecraftServer.java:648)

[02:38:28] [Server thread/WARN]: 	at net.minecraft.server.v1_8_R3.MinecraftServer.lambda$spin$0(MinecraftServer.java:133)

[02:38:28] [Server thread/WARN]: 	at java.base/java.lang.Thread.run(Thread.java:840)

[02:38:28] [Server thread/INFO]: [EconomyShopGUI] [INFO]: Initialized - Took 341ms to complete
[02:38:28] [Server thread/INFO]: [BetterRTP] Enabling BetterRTP v3.6.13
[02:38:28] [Server thread/INFO]: [BetterRTP] Cooldown = 600
[02:38:28] [Server thread/INFO]: Server permissions file permissions.yml is empty, ignoring it
[02:38:28] [Server thread/INFO]: CONSOLE: Reload complete.
[02:38:28] [Server thread/WARN]: Can't keep up! Is the server overloaded? Running 6277ms or 125 ticks behind
[02:38:28] [Server thread/INFO]: Timings Reset
[02:38:28] [Server thread/INFO]: [ViaVersion] ViaVersion detected server version: 1.8.x (47)
[02:38:28] [Server thread/WARN]: [ViaVersion] This version of Minecraft is extremely outdated and support for it has reached its end of life. You will still be able to run Via on this Minecraft version, but we are unlikely to provide any further fixes or help with problems specific to legacy Minecraft versions. Please consider updating to give your players a better experience and to avoid issues that have long been fixed.
[02:38:28] [Craft Scheduler Thread - 74/ERROR]: [iDisguise] Cannot retrieve the required profile information.
java.lang.NullPointerException: Cannot invoke "org.json.simple.JSONObject.get(Object)" because "object" is null
	at de.robingrether.idisguise.management.profile.ProfileHelperUID.loadGameProfile(ProfileHelperUID.java:77) [iDisguise.jar:?]
	at de.robingrether.idisguise.management.profile.ProfileHelperUID.access$100(ProfileHelperUID.java:34) [iDisguise.jar:?]
	at de.robingrether.idisguise.management.profile.ProfileHelperUID$3.run(ProfileHelperUID.java:227) [iDisguise.jar:?]
	at org.bukkit.craftbukkit.v1_8_R3.scheduler.CraftTask.run(CraftTask.java:59) [patched_1.8.8.jar:git-PandaSpigot-119]
	at org.bukkit.craftbukkit.v1_8_R3.scheduler.CraftAsyncTask.run(CraftAsyncTask.java:53) [patched_1.8.8.jar:git-PandaSpigot-119]
	at org.github.paperspigot.ServerSchedulerReportingWrapper.run(ServerSchedulerReportingWrapper.java:23) [patched_1.8.8.jar:git-PandaSpigot-119]
	at java.util.concurrent.ThreadPoolExecutor.runWorker(ThreadPoolExecutor.java:1136) [?:?]
	at java.util.concurrent.ThreadPoolExecutor$Worker.run(ThreadPoolExecutor.java:635) [?:?]
	at java.lang.Thread.run(Thread.java:840) [?:?]
[02:38:28] [Craft Scheduler Thread - 50/ERROR]: [iDisguise] Cannot retrieve the required profile information.
java.lang.NullPointerException: Cannot invoke "org.json.simple.JSONObject.get(Object)" because "object" is null
	at de.robingrether.idisguise.management.profile.ProfileHelperUID.loadGameProfile(ProfileHelperUID.java:77) [iDisguise.jar:?]
	at de.robingrether.idisguise.management.profile.ProfileHelperUID.access$100(ProfileHelperUID.java:34) [iDisguise.jar:?]
	at de.robingrether.idisguise.management.profile.ProfileHelperUID$3.run(ProfileHelperUID.java:227) [iDisguise.jar:?]
	at org.bukkit.craftbukkit.v1_8_R3.scheduler.CraftTask.run(CraftTask.java:59) [patched_1.8.8.jar:git-PandaSpigot-119]
	at org.bukkit.craftbukkit.v1_8_R3.scheduler.CraftAsyncTask.run(CraftAsyncTask.java:53) [patched_1.8.8.jar:git-PandaSpigot-119]
	at org.github.paperspigot.ServerSchedulerReportingWrapper.run(ServerSchedulerReportingWrapper.java:23) [patched_1.8.8.jar:git-PandaSpigot-119]
	at java.util.concurrent.ThreadPoolExecutor.runWorker(ThreadPoolExecutor.java:1136) [?:?]
	at java.util.concurrent.ThreadPoolExecutor$Worker.run(ThreadPoolExecutor.java:635) [?:?]
	at java.lang.Thread.run(Thread.java:840) [?:?]
[02:38:28] [Craft Scheduler Thread - 65/ERROR]: [iDisguise] Cannot retrieve the required profile information.
java.lang.NullPointerException: Cannot invoke "org.json.simple.JSONObject.get(Object)" because "object" is null
	at de.robingrether.idisguise.management.profile.ProfileHelperUID.loadGameProfile(ProfileHelperUID.java:77) [iDisguise.jar:?]
	at de.robingrether.idisguise.management.profile.ProfileHelperUID.access$100(ProfileHelperUID.java:34) [iDisguise.jar:?]
	at de.robingrether.idisguise.management.profile.ProfileHelperUID$3.run(ProfileHelperUID.java:227) [iDisguise.jar:?]
	at org.bukkit.craftbukkit.v1_8_R3.scheduler.CraftTask.run(CraftTask.java:59) [patched_1.8.8.jar:git-PandaSpigot-119]
	at org.bukkit.craftbukkit.v1_8_R3.scheduler.CraftAsyncTask.run(CraftAsyncTask.java:53) [patched_1.8.8.jar:git-PandaSpigot-119]
	at org.github.paperspigot.ServerSchedulerReportingWrapper.run(ServerSchedulerReportingWrapper.java:23) [patched_1.8.8.jar:git-PandaSpigot-119]
	at java.util.concurrent.ThreadPoolExecutor.runWorker(ThreadPoolExecutor.java:1136) [?:?]
	at java.util.concurrent.ThreadPoolExecutor$Worker.run(ThreadPoolExecutor.java:635) [?:?]
	at java.lang.Thread.run(Thread.java:840) [?:?]
[02:38:28] [Craft Scheduler Thread - 72/ERROR]: [iDisguise] Cannot retrieve the required profile information.
java.lang.NullPointerException: Cannot invoke "org.json.simple.JSONObject.get(Object)" because "object" is null
	at de.robingrether.idisguise.management.profile.ProfileHelperUID.loadGameProfile(ProfileHelperUID.java:77) [iDisguise.jar:?]
	at de.robingrether.idisguise.management.profile.ProfileHelperUID.access$100(ProfileHelperUID.java:34) [iDisguise.jar:?]
	at de.robingrether.idisguise.management.profile.ProfileHelperUID$3.run(ProfileHelperUID.java:227) [iDisguise.jar:?]
	at org.bukkit.craftbukkit.v1_8_R3.scheduler.CraftTask.run(CraftTask.java:59) [patched_1.8.8.jar:git-PandaSpigot-119]
	at org.bukkit.craftbukkit.v1_8_R3.scheduler.CraftAsyncTask.run(CraftAsyncTask.java:53) [patched_1.8.8.jar:git-PandaSpigot-119]
	at org.github.paperspigot.ServerSchedulerReportingWrapper.run(ServerSchedulerReportingWrapper.java:23) [patched_1.8.8.jar:git-PandaSpigot-119]
	at java.util.concurrent.ThreadPoolExecutor.runWorker(ThreadPoolExecutor.java:1136) [?:?]
	at java.util.concurrent.ThreadPoolExecutor$Worker.run(ThreadPoolExecutor.java:635) [?:?]
	at java.lang.Thread.run(Thread.java:840) [?:?]
[02:38:28] [Craft Scheduler Thread - 27/ERROR]: [iDisguise] Cannot retrieve the required profile information.
java.lang.NullPointerException: Cannot invoke "org.json.simple.JSONObject.get(Object)" because "object" is null
	at de.robingrether.idisguise.management.profile.ProfileHelperUID.loadGameProfile(ProfileHelperUID.java:77) [iDisguise.jar:?]
	at de.robingrether.idisguise.management.profile.ProfileHelperUID.access$100(ProfileHelperUID.java:34) [iDisguise.jar:?]
	at de.robingrether.idisguise.management.profile.ProfileHelperUID$3.run(ProfileHelperUID.java:227) [iDisguise.jar:?]
	at org.bukkit.craftbukkit.v1_8_R3.scheduler.CraftTask.run(CraftTask.java:59) [patched_1.8.8.jar:git-PandaSpigot-119]
	at org.bukkit.craftbukkit.v1_8_R3.scheduler.CraftAsyncTask.run(CraftAsyncTask.java:53) [patched_1.8.8.jar:git-PandaSpigot-119]
	at org.github.paperspigot.ServerSchedulerReportingWrapper.run(ServerSchedulerReportingWrapper.java:23) [patched_1.8.8.jar:git-PandaSpigot-119]
	at java.util.concurrent.ThreadPoolExecutor.runWorker(ThreadPoolExecutor.java:1136) [?:?]
	at java.util.concurrent.ThreadPoolExecutor$Worker.run(ThreadPoolExecutor.java:635) [?:?]
	at java.lang.Thread.run(Thread.java:840) [?:?]
[02:38:28] [Craft Scheduler Thread - 69/ERROR]: [iDisguise] Cannot retrieve the required profile information.
java.lang.NullPointerException: Cannot invoke "org.json.simple.JSONObject.get(Object)" because "object" is null
	at de.robingrether.idisguise.management.profile.ProfileHelperUID.loadGameProfile(ProfileHelperUID.java:77) [iDisguise.jar:?]
	at de.robingrether.idisguise.management.profile.ProfileHelperUID.access$100(ProfileHelperUID.java:34) [iDisguise.jar:?]
	at de.robingrether.idisguise.management.profile.ProfileHelperUID$3.run(ProfileHelperUID.java:227) [iDisguise.jar:?]
	at org.bukkit.craftbukkit.v1_8_R3.scheduler.CraftTask.run(CraftTask.java:59) [patched_1.8.8.jar:git-PandaSpigot-119]
	at org.bukkit.craftbukkit.v1_8_R3.scheduler.CraftAsyncTask.run(CraftAsyncTask.java:53) [patched_1.8.8.jar:git-PandaSpigot-119]
	at org.github.paperspigot.ServerSchedulerReportingWrapper.run(ServerSchedulerReportingWrapper.java:23) [patched_1.8.8.jar:git-PandaSpigot-119]
	at java.util.concurrent.ThreadPoolExecutor.runWorker(ThreadPoolExecutor.java:1136) [?:?]
	at java.util.concurrent.ThreadPoolExecutor$Worker.run(ThreadPoolExecutor.java:635) [?:?]
	at java.lang.Thread.run(Thread.java:840) [?:?]
[02:38:28] [Craft Scheduler Thread - 66/ERROR]: [iDisguise] Cannot retrieve the required profile information.
java.lang.NullPointerException: Cannot invoke "org.json.simple.JSONObject.get(Object)" because "object" is null
	at de.robingrether.idisguise.management.profile.ProfileHelperUID.loadGameProfile(ProfileHelperUID.java:77) [iDisguise.jar:?]
	at de.robingrether.idisguise.management.profile.ProfileHelperUID.access$100(ProfileHelperUID.java:34) [iDisguise.jar:?]
	at de.robingrether.idisguise.management.profile.ProfileHelperUID$3.run(ProfileHelperUID.java:227) [iDisguise.jar:?]
	at org.bukkit.craftbukkit.v1_8_R3.scheduler.CraftTask.run(CraftTask.java:59) [patched_1.8.8.jar:git-PandaSpigot-119]
	at org.bukkit.craftbukkit.v1_8_R3.scheduler.CraftAsyncTask.run(CraftAsyncTask.java:53) [patched_1.8.8.jar:git-PandaSpigot-119]
	at org.github.paperspigot.ServerSchedulerReportingWrapper.run(ServerSchedulerReportingWrapper.java:23) [patched_1.8.8.jar:git-PandaSpigot-119]
	at java.util.concurrent.ThreadPoolExecutor.runWorker(ThreadPoolExecutor.java:1136) [?:?]
	at java.util.concurrent.ThreadPoolExecutor$Worker.run(ThreadPoolExecutor.java:635) [?:?]
	at java.lang.Thread.run(Thread.java:840) [?:?]
[02:38:28] [Craft Scheduler Thread - 57/ERROR]: [iDisguise] Cannot retrieve the required profile information.
java.lang.NullPointerException: Cannot invoke "org.json.simple.JSONObject.get(Object)" because "object" is null
	at de.robingrether.idisguise.management.profile.ProfileHelperUID.loadGameProfile(ProfileHelperUID.java:77) [iDisguise.jar:?]
	at de.robingrether.idisguise.management.profile.ProfileHelperUID.access$100(ProfileHelperUID.java:34) [iDisguise.jar:?]
	at de.robingrether.idisguise.management.profile.ProfileHelperUID$3.run(ProfileHelperUID.java:227) [iDisguise.jar:?]
	at org.bukkit.craftbukkit.v1_8_R3.scheduler.CraftTask.run(CraftTask.java:59) [patched_1.8.8.jar:git-PandaSpigot-119]
	at org.bukkit.craftbukkit.v1_8_R3.scheduler.CraftAsyncTask.run(CraftAsyncTask.java:53) [patched_1.8.8.jar:git-PandaSpigot-119]
	at org.github.paperspigot.ServerSchedulerReportingWrapper.run(ServerSchedulerReportingWrapper.java:23) [patched_1.8.8.jar:git-PandaSpigot-119]
	at java.util.concurrent.ThreadPoolExecutor.runWorker(ThreadPoolExecutor.java:1136) [?:?]
	at java.util.concurrent.ThreadPoolExecutor$Worker.run(ThreadPoolExecutor.java:635) [?:?]
	at java.lang.Thread.run(Thread.java:840) [?:?]
[02:38:28] [Craft Scheduler Thread - 67/ERROR]: [iDisguise] Cannot retrieve the required profile information.
java.lang.NullPointerException: Cannot invoke "org.json.simple.JSONObject.get(Object)" because "object" is null
	at de.robingrether.idisguise.management.profile.ProfileHelperUID.loadGameProfile(ProfileHelperUID.java:77) [iDisguise.jar:?]
	at de.robingrether.idisguise.management.profile.ProfileHelperUID.access$100(ProfileHelperUID.java:34) [iDisguise.jar:?]
	at de.robingrether.idisguise.management.profile.ProfileHelperUID$3.run(ProfileHelperUID.java:227) [iDisguise.jar:?]
	at org.bukkit.craftbukkit.v1_8_R3.scheduler.CraftTask.run(CraftTask.java:59) [patched_1.8.8.jar:git-PandaSpigot-119]
	at org.bukkit.craftbukkit.v1_8_R3.scheduler.CraftAsyncTask.run(CraftAsyncTask.java:53) [patched_1.8.8.jar:git-PandaSpigot-119]
	at org.github.paperspigot.ServerSchedulerReportingWrapper.run(ServerSchedulerReportingWrapper.java:23) [patched_1.8.8.jar:git-PandaSpigot-119]
	at java.util.concurrent.ThreadPoolExecutor.runWorker(ThreadPoolExecutor.java:1136) [?:?]
	at java.util.concurrent.ThreadPoolExecutor$Worker.run(ThreadPoolExecutor.java:635) [?:?]
	at java.lang.Thread.run(Thread.java:840) [?:?]
[02:38:28] [Craft Scheduler Thread - 80/ERROR]: [iDisguise] Cannot retrieve the required profile information.
java.lang.NullPointerException: Cannot invoke "org.json.simple.JSONObject.get(Object)" because "object" is null
	at de.robingrether.idisguise.management.profile.ProfileHelperUID.loadGameProfile(ProfileHelperUID.java:77) [iDisguise.jar:?]
	at de.robingrether.idisguise.management.profile.ProfileHelperUID.access$100(ProfileHelperUID.java:34) [iDisguise.jar:?]
	at de.robingrether.idisguise.management.profile.ProfileHelperUID$3.run(ProfileHelperUID.java:227) [iDisguise.jar:?]
	at org.bukkit.craftbukkit.v1_8_R3.scheduler.CraftTask.run(CraftTask.java:59) [patched_1.8.8.jar:git-PandaSpigot-119]
	at org.bukkit.craftbukkit.v1_8_R3.scheduler.CraftAsyncTask.run(CraftAsyncTask.java:53) [patched_1.8.8.jar:git-PandaSpigot-119]
	at org.github.paperspigot.ServerSchedulerReportingWrapper.run(ServerSchedulerReportingWrapper.java:23) [patched_1.8.8.jar:git-PandaSpigot-119]
	at java.util.concurrent.ThreadPoolExecutor.runWorker(ThreadPoolExecutor.java:1136) [?:?]
	at java.util.concurrent.ThreadPoolExecutor$Worker.run(ThreadPoolExecutor.java:635) [?:?]
	at java.lang.Thread.run(Thread.java:840) [?:?]
[02:38:28] [Craft Scheduler Thread - 75/ERROR]: [iDisguise] Cannot retrieve the required profile information.
java.lang.NullPointerException: Cannot invoke "org.json.simple.JSONObject.get(Object)" because "object" is null
	at de.robingrether.idisguise.management.profile.ProfileHelperUID.loadGameProfile(ProfileHelperUID.java:77) [iDisguise.jar:?]
	at de.robingrether.idisguise.management.profile.ProfileHelperUID.access$100(ProfileHelperUID.java:34) [iDisguise.jar:?]
	at de.robingrether.idisguise.management.profile.ProfileHelperUID$3.run(ProfileHelperUID.java:227) [iDisguise.jar:?]
	at org.bukkit.craftbukkit.v1_8_R3.scheduler.CraftTask.run(CraftTask.java:59) [patched_1.8.8.jar:git-PandaSpigot-119]
	at org.bukkit.craftbukkit.v1_8_R3.scheduler.CraftAsyncTask.run(CraftAsyncTask.java:53) [patched_1.8.8.jar:git-PandaSpigot-119]
	at org.github.paperspigot.ServerSchedulerReportingWrapper.run(ServerSchedulerReportingWrapper.java:23) [patched_1.8.8.jar:git-PandaSpigot-119]
	at java.util.concurrent.ThreadPoolExecutor.runWorker(ThreadPoolExecutor.java:1136) [?:?]
	at java.util.concurrent.ThreadPoolExecutor$Worker.run(ThreadPoolExecutor.java:635) [?:?]
	at java.lang.Thread.run(Thread.java:840) [?:?]
[02:38:28] [Craft Scheduler Thread - 73/ERROR]: [iDisguise] Cannot retrieve the required profile information.
java.lang.NullPointerException: Cannot invoke "org.json.simple.JSONObject.get(Object)" because "object" is null
	at de.robingrether.idisguise.management.profile.ProfileHelperUID.loadGameProfile(ProfileHelperUID.java:77) [iDisguise.jar:?]
	at de.robingrether.idisguise.management.profile.ProfileHelperUID.access$100(ProfileHelperUID.java:34) [iDisguise.jar:?]
	at de.robingrether.idisguise.management.profile.ProfileHelperUID$3.run(ProfileHelperUID.java:227) [iDisguise.jar:?]
	at org.bukkit.craftbukkit.v1_8_R3.scheduler.CraftTask.run(CraftTask.java:59) [patched_1.8.8.jar:git-PandaSpigot-119]
	at org.bukkit.craftbukkit.v1_8_R3.scheduler.CraftAsyncTask.run(CraftAsyncTask.java:53) [patched_1.8.8.jar:git-PandaSpigot-119]
	at org.github.paperspigot.ServerSchedulerReportingWrapper.run(ServerSchedulerReportingWrapper.java:23) [patched_1.8.8.jar:git-PandaSpigot-119]
	at java.util.concurrent.ThreadPoolExecutor.runWorker(ThreadPoolExecutor.java:1136) [?:?]
	at java.util.concurrent.ThreadPoolExecutor$Worker.run(ThreadPoolExecutor.java:635) [?:?]
	at java.lang.Thread.run(Thread.java:840) [?:?]
[02:38:28] [Craft Scheduler Thread - 70/ERROR]: [iDisguise] Cannot retrieve the required profile information.
java.lang.NullPointerException: Cannot invoke "org.json.simple.JSONObject.get(Object)" because "object" is null
	at de.robingrether.idisguise.management.profile.ProfileHelperUID.loadGameProfile(ProfileHelperUID.java:77) [iDisguise.jar:?]
	at de.robingrether.idisguise.management.profile.ProfileHelperUID.access$100(ProfileHelperUID.java:34) [iDisguise.jar:?]
	at de.robingrether.idisguise.management.profile.ProfileHelperUID$3.run(ProfileHelperUID.java:227) [iDisguise.jar:?]
	at org.bukkit.craftbukkit.v1_8_R3.scheduler.CraftTask.run(CraftTask.java:59) [patched_1.8.8.jar:git-PandaSpigot-119]
	at org.bukkit.craftbukkit.v1_8_R3.scheduler.CraftAsyncTask.run(CraftAsyncTask.java:53) [patched_1.8.8.jar:git-PandaSpigot-119]
	at org.github.paperspigot.ServerSchedulerReportingWrapper.run(ServerSchedulerReportingWrapper.java:23) [patched_1.8.8.jar:git-PandaSpigot-119]
	at java.util.concurrent.ThreadPoolExecutor.runWorker(ThreadPoolExecutor.java:1136) [?:?]
	at java.util.concurrent.ThreadPoolExecutor$Worker.run(ThreadPoolExecutor.java:635) [?:?]
	at java.lang.Thread.run(Thread.java:840) [?:?]
[02:38:28] [Craft Scheduler Thread - 76/ERROR]: [iDisguise] Cannot retrieve the required profile information.
java.lang.NullPointerException: Cannot invoke "org.json.simple.JSONObject.get(Object)" because "object" is null
	at de.robingrether.idisguise.management.profile.ProfileHelperUID.loadGameProfile(ProfileHelperUID.java:77) [iDisguise.jar:?]
	at de.robingrether.idisguise.management.profile.ProfileHelperUID.access$100(ProfileHelperUID.java:34) [iDisguise.jar:?]
	at de.robingrether.idisguise.management.profile.ProfileHelperUID$3.run(ProfileHelperUID.java:227) [iDisguise.jar:?]
	at org.bukkit.craftbukkit.v1_8_R3.scheduler.CraftTask.run(CraftTask.java:59) [patched_1.8.8.jar:git-PandaSpigot-119]
	at org.bukkit.craftbukkit.v1_8_R3.scheduler.CraftAsyncTask.run(CraftAsyncTask.java:53) [patched_1.8.8.jar:git-PandaSpigot-119]
	at org.github.paperspigot.ServerSchedulerReportingWrapper.run(ServerSchedulerReportingWrapper.java:23) [patched_1.8.8.jar:git-PandaSpigot-119]
	at java.util.concurrent.ThreadPoolExecutor.runWorker(ThreadPoolExecutor.java:1136) [?:?]
	at java.util.concurrent.ThreadPoolExecutor$Worker.run(ThreadPoolExecutor.java:635) [?:?]
	at java.lang.Thread.run(Thread.java:840) [?:?]
[02:38:28] [Craft Scheduler Thread - 60/ERROR]: [iDisguise] Cannot retrieve the required profile information.
java.lang.NullPointerException: Cannot invoke "org.json.simple.JSONObject.get(Object)" because "object" is null
	at de.robingrether.idisguise.management.profile.ProfileHelperUID.loadGameProfile(ProfileHelperUID.java:77) [iDisguise.jar:?]
	at de.robingrether.idisguise.management.profile.ProfileHelperUID.access$100(ProfileHelperUID.java:34) [iDisguise.jar:?]
	at de.robingrether.idisguise.management.profile.ProfileHelperUID$3.run(ProfileHelperUID.java:227) [iDisguise.jar:?]
	at org.bukkit.craftbukkit.v1_8_R3.scheduler.CraftTask.run(CraftTask.java:59) [patched_1.8.8.jar:git-PandaSpigot-119]
	at org.bukkit.craftbukkit.v1_8_R3.scheduler.CraftAsyncTask.run(CraftAsyncTask.java:53) [patched_1.8.8.jar:git-PandaSpigot-119]
	at org.github.paperspigot.ServerSchedulerReportingWrapper.run(ServerSchedulerReportingWrapper.java:23) [patched_1.8.8.jar:git-PandaSpigot-119]
	at java.util.concurrent.ThreadPoolExecutor.runWorker(ThreadPoolExecutor.java:1136) [?:?]
	at java.util.concurrent.ThreadPoolExecutor$Worker.run(ThreadPoolExecutor.java:635) [?:?]
	at java.lang.Thread.run(Thread.java:840) [?:?]
[02:38:28] [Craft Scheduler Thread - 56/ERROR]: [iDisguise] Cannot retrieve the required profile information.
java.lang.NullPointerException: Cannot invoke "org.json.simple.JSONObject.get(Object)" because "object" is null
	at de.robingrether.idisguise.management.profile.ProfileHelperUID.loadGameProfile(ProfileHelperUID.java:77) [iDisguise.jar:?]
	at de.robingrether.idisguise.management.profile.ProfileHelperUID.access$100(ProfileHelperUID.java:34) [iDisguise.jar:?]
	at de.robingrether.idisguise.management.profile.ProfileHelperUID$3.run(ProfileHelperUID.java:227) [iDisguise.jar:?]
	at org.bukkit.craftbukkit.v1_8_R3.scheduler.CraftTask.run(CraftTask.java:59) [patched_1.8.8.jar:git-PandaSpigot-119]
	at org.bukkit.craftbukkit.v1_8_R3.scheduler.CraftAsyncTask.run(CraftAsyncTask.java:53) [patched_1.8.8.jar:git-PandaSpigot-119]
	at org.github.paperspigot.ServerSchedulerReportingWrapper.run(ServerSchedulerReportingWrapper.java:23) [patched_1.8.8.jar:git-PandaSpigot-119]
	at java.util.concurrent.ThreadPoolExecutor.runWorker(ThreadPoolExecutor.java:1136) [?:?]
	at java.util.concurrent.ThreadPoolExecutor$Worker.run(ThreadPoolExecutor.java:635) [?:?]
	at java.lang.Thread.run(Thread.java:840) [?:?]
[02:38:28] [Craft Scheduler Thread - 64/ERROR]: [iDisguise] Cannot retrieve the required profile information.
java.lang.NullPointerException: Cannot invoke "org.json.simple.JSONObject.get(Object)" because "object" is null
	at de.robingrether.idisguise.management.profile.ProfileHelperUID.loadGameProfile(ProfileHelperUID.java:77) [iDisguise.jar:?]
	at de.robingrether.idisguise.management.profile.ProfileHelperUID.access$100(ProfileHelperUID.java:34) [iDisguise.jar:?]
	at de.robingrether.idisguise.management.profile.ProfileHelperUID$3.run(ProfileHelperUID.java:227) [iDisguise.jar:?]
	at org.bukkit.craftbukkit.v1_8_R3.scheduler.CraftTask.run(CraftTask.java:59) [patched_1.8.8.jar:git-PandaSpigot-119]
	at org.bukkit.craftbukkit.v1_8_R3.scheduler.CraftAsyncTask.run(CraftAsyncTask.java:53) [patched_1.8.8.jar:git-PandaSpigot-119]
	at org.github.paperspigot.ServerSchedulerReportingWrapper.run(ServerSchedulerReportingWrapper.java:23) [patched_1.8.8.jar:git-PandaSpigot-119]
	at java.util.concurrent.ThreadPoolExecutor.runWorker(ThreadPoolExecutor.java:1136) [?:?]
	at java.util.concurrent.ThreadPoolExecutor$Worker.run(ThreadPoolExecutor.java:635) [?:?]
	at java.lang.Thread.run(Thread.java:840) [?:?]
[02:38:28] [Craft Scheduler Thread - 77/ERROR]: [iDisguise] Cannot retrieve the required profile information.
java.lang.NullPointerException: Cannot invoke "org.json.simple.JSONObject.get(Object)" because "object" is null
	at de.robingrether.idisguise.management.profile.ProfileHelperUID.loadGameProfile(ProfileHelperUID.java:77) [iDisguise.jar:?]
	at de.robingrether.idisguise.management.profile.ProfileHelperUID.access$100(ProfileHelperUID.java:34) [iDisguise.jar:?]
	at de.robingrether.idisguise.management.profile.ProfileHelperUID$3.run(ProfileHelperUID.java:227) [iDisguise.jar:?]
	at org.bukkit.craftbukkit.v1_8_R3.scheduler.CraftTask.run(CraftTask.java:59) [patched_1.8.8.jar:git-PandaSpigot-119]
	at org.bukkit.craftbukkit.v1_8_R3.scheduler.CraftAsyncTask.run(CraftAsyncTask.java:53) [patched_1.8.8.jar:git-PandaSpigot-119]
	at org.github.paperspigot.ServerSchedulerReportingWrapper.run(ServerSchedulerReportingWrapper.java:23) [patched_1.8.8.jar:git-PandaSpigot-119]
	at java.util.concurrent.ThreadPoolExecutor.runWorker(ThreadPoolExecutor.java:1136) [?:?]
	at java.util.concurrent.ThreadPoolExecutor$Worker.run(ThreadPoolExecutor.java:635) [?:?]
	at java.lang.Thread.run(Thread.java:840) [?:?]
[02:38:28] [Craft Scheduler Thread - 71/ERROR]: [iDisguise] Cannot retrieve the required profile information.
java.lang.NullPointerException: Cannot invoke "org.json.simple.JSONObject.get(Object)" because "object" is null
	at de.robingrether.idisguise.management.profile.ProfileHelperUID.loadGameProfile(ProfileHelperUID.java:77) [iDisguise.jar:?]
	at de.robingrether.idisguise.management.profile.ProfileHelperUID.access$100(ProfileHelperUID.java:34) [iDisguise.jar:?]
	at de.robingrether.idisguise.management.profile.ProfileHelperUID$3.run(ProfileHelperUID.java:227) [iDisguise.jar:?]
	at org.bukkit.craftbukkit.v1_8_R3.scheduler.CraftTask.run(CraftTask.java:59) [patched_1.8.8.jar:git-PandaSpigot-119]
	at org.bukkit.craftbukkit.v1_8_R3.scheduler.CraftAsyncTask.run(CraftAsyncTask.java:53) [patched_1.8.8.jar:git-PandaSpigot-119]
	at org.github.paperspigot.ServerSchedulerReportingWrapper.run(ServerSchedulerReportingWrapper.java:23) [patched_1.8.8.jar:git-PandaSpigot-119]
	at java.util.concurrent.ThreadPoolExecutor.runWorker(ThreadPoolExecutor.java:1136) [?:?]
	at java.util.concurrent.ThreadPoolExecutor$Worker.run(ThreadPoolExecutor.java:635) [?:?]
	at java.lang.Thread.run(Thread.java:840) [?:?]
[02:38:28] [Craft Scheduler Thread - 79/ERROR]: [iDisguise] Cannot retrieve the required profile information.
java.lang.NullPointerException: Cannot invoke "org.json.simple.JSONObject.get(Object)" because "object" is null
	at de.robingrether.idisguise.management.profile.ProfileHelperUID.loadGameProfile(ProfileHelperUID.java:77) [iDisguise.jar:?]
	at de.robingrether.idisguise.management.profile.ProfileHelperUID.access$100(ProfileHelperUID.java:34) [iDisguise.jar:?]
	at de.robingrether.idisguise.management.profile.ProfileHelperUID$3.run(ProfileHelperUID.java:227) [iDisguise.jar:?]
	at org.bukkit.craftbukkit.v1_8_R3.scheduler.CraftTask.run(CraftTask.java:59) [patched_1.8.8.jar:git-PandaSpigot-119]
	at org.bukkit.craftbukkit.v1_8_R3.scheduler.CraftAsyncTask.run(CraftAsyncTask.java:53) [patched_1.8.8.jar:git-PandaSpigot-119]
	at org.github.paperspigot.ServerSchedulerReportingWrapper.run(ServerSchedulerReportingWrapper.java:23) [patched_1.8.8.jar:git-PandaSpigot-119]
	at java.util.concurrent.ThreadPoolExecutor.runWorker(ThreadPoolExecutor.java:1136) [?:?]
	at java.util.concurrent.ThreadPoolExecutor$Worker.run(ThreadPoolExecutor.java:635) [?:?]
	at java.lang.Thread.run(Thread.java:840) [?:?]
[02:38:28] [Craft Scheduler Thread - 68/ERROR]: [iDisguise] Cannot retrieve the required profile information.
java.lang.NullPointerException: Cannot invoke "org.json.simple.JSONObject.get(Object)" because "object" is null
	at de.robingrether.idisguise.management.profile.ProfileHelperUID.loadGameProfile(ProfileHelperUID.java:77) [iDisguise.jar:?]
	at de.robingrether.idisguise.management.profile.ProfileHelperUID.access$100(ProfileHelperUID.java:34) [iDisguise.jar:?]
	at de.robingrether.idisguise.management.profile.ProfileHelperUID$3.run(ProfileHelperUID.java:227) [iDisguise.jar:?]
	at org.bukkit.craftbukkit.v1_8_R3.scheduler.CraftTask.run(CraftTask.java:59) [patched_1.8.8.jar:git-PandaSpigot-119]
	at org.bukkit.craftbukkit.v1_8_R3.scheduler.CraftAsyncTask.run(CraftAsyncTask.java:53) [patched_1.8.8.jar:git-PandaSpigot-119]
	at org.github.paperspigot.ServerSchedulerReportingWrapper.run(ServerSchedulerReportingWrapper.java:23) [patched_1.8.8.jar:git-PandaSpigot-119]
	at java.util.concurrent.ThreadPoolExecutor.runWorker(ThreadPoolExecutor.java:1136) [?:?]
	at java.util.concurrent.ThreadPoolExecutor$Worker.run(ThreadPoolExecutor.java:635) [?:?]
	at java.lang.Thread.run(Thread.java:840) [?:?]
[02:38:28] [Craft Scheduler Thread - 57/INFO]: [ViaVersion] Finished mapping loading, shutting down loader executor!
[02:38:28] [Craft Scheduler Thread - 59/ERROR]: [iDisguise] Cannot retrieve the required profile information.
java.lang.NullPointerException: Cannot invoke "org.json.simple.JSONObject.get(Object)" because "object" is null
	at de.robingrether.idisguise.management.profile.ProfileHelperUID.loadGameProfile(ProfileHelperUID.java:77) [iDisguise.jar:?]
	at de.robingrether.idisguise.management.profile.ProfileHelperUID.access$100(ProfileHelperUID.java:34) [iDisguise.jar:?]
	at de.robingrether.idisguise.management.profile.ProfileHelperUID$3.run(ProfileHelperUID.java:227) [iDisguise.jar:?]
	at org.bukkit.craftbukkit.v1_8_R3.scheduler.CraftTask.run(CraftTask.java:59) [patched_1.8.8.jar:git-PandaSpigot-119]
	at org.bukkit.craftbukkit.v1_8_R3.scheduler.CraftAsyncTask.run(CraftAsyncTask.java:53) [patched_1.8.8.jar:git-PandaSpigot-119]
	at org.github.paperspigot.ServerSchedulerReportingWrapper.run(ServerSchedulerReportingWrapper.java:23) [patched_1.8.8.jar:git-PandaSpigot-119]
	at java.util.concurrent.ThreadPoolExecutor.runWorker(ThreadPoolExecutor.java:1136) [?:?]
	at java.util.concurrent.ThreadPoolExecutor$Worker.run(ThreadPoolExecutor.java:635) [?:?]
	at java.lang.Thread.run(Thread.java:840) [?:?]
[02:38:28] [Craft Scheduler Thread - 70/INFO]: [Vault] Checking for Updates ... 
[02:38:28] [Craft Scheduler Thread - 63/ERROR]: [iDisguise] Cannot retrieve the required profile information.
java.lang.NullPointerException: Cannot invoke "org.json.simple.JSONObject.get(Object)" because "object" is null
	at de.robingrether.idisguise.management.profile.ProfileHelperUID.loadGameProfile(ProfileHelperUID.java:77) [iDisguise.jar:?]
	at de.robingrether.idisguise.management.profile.ProfileHelperUID.access$100(ProfileHelperUID.java:34) [iDisguise.jar:?]
	at de.robingrether.idisguise.management.profile.ProfileHelperUID$3.run(ProfileHelperUID.java:227) [iDisguise.jar:?]
	at org.bukkit.craftbukkit.v1_8_R3.scheduler.CraftTask.run(CraftTask.java:59) [patched_1.8.8.jar:git-PandaSpigot-119]
	at org.bukkit.craftbukkit.v1_8_R3.scheduler.CraftAsyncTask.run(CraftAsyncTask.java:53) [patched_1.8.8.jar:git-PandaSpigot-119]
	at org.github.paperspigot.ServerSchedulerReportingWrapper.run(ServerSchedulerReportingWrapper.java:23) [patched_1.8.8.jar:git-PandaSpigot-119]
	at java.util.concurrent.ThreadPoolExecutor.runWorker(ThreadPoolExecutor.java:1136) [?:?]
	at java.util.concurrent.ThreadPoolExecutor$Worker.run(ThreadPoolExecutor.java:635) [?:?]
	at java.lang.Thread.run(Thread.java:840) [?:?]
[02:38:28] [Server thread/INFO]: /[0:0:0:0:0:0:0:1]:59646 lost connection: [BungeeGuard]

Please install BungeeGuard+ on all servers
to finish securing your proxy setup.

More information:
docs.nickuc.com/bungeeguard
[02:38:28] [Craft Scheduler Thread - 56/ERROR]: [iDisguise] Cannot retrieve the required profile information.
java.lang.NullPointerException: Cannot invoke "org.json.simple.JSONObject.get(Object)" because "object" is null
	at de.robingrether.idisguise.management.profile.ProfileHelperUID.loadGameProfile(ProfileHelperUID.java:77) [iDisguise.jar:?]
	at de.robingrether.idisguise.management.profile.ProfileHelperUID.access$100(ProfileHelperUID.java:34) [iDisguise.jar:?]
	at de.robingrether.idisguise.management.profile.ProfileHelperUID$3.run(ProfileHelperUID.java:227) [iDisguise.jar:?]
	at org.bukkit.craftbukkit.v1_8_R3.scheduler.CraftTask.run(CraftTask.java:59) [patched_1.8.8.jar:git-PandaSpigot-119]
	at org.bukkit.craftbukkit.v1_8_R3.scheduler.CraftAsyncTask.run(CraftAsyncTask.java:53) [patched_1.8.8.jar:git-PandaSpigot-119]
	at org.github.paperspigot.ServerSchedulerReportingWrapper.run(ServerSchedulerReportingWrapper.java:23) [patched_1.8.8.jar:git-PandaSpigot-119]
	at java.util.concurrent.ThreadPoolExecutor.runWorker(ThreadPoolExecutor.java:1136) [?:?]
	at java.util.concurrent.ThreadPoolExecutor$Worker.run(ThreadPoolExecutor.java:635) [?:?]
	at java.lang.Thread.run(Thread.java:840) [?:?]
[02:38:28] [Craft Scheduler Thread - 76/ERROR]: [iDisguise] Cannot retrieve the required profile information.
java.lang.NullPointerException: Cannot invoke "org.json.simple.JSONObject.get(Object)" because "object" is null
	at de.robingrether.idisguise.management.profile.ProfileHelperUID.loadGameProfile(ProfileHelperUID.java:77) [iDisguise.jar:?]
	at de.robingrether.idisguise.management.profile.ProfileHelperUID.access$100(ProfileHelperUID.java:34) [iDisguise.jar:?]
	at de.robingrether.idisguise.management.profile.ProfileHelperUID$3.run(ProfileHelperUID.java:227) [iDisguise.jar:?]
	at org.bukkit.craftbukkit.v1_8_R3.scheduler.CraftTask.run(CraftTask.java:59) [patched_1.8.8.jar:git-PandaSpigot-119]
	at org.bukkit.craftbukkit.v1_8_R3.scheduler.CraftAsyncTask.run(CraftAsyncTask.java:53) [patched_1.8.8.jar:git-PandaSpigot-119]
	at org.github.paperspigot.ServerSchedulerReportingWrapper.run(ServerSchedulerReportingWrapper.java:23) [patched_1.8.8.jar:git-PandaSpigot-119]
	at java.util.concurrent.ThreadPoolExecutor.runWorker(ThreadPoolExecutor.java:1136) [?:?]
	at java.util.concurrent.ThreadPoolExecutor$Worker.run(ThreadPoolExecutor.java:635) [?:?]
	at java.lang.Thread.run(Thread.java:840) [?:?]
[02:38:28] [Craft Scheduler Thread - 61/ERROR]: [iDisguise] Cannot retrieve the required profile information.
java.lang.NullPointerException: Cannot invoke "org.json.simple.JSONObject.get(Object)" because "object" is null
	at de.robingrether.idisguise.management.profile.ProfileHelperUID.loadGameProfile(ProfileHelperUID.java:77) [iDisguise.jar:?]
	at de.robingrether.idisguise.management.profile.ProfileHelperUID.access$100(ProfileHelperUID.java:34) [iDisguise.jar:?]
	at de.robingrether.idisguise.management.profile.ProfileHelperUID$3.run(ProfileHelperUID.java:227) [iDisguise.jar:?]
	at org.bukkit.craftbukkit.v1_8_R3.scheduler.CraftTask.run(CraftTask.java:59) [patched_1.8.8.jar:git-PandaSpigot-119]
	at org.bukkit.craftbukkit.v1_8_R3.scheduler.CraftAsyncTask.run(CraftAsyncTask.java:53) [patched_1.8.8.jar:git-PandaSpigot-119]
	at org.github.paperspigot.ServerSchedulerReportingWrapper.run(ServerSchedulerReportingWrapper.java:23) [patched_1.8.8.jar:git-PandaSpigot-119]
	at java.util.concurrent.ThreadPoolExecutor.runWorker(ThreadPoolExecutor.java:1136) [?:?]
	at java.util.concurrent.ThreadPoolExecutor$Worker.run(ThreadPoolExecutor.java:635) [?:?]
	at java.lang.Thread.run(Thread.java:840) [?:?]
[02:38:28] [Craft Scheduler Thread - 64/ERROR]: [iDisguise] Cannot retrieve the required profile information.
java.lang.NullPointerException: Cannot invoke "org.json.simple.JSONObject.get(Object)" because "object" is null
	at de.robingrether.idisguise.management.profile.ProfileHelperUID.loadGameProfile(ProfileHelperUID.java:77) [iDisguise.jar:?]
	at de.robingrether.idisguise.management.profile.ProfileHelperUID.access$100(ProfileHelperUID.java:34) [iDisguise.jar:?]
	at de.robingrether.idisguise.management.profile.ProfileHelperUID$3.run(ProfileHelperUID.java:227) [iDisguise.jar:?]
	at org.bukkit.craftbukkit.v1_8_R3.scheduler.CraftTask.run(CraftTask.java:59) [patched_1.8.8.jar:git-PandaSpigot-119]
	at org.bukkit.craftbukkit.v1_8_R3.scheduler.CraftAsyncTask.run(CraftAsyncTask.java:53) [patched_1.8.8.jar:git-PandaSpigot-119]
	at org.github.paperspigot.ServerSchedulerReportingWrapper.run(ServerSchedulerReportingWrapper.java:23) [patched_1.8.8.jar:git-PandaSpigot-119]
	at java.util.concurrent.ThreadPoolExecutor.runWorker(ThreadPoolExecutor.java:1136) [?:?]
	at java.util.concurrent.ThreadPoolExecutor$Worker.run(ThreadPoolExecutor.java:635) [?:?]
	at java.lang.Thread.run(Thread.java:840) [?:?]
[02:38:28] [Craft Scheduler Thread - 82/ERROR]: [iDisguise] Cannot retrieve the required profile information.
java.lang.NullPointerException: Cannot invoke "org.json.simple.JSONObject.get(Object)" because "object" is null
	at de.robingrether.idisguise.management.profile.ProfileHelperUID.loadGameProfile(ProfileHelperUID.java:77) [iDisguise.jar:?]
	at de.robingrether.idisguise.management.profile.ProfileHelperUID.access$100(ProfileHelperUID.java:34) [iDisguise.jar:?]
	at de.robingrether.idisguise.management.profile.ProfileHelperUID$3.run(ProfileHelperUID.java:227) [iDisguise.jar:?]
	at org.bukkit.craftbukkit.v1_8_R3.scheduler.CraftTask.run(CraftTask.java:59) [patched_1.8.8.jar:git-PandaSpigot-119]
	at org.bukkit.craftbukkit.v1_8_R3.scheduler.CraftAsyncTask.run(CraftAsyncTask.java:53) [patched_1.8.8.jar:git-PandaSpigot-119]
	at org.github.paperspigot.ServerSchedulerReportingWrapper.run(ServerSchedulerReportingWrapper.java:23) [patched_1.8.8.jar:git-PandaSpigot-119]
	at java.util.concurrent.ThreadPoolExecutor.runWorker(ThreadPoolExecutor.java:1136) [?:?]
	at java.util.concurrent.ThreadPoolExecutor$Worker.run(ThreadPoolExecutor.java:635) [?:?]
	at java.lang.Thread.run(Thread.java:840) [?:?]
[02:38:28] [Craft Scheduler Thread - 70/INFO]: [Vault] No new version available
[02:38:28] [Server thread/WARN]: [ViaVersion] There is a newer plugin version available: 5.3.2, you're on: 5.0.0
[02:38:33] [Netty Server IO #0/WARN]: [BungeeGuard] Denying connection from 0:0:0:0:0:0:0:1 -  - reason: NO_TOKEN
[02:38:33] [Server thread/INFO]: /[0:0:0:0:0:0:0:1]:41966 lost connection: [BungeeGuard]

Please install BungeeGuard+ on all servers
to finish securing your proxy setup.

More information:
docs.nickuc.com/bungeeguard
[02:38:38] [Netty Server IO #1/WARN]: [BungeeGuard] Denying connection from 0:0:0:0:0:0:0:1 -  - reason: NO_TOKEN
[02:38:38] [Server thread/INFO]: /[0:0:0:0:0:0:0:1]:41982 lost connection: [BungeeGuard]

Please install BungeeGuard+ on all servers
to finish securing your proxy setup.

More information:
docs.nickuc.com/bungeeguard
[02:38:43] [Netty Server IO #2/WARN]: [BungeeGuard] Denying connection from 0:0:0:0:0:0:0:1 -  - reason: NO_TOKEN
[02:38:43] [Server thread/INFO]: /[0:0:0:0:0:0:0:1]:49890 lost connection: [BungeeGuard]

Please install BungeeGuard+ on all servers
to finish securing your proxy setup.

More information:
docs.nickuc.com/bungeeguard
[02:38:48] [Netty Server IO #3/WARN]: [BungeeGuard] Denying connection from 0:0:0:0:0:0:0:1 -  - reason: NO_TOKEN
[02:38:48] [Server thread/INFO]: /[0:0:0:0:0:0:0:1]:49896 lost connection: [BungeeGuard]

Please install BungeeGuard+ on all servers
to finish securing your proxy setup.

More information:
docs.nickuc.com/bungeeguard
[02:38:53] [Netty Server IO #0/WARN]: [BungeeGuard] Denying connection from 0:0:0:0:0:0:0:1 -  - reason: NO_TOKEN
[02:38:53] [Server thread/INFO]: /[0:0:0:0:0:0:0:1]:59858 lost connection: [BungeeGuard]

Please install BungeeGuard+ on all servers
to finish securing your proxy setup.

More information:
docs.nickuc.com/bungeeguard
[02:38:58] [Netty Server IO #1/WARN]: [BungeeGuard] Denying connection from 0:0:0:0:0:0:0:1 -  - reason: NO_TOKEN
[02:38:58] [Server thread/INFO]: /[0:0:0:0:0:0:0:1]:59868 lost connection: [BungeeGuard]

Please install BungeeGuard+ on all servers
to finish securing your proxy setup.

More information:
docs.nickuc.com/bungeeguard
[02:39:03] [Netty Server IO #2/WARN]: [BungeeGuard] Denying connection from 0:0:0:0:0:0:0:1 -  - reason: NO_TOKEN
[02:39:03] [Server thread/INFO]: /[0:0:0:0:0:0:0:1]:58282 lost connection: [BungeeGuard]

Please install BungeeGuard+ on all servers
to finish securing your proxy setup.

More information:
docs.nickuc.com/bungeeguard
[02:39:05] [Server thread/INFO]: CONSOLE: Please note that this command is not supported and may cause issues when using some plugins.
[02:39:05] [Server thread/INFO]: CONSOLE: If you encounter any issues please use the /stop command to restart your server.
[02:39:05] [Server thread/INFO]: Debug logging is disabled
[02:39:05] [Server thread/INFO]: Spigot Timings: true - Verbose: true - Interval: 5m - Length: 60m
[02:39:05] [Server thread/INFO]: Server Ping Player Sample Count: 12

[02:39:05] [Server thread/INFO]: Using 4 threads for Netty based IO
[02:39:05] [Server thread/INFO]: Data value allowed items: 
[02:39:05] [Server thread/INFO]: -------- World Settings For [world] --------
[02:39:05] [Server thread/INFO]: Chunks to Grow per Tick: 650
[02:39:05] [Server thread/INFO]: Clear tick list: false
[02:39:05] [Server thread/INFO]: Experience Merge Radius: 3.0
[02:39:05] [Server thread/INFO]: Mob Spawn Range: 4
[02:39:05] [Server thread/INFO]: Anti X-Ray: true
[02:39:05] [Server thread/INFO]: 	Engine Mode: 1
[02:39:05] [Server thread/INFO]: 	Hidden Blocks: [14, 15, 16, 21, 48, 49, 54, 56, 73, 74, 82, 129, 130]
[02:39:05] [Server thread/INFO]: 	Replace Blocks: [1, 5]
[02:39:05] [Server thread/INFO]: Nerfing mobs spawned from spawners: false
[02:39:05] [Server thread/INFO]: Cactus Growth Modifier: 100%
[02:39:05] [Server thread/INFO]: Cane Growth Modifier: 100%
[02:39:05] [Server thread/INFO]: Melon Growth Modifier: 100%
[02:39:05] [Server thread/INFO]: Mushroom Growth Modifier: 100%
[02:39:05] [Server thread/INFO]: Pumpkin Growth Modifier: 100%
[02:39:05] [Server thread/INFO]: Sapling Growth Modifier: 100%
[02:39:05] [Server thread/INFO]: Wheat Growth Modifier: 100%
[02:39:05] [Server thread/INFO]: NetherWart Growth Modifier: 100%
[02:39:05] [Server thread/INFO]: Entity Activation Range: An 32 / Mo 32 / Mi 16
[02:39:05] [Server thread/INFO]: Entity Tracking Range: Pl 48 / An 48 / Mo 48 / Mi 32 / Other 64
[02:39:05] [Server thread/INFO]: Hopper Transfer: 8 Hopper Check: 8 Hopper Amount: 1
[02:39:05] [Server thread/INFO]: Random Lighting Updates: false
[02:39:05] [Server thread/INFO]: Structure Info Saving: true
[02:39:05] [Server thread/INFO]: Sending up to 10 chunks per packet
[02:39:05] [Server thread/INFO]: Max Entity Collisions: 8
[02:39:05] [Server thread/INFO]: Custom Map Seeds:  Village: 10387312 Feature: 14357617
[02:39:05] [Server thread/INFO]: Max TNT Explosions: 100
[02:39:05] [Server thread/INFO]: Tile Max Tick Time: 50ms Entity max Tick Time: 50ms
[02:39:05] [Server thread/INFO]: Item Despawn Rate: 6000
[02:39:05] [Server thread/INFO]: Item Merge Radius: 2.5
[02:39:05] [Server thread/INFO]: Arrow Despawn Rate: 1200
[02:39:05] [Server thread/INFO]: View Distance: 10
[02:39:05] [Server thread/INFO]: Allow Zombie Pigmen to spawn from portal blocks: true
[02:39:05] [Server thread/INFO]: Zombie Aggressive Towards Villager: true
[02:39:05] [Server thread/INFO]: -------- World Settings For [world] --------
[02:39:05] [Server thread/INFO]: Keep spawn chunk loaded: true
[02:39:05] [Server thread/INFO]: WorldServer TickNextTick cap set at 10000
[02:39:05] [Server thread/INFO]: WorldServer TickNextTickList cap always processes redstone: false
[02:39:05] [Server thread/INFO]: World async lighting: false
[02:39:05] [Server thread/INFO]: Max height for cactus growth 3. Max height for reed growth 3
[02:39:05] [Server thread/INFO]: Living Entity Despawn Ranges:  Soft: 32 Hard: 128
[02:39:05] [Server thread/INFO]: Squids will spawn between Y: 45.0 and Y: 63.0
[02:39:05] [Server thread/INFO]: Player blocking damage multiplier set to 0.5
[02:39:05] [Server thread/INFO]: Remove invalid mob spawner tile entities: true
[02:39:05] [Server thread/INFO]: Water over lava flow speed: 5
[02:39:05] [Server thread/INFO]: Fix TNT cannons: false
[02:39:05] [Server thread/INFO]: Allow undead horse types to be leashed: false
[02:39:05] [Server thread/INFO]: -------- World Settings For [world_nether] --------
[02:39:05] [Server thread/INFO]: Chunks to Grow per Tick: 650
[02:39:05] [Server thread/INFO]: Clear tick list: false
[02:39:05] [Server thread/INFO]: Experience Merge Radius: 3.0
[02:39:05] [Server thread/INFO]: Mob Spawn Range: 4
[02:39:05] [Server thread/INFO]: Anti X-Ray: true
[02:39:05] [Server thread/INFO]: 	Engine Mode: 1
[02:39:05] [Server thread/INFO]: 	Hidden Blocks: [14, 15, 16, 21, 48, 49, 54, 56, 73, 74, 82, 129, 130]
[02:39:05] [Server thread/INFO]: 	Replace Blocks: [1, 5]
[02:39:05] [Server thread/INFO]: Nerfing mobs spawned from spawners: false
[02:39:05] [Server thread/INFO]: Cactus Growth Modifier: 100%
[02:39:05] [Server thread/INFO]: Cane Growth Modifier: 100%
[02:39:05] [Server thread/INFO]: Melon Growth Modifier: 100%
[02:39:05] [Server thread/INFO]: Mushroom Growth Modifier: 100%
[02:39:05] [Server thread/INFO]: Pumpkin Growth Modifier: 100%
[02:39:05] [Server thread/INFO]: Sapling Growth Modifier: 100%
[02:39:05] [Server thread/INFO]: Wheat Growth Modifier: 100%
[02:39:05] [Server thread/INFO]: NetherWart Growth Modifier: 100%
[02:39:05] [Server thread/INFO]: Entity Activation Range: An 32 / Mo 32 / Mi 16
[02:39:05] [Server thread/INFO]: Entity Tracking Range: Pl 48 / An 48 / Mo 48 / Mi 32 / Other 64
[02:39:05] [Server thread/INFO]: Hopper Transfer: 8 Hopper Check: 8 Hopper Amount: 1
[02:39:05] [Server thread/INFO]: Random Lighting Updates: false
[02:39:05] [Server thread/INFO]: Structure Info Saving: true
[02:39:05] [Server thread/INFO]: Sending up to 10 chunks per packet
[02:39:05] [Server thread/INFO]: Max Entity Collisions: 8
[02:39:05] [Server thread/INFO]: Custom Map Seeds:  Village: 10387312 Feature: 14357617
[02:39:05] [Server thread/INFO]: Max TNT Explosions: 100
[02:39:05] [Server thread/INFO]: Tile Max Tick Time: 50ms Entity max Tick Time: 50ms
[02:39:05] [Server thread/INFO]: Item Despawn Rate: 6000
[02:39:05] [Server thread/INFO]: Item Merge Radius: 2.5
[02:39:05] [Server thread/INFO]: Arrow Despawn Rate: 1200
[02:39:05] [Server thread/INFO]: View Distance: 10
[02:39:05] [Server thread/INFO]: Allow Zombie Pigmen to spawn from portal blocks: true
[02:39:05] [Server thread/INFO]: Zombie Aggressive Towards Villager: true
[02:39:05] [Server thread/INFO]: -------- World Settings For [world_nether] --------
[02:39:05] [Server thread/INFO]: Keep spawn chunk loaded: true
[02:39:05] [Server thread/INFO]: WorldServer TickNextTick cap set at 10000
[02:39:05] [Server thread/INFO]: WorldServer TickNextTickList cap always processes redstone: false
[02:39:05] [Server thread/INFO]: World async lighting: false
[02:39:05] [Server thread/INFO]: Max height for cactus growth 3. Max height for reed growth 3
[02:39:05] [Server thread/INFO]: Living Entity Despawn Ranges:  Soft: 32 Hard: 128
[02:39:05] [Server thread/INFO]: Squids will spawn between Y: 45.0 and Y: 63.0
[02:39:05] [Server thread/INFO]: Player blocking damage multiplier set to 0.5
[02:39:05] [Server thread/INFO]: Remove invalid mob spawner tile entities: true
[02:39:05] [Server thread/INFO]: Water over lava flow speed: 5
[02:39:05] [Server thread/INFO]: Fix TNT cannons: false
[02:39:05] [Server thread/INFO]: Allow undead horse types to be leashed: false
[02:39:05] [Server thread/INFO]: -------- World Settings For [world_the_end] --------
[02:39:05] [Server thread/INFO]: Chunks to Grow per Tick: 650
[02:39:05] [Server thread/INFO]: Clear tick list: false
[02:39:05] [Server thread/INFO]: Experience Merge Radius: 3.0
[02:39:05] [Server thread/INFO]: Mob Spawn Range: 4
[02:39:05] [Server thread/INFO]: Anti X-Ray: true
[02:39:05] [Server thread/INFO]: 	Engine Mode: 1
[02:39:05] [Server thread/INFO]: 	Hidden Blocks: [14, 15, 16, 21, 48, 49, 54, 56, 73, 74, 82, 129, 130]
[02:39:05] [Server thread/INFO]: 	Replace Blocks: [1, 5]
[02:39:05] [Server thread/INFO]: Nerfing mobs spawned from spawners: false
[02:39:05] [Server thread/INFO]: Cactus Growth Modifier: 100%
[02:39:05] [Server thread/INFO]: Cane Growth Modifier: 100%
[02:39:05] [Server thread/INFO]: Melon Growth Modifier: 100%
[02:39:05] [Server thread/INFO]: Mushroom Growth Modifier: 100%
[02:39:05] [Server thread/INFO]: Pumpkin Growth Modifier: 100%
[02:39:05] [Server thread/INFO]: Sapling Growth Modifier: 100%
[02:39:05] [Server thread/INFO]: Wheat Growth Modifier: 100%
[02:39:05] [Server thread/INFO]: NetherWart Growth Modifier: 100%
[02:39:05] [Server thread/INFO]: Entity Activation Range: An 32 / Mo 32 / Mi 16
[02:39:05] [Server thread/INFO]: Entity Tracking Range: Pl 48 / An 48 / Mo 48 / Mi 32 / Other 64
[02:39:05] [Server thread/INFO]: Hopper Transfer: 8 Hopper Check: 8 Hopper Amount: 1
[02:39:05] [Server thread/INFO]: Random Lighting Updates: false
[02:39:05] [Server thread/INFO]: Structure Info Saving: true
[02:39:05] [Server thread/INFO]: Sending up to 10 chunks per packet
[02:39:05] [Server thread/INFO]: Max Entity Collisions: 8
[02:39:05] [Server thread/INFO]: Custom Map Seeds:  Village: 10387312 Feature: 14357617
[02:39:05] [Server thread/INFO]: Max TNT Explosions: 100
[02:39:05] [Server thread/INFO]: Tile Max Tick Time: 50ms Entity max Tick Time: 50ms
[02:39:05] [Server thread/INFO]: Item Despawn Rate: 6000
[02:39:05] [Server thread/INFO]: Item Merge Radius: 2.5
[02:39:05] [Server thread/INFO]: Arrow Despawn Rate: 1200
[02:39:05] [Server thread/INFO]: View Distance: 10
[02:39:05] [Server thread/INFO]: Allow Zombie Pigmen to spawn from portal blocks: true
[02:39:05] [Server thread/INFO]: Zombie Aggressive Towards Villager: true
[02:39:05] [Server thread/INFO]: -------- World Settings For [world_the_end] --------
[02:39:05] [Server thread/INFO]: Keep spawn chunk loaded: true
[02:39:05] [Server thread/INFO]: WorldServer TickNextTick cap set at 10000
[02:39:05] [Server thread/INFO]: WorldServer TickNextTickList cap always processes redstone: false
[02:39:05] [Server thread/INFO]: World async lighting: false
[02:39:05] [Server thread/INFO]: Max height for cactus growth 3. Max height for reed growth 3
[02:39:05] [Server thread/INFO]: Living Entity Despawn Ranges:  Soft: 32 Hard: 128
[02:39:05] [Server thread/INFO]: Squids will spawn between Y: 45.0 and Y: 63.0
[02:39:05] [Server thread/INFO]: Player blocking damage multiplier set to 0.5
[02:39:05] [Server thread/INFO]: Remove invalid mob spawner tile entities: true
[02:39:05] [Server thread/INFO]: Water over lava flow speed: 5
[02:39:05] [Server thread/INFO]: Fix TNT cannons: false
[02:39:05] [Server thread/INFO]: Allow undead horse types to be leashed: false
[02:39:05] [Server thread/INFO]: [EconomyShopGUI] Disabling EconomyShopGUI v6.12.2
[02:39:05] [Server thread/INFO]: [Essentials] Disabling Essentials v2.15.0.1
[02:39:05] [Server thread/INFO]: [Vault] [Economy] Essentials Economy unhooked.
[02:39:05] [Server thread/INFO]: [Vault] Disabling Vault v1.7.3-b131
[02:39:05] [Server thread/INFO]: [ViaRewind-Legacy-Support] Disabling ViaRewind-Legacy-Support v1.5.1
[02:39:05] [Server thread/INFO]: [LuckPerms] Disabling LuckPerms v5.4.158
[02:39:05] [Server thread/INFO]: [LuckPerms] Starting shutdown process...
[02:39:05] [Server thread/INFO]: [LuckPerms] Closing storage...
[02:39:05] [Server thread/INFO]: [LuckPerms] Goodbye!
[02:39:05] [Server thread/INFO]: [ViaRewind] Disabling ViaRewind v4.0.0
[02:39:05] [Server thread/INFO]: [WorldGuard] Disabling WorldGuard v6.1.3-SNAPSHOT;c904242
[02:39:05] [Server thread/INFO]: [WorldGuard] Shutting down executor and waiting for any pending tasks...
[02:39:05] [Server thread/INFO]: [Spawn] Disabling Spawn v2.4.1
[02:39:05] [Server thread/INFO]: [ViaBackwards] Disabling ViaBackwards v5.0.0
[02:39:05] [Server thread/INFO]: [ViaVersion] Disabling ViaVersion v5.0.0
[02:39:05] [Server thread/INFO]: [ViaVersion] ViaVersion is disabling, if this is a reload and you experience issues consider rebooting.
[02:39:05] [Server thread/INFO]: [spark] Disabling spark v1.10.119
[02:39:05] [Server thread/INFO]: [BungeeGuard] Disabling BungeeGuard v1.4.5
[02:39:05] [Server thread/INFO]: [Guilds] Disabling Guilds v3.0.2
[02:39:05] [Server thread/INFO]: [Guilds] Saving guilds.yml

[02:39:05] [Server thread/INFO]: [Guilds] Saving players.yml

[02:39:05] [Server thread/INFO]: [Guilds] Saving settings.yml

[02:39:05] [Server thread/INFO]: [Guilds] Saving messages.yml

[02:39:05] [Server thread/INFO]: [iDisguise] Disabling iDisguise v5.8.2
[02:39:05] [Server thread/INFO]: [iDisguise] iDisguise 5.8.2 disabled!
[02:39:05] [Server thread/INFO]: [EconomyManager] Disabling EconomyManager v1.0.3
[02:39:05] [Server thread/INFO]: [WorldEdit] Disabling WorldEdit v6.1.9;caf0ad9
[02:39:05] [Server thread/INFO]: [ChestActions] Disabling ChestActions v2.9
[02:39:05] [Server thread/INFO]: [ChestActions] ChestActions disabled
[02:39:06] [Server thread/ERROR]: Could not load 'plugins/OpenInv.jar' in folder 'plugins'
org.bukkit.plugin.InvalidPluginException: java.lang.UnsupportedClassVersionError: com/lishid/openinv/OpenInv has been compiled by a more recent version of the Java Runtime (class file version 65.0), this version of the Java Runtime only recognizes class file versions up to 61.0
	at org.bukkit.plugin.java.JavaPluginLoader.loadPlugin(JavaPluginLoader.java:133) ~[patched_1.8.8.jar:git-PandaSpigot-119]
	at org.bukkit.plugin.SimplePluginManager.loadPlugin(SimplePluginManager.java:340) ~[patched_1.8.8.jar:git-PandaSpigot-119]
	at org.bukkit.plugin.SimplePluginManager.loadPlugins(SimplePluginManager.java:263) ~[patched_1.8.8.jar:git-PandaSpigot-119]
	at org.bukkit.craftbukkit.v1_8_R3.CraftServer.loadPlugins(CraftServer.java:297) ~[patched_1.8.8.jar:git-PandaSpigot-119]
	at org.bukkit.craftbukkit.v1_8_R3.CraftServer.reload(CraftServer.java:803) ~[patched_1.8.8.jar:git-PandaSpigot-119]
	at org.bukkit.Bukkit.reload(Bukkit.java:573) ~[patched_1.8.8.jar:git-PandaSpigot-119]
	at org.bukkit.command.defaults.ReloadCommand.execute(ReloadCommand.java:25) ~[patched_1.8.8.jar:git-PandaSpigot-119]
	at org.bukkit.command.SimpleCommandMap.dispatch(SimpleCommandMap.java:146) ~[patched_1.8.8.jar:git-PandaSpigot-119]
	at org.bukkit.craftbukkit.v1_8_R3.CraftServer.dispatchCommand(CraftServer.java:700) ~[patched_1.8.8.jar:git-PandaSpigot-119]
	at org.bukkit.craftbukkit.v1_8_R3.CraftServer.dispatchServerCommand(CraftServer.java:663) ~[patched_1.8.8.jar:git-PandaSpigot-119]
	at net.minecraft.server.v1_8_R3.DedicatedServer.aO(DedicatedServer.java:450) ~[patched_1.8.8.jar:git-PandaSpigot-119]
	at net.minecraft.server.v1_8_R3.DedicatedServer.B(DedicatedServer.java:413) ~[patched_1.8.8.jar:git-PandaSpigot-119]
	at net.minecraft.server.v1_8_R3.MinecraftServer.A(MinecraftServer.java:815) ~[patched_1.8.8.jar:git-PandaSpigot-119]
	at net.minecraft.server.v1_8_R3.MinecraftServer.run(MinecraftServer.java:648) ~[patched_1.8.8.jar:git-PandaSpigot-119]
	at net.minecraft.server.v1_8_R3.MinecraftServer.lambda$spin$0(MinecraftServer.java:133) ~[patched_1.8.8.jar:git-PandaSpigot-119]
	at java.lang.Thread.run(Thread.java:840) [?:?]
Caused by: java.lang.UnsupportedClassVersionError: com/lishid/openinv/OpenInv has been compiled by a more recent version of the Java Runtime (class file version 65.0), this version of the Java Runtime only recognizes class file versions up to 61.0
	at java.lang.ClassLoader.defineClass1(Native Method) ~[?:?]
	at java.lang.ClassLoader.defineClass(ClassLoader.java:1017) ~[?:?]
	at java.security.SecureClassLoader.defineClass(SecureClassLoader.java:150) ~[?:?]
	at java.net.URLClassLoader.defineClass(URLClassLoader.java:524) ~[?:?]
	at java.net.URLClassLoader$1.run(URLClassLoader.java:427) ~[?:?]
	at java.net.URLClassLoader$1.run(URLClassLoader.java:421) ~[?:?]
	at java.security.AccessController.doPrivileged(AccessController.java:712) ~[?:?]
	at java.net.URLClassLoader.findClass(URLClassLoader.java:420) ~[?:?]
	at org.bukkit.plugin.java.PluginClassLoader.findClass(PluginClassLoader.java:102) ~[patched_1.8.8.jar:git-PandaSpigot-119]
	at org.bukkit.plugin.java.PluginClassLoader.findClass(PluginClassLoader.java:87) ~[patched_1.8.8.jar:git-PandaSpigot-119]
	at java.lang.ClassLoader.loadClass(ClassLoader.java:592) ~[?:?]
	at java.lang.ClassLoader.loadClass(ClassLoader.java:525) ~[?:?]
	at java.lang.Class.forName0(Native Method) ~[?:?]
	at java.lang.Class.forName(Class.java:467) ~[?:?]
	at org.bukkit.plugin.java.PluginClassLoader.<init>(PluginClassLoader.java:65) ~[patched_1.8.8.jar:git-PandaSpigot-119]
	at org.bukkit.plugin.java.JavaPluginLoader.loadPlugin(JavaPluginLoader.java:129) ~[patched_1.8.8.jar:git-PandaSpigot-119]
	... 15 more
[02:39:06] [Server thread/INFO]: [ChestActions] Loading ChestActions v2.9
[02:39:06] [Server thread/INFO]: [WorldEdit] Loading WorldEdit v6.1.9;caf0ad9
[02:39:06] [Server thread/INFO]: [EconomyManager] Loading EconomyManager v1.0.3
[02:39:06] [Server thread/INFO]: [iDisguise] Loading iDisguise v5.8.2
[02:39:06] [Server thread/INFO]: [Guilds] Loading Guilds v3.0.2
[02:39:06] [Server thread/INFO]: [spark] Loading spark v1.10.119
[02:39:06] [Server thread/INFO]: [ViaVersion] Loading ViaVersion v5.0.0
[02:39:06] [Server thread/INFO]: [ViaVersion] ViaVersion 5.0.0 is now loaded. Registering protocol transformers and injecting...
[02:39:06] [Server thread/ERROR]: [ViaVersion] ViaVersion is already loaded, this should work fine. If you get any console errors, try rebooting.
[02:39:06] [Via-Mappingloader-0/INFO]: [ViaVersion] Loading block connection mappings ...
[02:39:07] [Server thread/INFO]: [ViaBackwards] Loading translations...
[02:39:07] [Server thread/INFO]: [ViaBackwards] Registering protocols...
[02:39:07] [Server thread/INFO]: [ViaRewind] Registering protocols...
[02:39:07] [Server thread/INFO]: [ViaBackwards] Loading ViaBackwards v5.0.0
[02:39:07] [Server thread/INFO]: [Spawn] Loading Spawn v2.4.1
[02:39:07] [Server thread/INFO]: [WorldGuard] Loading WorldGuard v6.1.3-SNAPSHOT;c904242
[02:39:07] [Server thread/INFO]: [ViaRewind] Loading ViaRewind v4.0.0
[02:39:07] [Server thread/INFO]: [LuckPerms] Loading LuckPerms v5.4.158
[02:39:07] [Server thread/INFO]: [ViaRewind-Legacy-Support] Loading ViaRewind-Legacy-Support v1.5.1
[02:39:07] [Server thread/INFO]: [Vault] Loading Vault v1.7.3-b131
[02:39:07] [Server thread/INFO]: [Essentials] Loading Essentials v2.15.0.1
[02:39:07] [Server thread/INFO]: [EconomyShopGUI] Loading EconomyShopGUI v6.12.2
[02:39:07] [Server thread/INFO]: [BetterRTP] Loading BetterRTP v3.6.13
[02:39:07] [Server thread/INFO]: [EconomyManager] Enabling EconomyManager v1.0.3
[02:39:07] [Server thread/INFO]: [EconomyManager] ItemStack{STONE x 1}
[02:39:07] [Server thread/INFO]: [EconomyManager] ItemStack{STONE x 1}
[02:39:07] [Server thread/INFO]: [EconomyManager] ItemStack{WOOL x 1}
[02:39:07] [Server thread/INFO]: [ViaRewind] Enabling ViaRewind v4.0.0
[02:39:07] [Server thread/INFO]: [LuckPerms] Enabling LuckPerms v5.4.158
[02:39:07] [Thread-23/WARN]: [EconomyManager] Could not reach dev.bukkit.org for update checking. Is it offline?
[02:39:07] [Server thread/INFO]:         __    
[02:39:07] [Server thread/INFO]:   |    |__)   LuckPerms v5.4.158
[02:39:07] [Server thread/INFO]:   |___ |      Running on Bukkit - PandaSpigot
[02:39:07] [Server thread/INFO]: 
[02:39:07] [Server thread/INFO]: [LuckPerms] Loading configuration...
[02:39:07] [Server thread/INFO]: [LuckPerms] Loading storage provider... [H2]
[02:39:08] [Server thread/INFO]: [LuckPerms] Loading internal permission managers...
[02:39:08] [Server thread/INFO]: [LuckPerms] Performing initial data load...
[02:39:08] [Server thread/INFO]: [LuckPerms] Successfully enabled. (took 701ms)
[02:39:08] [Server thread/INFO]: [Vault] Enabling Vault v1.7.3-b131
[02:39:08] [Server thread/INFO]: [Vault] [Economy] Essentials Economy found: Waiting
[02:39:08] [User Authenticator #3/INFO]: UUID of player cocainefrog is 684e07b6-b6f6-31e6-8ab8-235c4fbff978
[02:39:08] [Server thread/INFO]: [Vault] [Permission] SuperPermissions loaded as backup permission system.
[02:39:08] [Server thread/INFO]: [Vault] Enabled Version 1.7.3-b131
[02:39:08] [Server thread/INFO]: [LuckPerms] Registered Vault permission & chat hook.
[02:39:08] [Server thread/INFO]: [ChestActions] Enabling ChestActions v2.9
[02:39:08] [Server thread/INFO]: [ChestActions] ChestActions enabled
[02:39:08] [Server thread/INFO]: [ChestActions] Config found
[02:39:08] [Server thread/INFO]: [ChestActions] You have the latest version of the plugin.
[02:39:08] [Server thread/INFO]: [WorldEdit] Enabling WorldEdit v6.1.9;caf0ad9
[02:39:08] [Server thread/INFO]: WEPIF: Using the Bukkit Permissions API.
[02:39:08] [Server thread/INFO]: [WorldEdit] Using com.sk89q.worldedit.bukkit.adapter.impl.Spigot_v1_8_R3 as the Bukkit adapter
[02:39:08] [Server thread/INFO]: [iDisguise] Enabling iDisguise v5.8.2
[02:39:09] [Server thread/INFO]: [iDisguise] iDisguise 5.8.2 enabled!
[02:39:09] [Server thread/INFO]: [Guilds] Enabling Guilds v3.0.2
[02:39:09] [Server thread/INFO]: [Guilds] Loading settings.yml

[02:39:09] [Server thread/INFO]: [Guilds] Loading messages.yml

[02:39:09] [Server thread/INFO]: [Guilds] Loading guilds.yml

[02:39:09] [Server thread/INFO]: [Guilds] Loading players.yml

[02:39:09] [Server thread/INFO]: [Guilds] Guilds is an old plugin reborn. I am satisfied that this build is stable but if you find any bugs please feed them back to AVOCARDO as soon as possible. Thank you.

[02:39:09] [Server thread/INFO]: [spark] Enabling spark v1.10.119
[02:39:09] [Server thread/INFO]: [spark] Using Paper ServerTickStartEvent for tick monitoring
[02:39:09] [Server thread/INFO]: [spark] Starting background profiler...
[02:39:09] [Server thread/INFO]: [ViaVersion] Enabling ViaVersion v5.0.0
[02:39:09] [Server thread/INFO]: [ViaBackwards] Enabling ViaBackwards v5.0.0
[02:39:09] [Server thread/INFO]: [Spawn] Enabling Spawn v2.4.1
[02:39:10] [Server thread/INFO]: [WorldGuard] Enabling WorldGuard v6.1.3-SNAPSHOT;c904242
[02:39:10] [Server thread/INFO]: [WorldGuard] (world) TNT ignition is PERMITTED.
[02:39:10] [Server thread/INFO]: [WorldGuard] (world) Lighters are PERMITTED.
[02:39:10] [Server thread/INFO]: [WorldGuard] (world) Lava fire is blocked.
[02:39:10] [Server thread/INFO]: [WorldGuard] (world) Fire spread is UNRESTRICTED.
[02:39:10] [Server thread/INFO]: [WorldGuard] Loaded configuration for world 'world'
[02:39:10] [Server thread/INFO]: [WorldGuard] (world_nether) TNT ignition is PERMITTED.
[02:39:10] [Server thread/INFO]: [WorldGuard] (world_nether) Lighters are PERMITTED.
[02:39:10] [Server thread/INFO]: [WorldGuard] (world_nether) Lava fire is blocked.
[02:39:10] [Server thread/INFO]: [WorldGuard] (world_nether) Fire spread is UNRESTRICTED.
[02:39:10] [Server thread/INFO]: [WorldGuard] Loaded configuration for world 'world_nether'
[02:39:10] [Server thread/INFO]: [WorldGuard] (world_the_end) TNT ignition is PERMITTED.
[02:39:10] [Server thread/INFO]: [WorldGuard] (world_the_end) Lighters are PERMITTED.
[02:39:10] [Server thread/INFO]: [WorldGuard] (world_the_end) Lava fire is blocked.
[02:39:10] [Server thread/INFO]: [WorldGuard] (world_the_end) Fire spread is UNRESTRICTED.
[02:39:10] [Server thread/INFO]: [WorldGuard] Loaded configuration for world 'world_the_end'
[02:39:10] [Server thread/INFO]: [WorldGuard] Loading region data...
[02:39:10] [Server thread/INFO]: [ViaRewind-Legacy-Support] Enabling ViaRewind-Legacy-Support v1.5.1
[02:39:10] [Server thread/INFO]: [Essentials] Enabling Essentials v2.15.0.1
[02:39:10] [Server thread/ERROR]: [Essentials] Failed to apply custom currency format: modifiers
[02:39:10] [Server thread/INFO]: Attempting to convert old kits in config.yml to new kits.yml
[02:39:10] [Server thread/INFO]: No kits found to migrate.
[02:39:10] [Server thread/INFO]: [Essentials] Using 1.8.3+ BlockStateMeta provider as mob spawner provider.
[02:39:10] [Server thread/INFO]: [Essentials] Using legacy item data provider as spawn egg provider.
[02:39:10] [Server thread/INFO]: [Essentials] Using legacy potion meta provider as potion meta provider.
[02:39:10] [Server thread/ERROR]: [Essentials] Failed to apply custom currency format: modifiers
[02:39:10] [Server thread/INFO]: Using locale en
[02:39:10] [Server thread/INFO]: [Essentials] Using Spigot 1.7.10+ ServerListPingEvent iterator
[02:39:10] [Server thread/INFO]: [Essentials] Starting Metrics. Opt-out using the global bStats config.
[02:39:10] [Server thread/INFO]: [Vault] [Economy] Essentials Economy hooked.
[02:39:10] [Server thread/INFO]: [Essentials] Using Vault based permissions (LuckPerms)
[02:39:10] [Server thread/INFO]: [EconomyShopGUI] Enabling EconomyShopGUI v6.12.2
[02:39:10] [Server thread/INFO]: [EconomyShopGUI] [INFO]: Using lang-en.yml as language file.
[02:39:10] [Server thread/INFO]: [EconomyShopGUI] [INFO]: Completed loading 16 section configs from /sections/
[02:39:10] [Server thread/INFO]: [EconomyShopGUI] [INFO]: Completed loading 16 shop configs from /shops/
[02:39:10] [Server thread/INFO]: [EconomyShopGUI] [INFO]: Updating Shop settings...
[02:39:10] [Server thread/INFO]: [EconomyShopGUI] [INFO]: Successfully hooked into Vault and using Essentials Economy as economy provider
[02:39:10] [Server thread/INFO]: [EconomyShopGUI] [INFO]: Completed loading 1 economy provider(s) for all 14 shop sections.
[02:39:10] [Server thread/INFO]: [EconomyShopGUI] [INFO]: Using minecraft version 1.8.8...
[02:39:10] [Server thread/INFO]: [EconomyShopGUI] [INFO]: Spawner provider set to AUTO in config
[02:39:10] [Server thread/INFO]: [EconomyShopGUI] [INFO]: Automatically searching for compatible spawner provider....
[02:39:10] [Server thread/INFO]: [EconomyShopGUI] [INFO]: Failed to automatically find compatible spawner provider, using default...
[02:39:10] [Server thread/INFO]: [EconomyShopGUI] [DEBUG]: This item material is not supported in this minecraft version.
[02:39:10] [Server thread/INFO]: [EconomyShopGUI] [WARN]: Item path in config.yml: spawner-break-tools.3
[02:39:10] [Server thread/INFO]: [EconomyShopGUI] [INFO]: Debug mode is enabled.
[02:39:10] [Server thread/INFO]: [EconomyShopGUI] [INFO]: Loading all items...
[02:39:10] [Server thread/INFO]: [EconomyShopGUI] [WARN]: Failed to migrate database to new format for TRANSACTIONS_5_2025
[02:39:10] [Server thread/WARN]: java.sql.SQLException: query does not return ResultSet

[02:39:10] [Server thread/WARN]: 	at org.sqlite.Stmt.executeQuery(Stmt.java:124)

[02:39:10] [Server thread/WARN]: 	at me.gypopo.economyshopgui.files.TransactionLog$Database.checkTableConstraints(TransactionLog.java:704)

[02:39:10] [Server thread/WARN]: 	at me.gypopo.economyshopgui.files.TransactionLog$Database.connect(TransactionLog.java:687)

[02:39:10] [Server thread/WARN]: 	at me.gypopo.economyshopgui.files.TransactionLog$Database.<init>(TransactionLog.java:677)

[02:39:10] [Server thread/WARN]: 	at me.gypopo.economyshopgui.files.TransactionLog.setup(TransactionLog.java:64)

[02:39:10] [Server thread/WARN]: 	at me.gypopo.economyshopgui.methodes.SendMessage.init(SendMessage.java:57)

[02:39:10] [Server thread/WARN]: 	at me.gypopo.economyshopgui.methodes.StartupReload.loadItems(StartupReload.java:146)

[02:39:10] [Server thread/WARN]: 	at me.gypopo.economyshopgui.EconomyShopGUI.onEnable(EconomyShopGUI.java:199)

[02:39:10] [Server thread/WARN]: 	at org.bukkit.plugin.java.JavaPlugin.setEnabled(JavaPlugin.java:321)

[02:39:10] [Server thread/WARN]: 	at org.bukkit.plugin.java.JavaPluginLoader.enablePlugin(JavaPluginLoader.java:332)

[02:39:10] [Server thread/WARN]: 	at org.bukkit.plugin.SimplePluginManager.enablePlugin(SimplePluginManager.java:454)

[02:39:10] [Server thread/WARN]: 	at org.bukkit.craftbukkit.v1_8_R3.CraftServer.loadPlugin(CraftServer.java:393)

[02:39:10] [Server thread/WARN]: 	at org.bukkit.craftbukkit.v1_8_R3.CraftServer.enablePlugins(CraftServer.java:352)

[02:39:10] [Server thread/WARN]: 	at org.bukkit.craftbukkit.v1_8_R3.CraftServer.reload(CraftServer.java:805)

[02:39:10] [Server thread/WARN]: 	at org.bukkit.Bukkit.reload(Bukkit.java:573)

[02:39:10] [Server thread/WARN]: 	at org.bukkit.command.defaults.ReloadCommand.execute(ReloadCommand.java:25)

[02:39:10] [Server thread/WARN]: 	at org.bukkit.command.SimpleCommandMap.dispatch(SimpleCommandMap.java:146)

[02:39:10] [Server thread/WARN]: 	at org.bukkit.craftbukkit.v1_8_R3.CraftServer.dispatchCommand(CraftServer.java:700)

[02:39:10] [Server thread/WARN]: 	at org.bukkit.craftbukkit.v1_8_R3.CraftServer.dispatchServerCommand(CraftServer.java:663)

[02:39:10] [Server thread/WARN]: 	at net.minecraft.server.v1_8_R3.DedicatedServer.aO(DedicatedServer.java:450)

[02:39:10] [Server thread/WARN]: 	at net.minecraft.server.v1_8_R3.DedicatedServer.B(DedicatedServer.java:413)

[02:39:10] [Server thread/WARN]: 	at net.minecraft.server.v1_8_R3.MinecraftServer.A(MinecraftServer.java:815)

[02:39:10] [Server thread/WARN]: 	at net.minecraft.server.v1_8_R3.MinecraftServer.run(MinecraftServer.java:648)

[02:39:10] [Server thread/WARN]: 	at net.minecraft.server.v1_8_R3.MinecraftServer.lambda$spin$0(MinecraftServer.java:133)

[02:39:10] [Server thread/WARN]: 	at java.base/java.lang.Thread.run(Thread.java:840)

[02:39:10] [Server thread/INFO]: [EconomyShopGUI] [INFO]: Initialized - Took 287ms to complete
[02:39:10] [Server thread/INFO]: [BetterRTP] Enabling BetterRTP v3.6.13
[02:39:10] [Server thread/INFO]: [BetterRTP] Cooldown = 600
[02:39:11] [Server thread/INFO]: Server permissions file permissions.yml is empty, ignoring it
[02:39:11] [Server thread/INFO]: CONSOLE: Reload complete.
[02:39:11] [Server thread/WARN]: Can't keep up! Is the server overloaded? Running 5420ms or 108 ticks behind
[02:39:11] [Server thread/INFO]: Timings Reset
[02:39:11] [Server thread/INFO]: [ViaVersion] ViaVersion detected server version: 1.8.x (47)
[02:39:11] [Server thread/WARN]: [ViaVersion] This version of Minecraft is extremely outdated and support for it has reached its end of life. You will still be able to run Via on this Minecraft version, but we are unlikely to provide any further fixes or help with problems specific to legacy Minecraft versions. Please consider updating to give your players a better experience and to avoid issues that have long been fixed.
[02:39:11] [Craft Scheduler Thread - 67/ERROR]: [iDisguise] Cannot retrieve the required profile information.
java.lang.NullPointerException: Cannot invoke "org.json.simple.JSONObject.get(Object)" because "object" is null
	at de.robingrether.idisguise.management.profile.ProfileHelperUID.loadGameProfile(ProfileHelperUID.java:77) [iDisguise.jar:?]
	at de.robingrether.idisguise.management.profile.ProfileHelperUID.access$100(ProfileHelperUID.java:34) [iDisguise.jar:?]
	at de.robingrether.idisguise.management.profile.ProfileHelperUID$3.run(ProfileHelperUID.java:227) [iDisguise.jar:?]
	at org.bukkit.craftbukkit.v1_8_R3.scheduler.CraftTask.run(CraftTask.java:59) [patched_1.8.8.jar:git-PandaSpigot-119]
	at org.bukkit.craftbukkit.v1_8_R3.scheduler.CraftAsyncTask.run(CraftAsyncTask.java:53) [patched_1.8.8.jar:git-PandaSpigot-119]
	at org.github.paperspigot.ServerSchedulerReportingWrapper.run(ServerSchedulerReportingWrapper.java:23) [patched_1.8.8.jar:git-PandaSpigot-119]
	at java.util.concurrent.ThreadPoolExecutor.runWorker(ThreadPoolExecutor.java:1136) [?:?]
	at java.util.concurrent.ThreadPoolExecutor$Worker.run(ThreadPoolExecutor.java:635) [?:?]
	at java.lang.Thread.run(Thread.java:840) [?:?]
[02:39:11] [Craft Scheduler Thread - 50/ERROR]: [iDisguise] Cannot retrieve the required profile information.
java.lang.NullPointerException: Cannot invoke "org.json.simple.JSONObject.get(Object)" because "object" is null
	at de.robingrether.idisguise.management.profile.ProfileHelperUID.loadGameProfile(ProfileHelperUID.java:77) [iDisguise.jar:?]
	at de.robingrether.idisguise.management.profile.ProfileHelperUID.access$100(ProfileHelperUID.java:34) [iDisguise.jar:?]
	at de.robingrether.idisguise.management.profile.ProfileHelperUID$3.run(ProfileHelperUID.java:227) [iDisguise.jar:?]
	at org.bukkit.craftbukkit.v1_8_R3.scheduler.CraftTask.run(CraftTask.java:59) [patched_1.8.8.jar:git-PandaSpigot-119]
	at org.bukkit.craftbukkit.v1_8_R3.scheduler.CraftAsyncTask.run(CraftAsyncTask.java:53) [patched_1.8.8.jar:git-PandaSpigot-119]
	at org.github.paperspigot.ServerSchedulerReportingWrapper.run(ServerSchedulerReportingWrapper.java:23) [patched_1.8.8.jar:git-PandaSpigot-119]
	at java.util.concurrent.ThreadPoolExecutor.runWorker(ThreadPoolExecutor.java:1136) [?:?]
	at java.util.concurrent.ThreadPoolExecutor$Worker.run(ThreadPoolExecutor.java:635) [?:?]
	at java.lang.Thread.run(Thread.java:840) [?:?]
[02:39:11] [Craft Scheduler Thread - 62/ERROR]: [iDisguise] Cannot retrieve the required profile information.
java.lang.NullPointerException: Cannot invoke "org.json.simple.JSONObject.get(Object)" because "object" is null
	at de.robingrether.idisguise.management.profile.ProfileHelperUID.loadGameProfile(ProfileHelperUID.java:77) [iDisguise.jar:?]
	at de.robingrether.idisguise.management.profile.ProfileHelperUID.access$100(ProfileHelperUID.java:34) [iDisguise.jar:?]
	at de.robingrether.idisguise.management.profile.ProfileHelperUID$3.run(ProfileHelperUID.java:227) [iDisguise.jar:?]
	at org.bukkit.craftbukkit.v1_8_R3.scheduler.CraftTask.run(CraftTask.java:59) [patched_1.8.8.jar:git-PandaSpigot-119]
	at org.bukkit.craftbukkit.v1_8_R3.scheduler.CraftAsyncTask.run(CraftAsyncTask.java:53) [patched_1.8.8.jar:git-PandaSpigot-119]
	at org.github.paperspigot.ServerSchedulerReportingWrapper.run(ServerSchedulerReportingWrapper.java:23) [patched_1.8.8.jar:git-PandaSpigot-119]
	at java.util.concurrent.ThreadPoolExecutor.runWorker(ThreadPoolExecutor.java:1136) [?:?]
	at java.util.concurrent.ThreadPoolExecutor$Worker.run(ThreadPoolExecutor.java:635) [?:?]
	at java.lang.Thread.run(Thread.java:840) [?:?]
[02:39:11] [Craft Scheduler Thread - 78/ERROR]: [iDisguise] Cannot retrieve the required profile information.
java.lang.NullPointerException: Cannot invoke "org.json.simple.JSONObject.get(Object)" because "object" is null
	at de.robingrether.idisguise.management.profile.ProfileHelperUID.loadGameProfile(ProfileHelperUID.java:77) [iDisguise.jar:?]
	at de.robingrether.idisguise.management.profile.ProfileHelperUID.access$100(ProfileHelperUID.java:34) [iDisguise.jar:?]
	at de.robingrether.idisguise.management.profile.ProfileHelperUID$3.run(ProfileHelperUID.java:227) [iDisguise.jar:?]
	at org.bukkit.craftbukkit.v1_8_R3.scheduler.CraftTask.run(CraftTask.java:59) [patched_1.8.8.jar:git-PandaSpigot-119]
	at org.bukkit.craftbukkit.v1_8_R3.scheduler.CraftAsyncTask.run(CraftAsyncTask.java:53) [patched_1.8.8.jar:git-PandaSpigot-119]
	at org.github.paperspigot.ServerSchedulerReportingWrapper.run(ServerSchedulerReportingWrapper.java:23) [patched_1.8.8.jar:git-PandaSpigot-119]
	at java.util.concurrent.ThreadPoolExecutor.runWorker(ThreadPoolExecutor.java:1136) [?:?]
	at java.util.concurrent.ThreadPoolExecutor$Worker.run(ThreadPoolExecutor.java:635) [?:?]
	at java.lang.Thread.run(Thread.java:840) [?:?]
[02:39:11] [Craft Scheduler Thread - 92/INFO]: [Vault] Checking for Updates ... 
[02:39:11] [Craft Scheduler Thread - 64/ERROR]: [iDisguise] Cannot retrieve the required profile information.
java.lang.NullPointerException: Cannot invoke "org.json.simple.JSONObject.get(Object)" because "object" is null
	at de.robingrether.idisguise.management.profile.ProfileHelperUID.loadGameProfile(ProfileHelperUID.java:77) [iDisguise.jar:?]
	at de.robingrether.idisguise.management.profile.ProfileHelperUID.access$100(ProfileHelperUID.java:34) [iDisguise.jar:?]
	at de.robingrether.idisguise.management.profile.ProfileHelperUID$3.run(ProfileHelperUID.java:227) [iDisguise.jar:?]
	at org.bukkit.craftbukkit.v1_8_R3.scheduler.CraftTask.run(CraftTask.java:59) [patched_1.8.8.jar:git-PandaSpigot-119]
	at org.bukkit.craftbukkit.v1_8_R3.scheduler.CraftAsyncTask.run(CraftAsyncTask.java:53) [patched_1.8.8.jar:git-PandaSpigot-119]
	at org.github.paperspigot.ServerSchedulerReportingWrapper.run(ServerSchedulerReportingWrapper.java:23) [patched_1.8.8.jar:git-PandaSpigot-119]
	at java.util.concurrent.ThreadPoolExecutor.runWorker(ThreadPoolExecutor.java:1136) [?:?]
	at java.util.concurrent.ThreadPoolExecutor$Worker.run(ThreadPoolExecutor.java:635) [?:?]
	at java.lang.Thread.run(Thread.java:840) [?:?]
[02:39:11] [Craft Scheduler Thread - 73/ERROR]: [iDisguise] Cannot retrieve the required profile information.
java.lang.NullPointerException: Cannot invoke "org.json.simple.JSONObject.get(Object)" because "object" is null
	at de.robingrether.idisguise.management.profile.ProfileHelperUID.loadGameProfile(ProfileHelperUID.java:77) [iDisguise.jar:?]
	at de.robingrether.idisguise.management.profile.ProfileHelperUID.access$100(ProfileHelperUID.java:34) [iDisguise.jar:?]
	at de.robingrether.idisguise.management.profile.ProfileHelperUID$3.run(ProfileHelperUID.java:227) [iDisguise.jar:?]
	at org.bukkit.craftbukkit.v1_8_R3.scheduler.CraftTask.run(CraftTask.java:59) [patched_1.8.8.jar:git-PandaSpigot-119]
	at org.bukkit.craftbukkit.v1_8_R3.scheduler.CraftAsyncTask.run(CraftAsyncTask.java:53) [patched_1.8.8.jar:git-PandaSpigot-119]
	at org.github.paperspigot.ServerSchedulerReportingWrapper.run(ServerSchedulerReportingWrapper.java:23) [patched_1.8.8.jar:git-PandaSpigot-119]
	at java.util.concurrent.ThreadPoolExecutor.runWorker(ThreadPoolExecutor.java:1136) [?:?]
	at java.util.concurrent.ThreadPoolExecutor$Worker.run(ThreadPoolExecutor.java:635) [?:?]
	at java.lang.Thread.run(Thread.java:840) [?:?]
[02:39:11] [Craft Scheduler Thread - 64/INFO]: [ViaVersion] Finished mapping loading, shutting down loader executor!
[02:39:11] [Craft Scheduler Thread - 57/ERROR]: [iDisguise] Cannot retrieve the required profile information.
java.lang.NullPointerException: Cannot invoke "org.json.simple.JSONObject.get(Object)" because "object" is null
	at de.robingrether.idisguise.management.profile.ProfileHelperUID.loadGameProfile(ProfileHelperUID.java:77) [iDisguise.jar:?]
	at de.robingrether.idisguise.management.profile.ProfileHelperUID.access$100(ProfileHelperUID.java:34) [iDisguise.jar:?]
	at de.robingrether.idisguise.management.profile.ProfileHelperUID$3.run(ProfileHelperUID.java:227) [iDisguise.jar:?]
	at org.bukkit.craftbukkit.v1_8_R3.scheduler.CraftTask.run(CraftTask.java:59) [patched_1.8.8.jar:git-PandaSpigot-119]
	at org.bukkit.craftbukkit.v1_8_R3.scheduler.CraftAsyncTask.run(CraftAsyncTask.java:53) [patched_1.8.8.jar:git-PandaSpigot-119]
	at org.github.paperspigot.ServerSchedulerReportingWrapper.run(ServerSchedulerReportingWrapper.java:23) [patched_1.8.8.jar:git-PandaSpigot-119]
	at java.util.concurrent.ThreadPoolExecutor.runWorker(ThreadPoolExecutor.java:1136) [?:?]
	at java.util.concurrent.ThreadPoolExecutor$Worker.run(ThreadPoolExecutor.java:635) [?:?]
	at java.lang.Thread.run(Thread.java:840) [?:?]
[02:39:11] [Craft Scheduler Thread - 77/ERROR]: [iDisguise] Cannot retrieve the required profile information.
java.lang.NullPointerException: Cannot invoke "org.json.simple.JSONObject.get(Object)" because "object" is null
	at de.robingrether.idisguise.management.profile.ProfileHelperUID.loadGameProfile(ProfileHelperUID.java:77) [iDisguise.jar:?]
	at de.robingrether.idisguise.management.profile.ProfileHelperUID.access$100(ProfileHelperUID.java:34) [iDisguise.jar:?]
	at de.robingrether.idisguise.management.profile.ProfileHelperUID$3.run(ProfileHelperUID.java:227) [iDisguise.jar:?]
	at org.bukkit.craftbukkit.v1_8_R3.scheduler.CraftTask.run(CraftTask.java:59) [patched_1.8.8.jar:git-PandaSpigot-119]
	at org.bukkit.craftbukkit.v1_8_R3.scheduler.CraftAsyncTask.run(CraftAsyncTask.java:53) [patched_1.8.8.jar:git-PandaSpigot-119]
	at org.github.paperspigot.ServerSchedulerReportingWrapper.run(ServerSchedulerReportingWrapper.java:23) [patched_1.8.8.jar:git-PandaSpigot-119]
	at java.util.concurrent.ThreadPoolExecutor.runWorker(ThreadPoolExecutor.java:1136) [?:?]
	at java.util.concurrent.ThreadPoolExecutor$Worker.run(ThreadPoolExecutor.java:635) [?:?]
	at java.lang.Thread.run(Thread.java:840) [?:?]
[02:39:11] [Craft Scheduler Thread - 80/ERROR]: [iDisguise] Cannot retrieve the required profile information.
java.lang.NullPointerException: Cannot invoke "org.json.simple.JSONObject.get(Object)" because "object" is null
	at de.robingrether.idisguise.management.profile.ProfileHelperUID.loadGameProfile(ProfileHelperUID.java:77) [iDisguise.jar:?]
	at de.robingrether.idisguise.management.profile.ProfileHelperUID.access$100(ProfileHelperUID.java:34) [iDisguise.jar:?]
	at de.robingrether.idisguise.management.profile.ProfileHelperUID$3.run(ProfileHelperUID.java:227) [iDisguise.jar:?]
	at org.bukkit.craftbukkit.v1_8_R3.scheduler.CraftTask.run(CraftTask.java:59) [patched_1.8.8.jar:git-PandaSpigot-119]
	at org.bukkit.craftbukkit.v1_8_R3.scheduler.CraftAsyncTask.run(CraftAsyncTask.java:53) [patched_1.8.8.jar:git-PandaSpigot-119]
	at org.github.paperspigot.ServerSchedulerReportingWrapper.run(ServerSchedulerReportingWrapper.java:23) [patched_1.8.8.jar:git-PandaSpigot-119]
	at java.util.concurrent.ThreadPoolExecutor.runWorker(ThreadPoolExecutor.java:1136) [?:?]
	at java.util.concurrent.ThreadPoolExecutor$Worker.run(ThreadPoolExecutor.java:635) [?:?]
	at java.lang.Thread.run(Thread.java:840) [?:?]
[02:39:11] [Craft Scheduler Thread - 83/ERROR]: [iDisguise] Cannot retrieve the required profile information.
java.lang.NullPointerException: Cannot invoke "org.json.simple.JSONObject.get(Object)" because "object" is null
	at de.robingrether.idisguise.management.profile.ProfileHelperUID.loadGameProfile(ProfileHelperUID.java:77) [iDisguise.jar:?]
	at de.robingrether.idisguise.management.profile.ProfileHelperUID.access$100(ProfileHelperUID.java:34) [iDisguise.jar:?]
	at de.robingrether.idisguise.management.profile.ProfileHelperUID$3.run(ProfileHelperUID.java:227) [iDisguise.jar:?]
	at org.bukkit.craftbukkit.v1_8_R3.scheduler.CraftTask.run(CraftTask.java:59) [patched_1.8.8.jar:git-PandaSpigot-119]
	at org.bukkit.craftbukkit.v1_8_R3.scheduler.CraftAsyncTask.run(CraftAsyncTask.java:53) [patched_1.8.8.jar:git-PandaSpigot-119]
	at org.github.paperspigot.ServerSchedulerReportingWrapper.run(ServerSchedulerReportingWrapper.java:23) [patched_1.8.8.jar:git-PandaSpigot-119]
	at java.util.concurrent.ThreadPoolExecutor.runWorker(ThreadPoolExecutor.java:1136) [?:?]
	at java.util.concurrent.ThreadPoolExecutor$Worker.run(ThreadPoolExecutor.java:635) [?:?]
	at java.lang.Thread.run(Thread.java:840) [?:?]
[02:39:11] [Craft Scheduler Thread - 58/ERROR]: [iDisguise] Cannot retrieve the required profile information.
java.lang.NullPointerException: Cannot invoke "org.json.simple.JSONObject.get(Object)" because "object" is null
	at de.robingrether.idisguise.management.profile.ProfileHelperUID.loadGameProfile(ProfileHelperUID.java:77) [iDisguise.jar:?]
	at de.robingrether.idisguise.management.profile.ProfileHelperUID.access$100(ProfileHelperUID.java:34) [iDisguise.jar:?]
	at de.robingrether.idisguise.management.profile.ProfileHelperUID$3.run(ProfileHelperUID.java:227) [iDisguise.jar:?]
	at org.bukkit.craftbukkit.v1_8_R3.scheduler.CraftTask.run(CraftTask.java:59) [patched_1.8.8.jar:git-PandaSpigot-119]
	at org.bukkit.craftbukkit.v1_8_R3.scheduler.CraftAsyncTask.run(CraftAsyncTask.java:53) [patched_1.8.8.jar:git-PandaSpigot-119]
	at org.github.paperspigot.ServerSchedulerReportingWrapper.run(ServerSchedulerReportingWrapper.java:23) [patched_1.8.8.jar:git-PandaSpigot-119]
	at java.util.concurrent.ThreadPoolExecutor.runWorker(ThreadPoolExecutor.java:1136) [?:?]
	at java.util.concurrent.ThreadPoolExecutor$Worker.run(ThreadPoolExecutor.java:635) [?:?]
	at java.lang.Thread.run(Thread.java:840) [?:?]
[02:39:11] [Craft Scheduler Thread - 65/ERROR]: [iDisguise] Cannot retrieve the required profile information.
java.lang.NullPointerException: Cannot invoke "org.json.simple.JSONObject.get(Object)" because "object" is null
	at de.robingrether.idisguise.management.profile.ProfileHelperUID.loadGameProfile(ProfileHelperUID.java:77) [iDisguise.jar:?]
	at de.robingrether.idisguise.management.profile.ProfileHelperUID.access$100(ProfileHelperUID.java:34) [iDisguise.jar:?]
	at de.robingrether.idisguise.management.profile.ProfileHelperUID$3.run(ProfileHelperUID.java:227) [iDisguise.jar:?]
	at org.bukkit.craftbukkit.v1_8_R3.scheduler.CraftTask.run(CraftTask.java:59) [patched_1.8.8.jar:git-PandaSpigot-119]
	at org.bukkit.craftbukkit.v1_8_R3.scheduler.CraftAsyncTask.run(CraftAsyncTask.java:53) [patched_1.8.8.jar:git-PandaSpigot-119]
	at org.github.paperspigot.ServerSchedulerReportingWrapper.run(ServerSchedulerReportingWrapper.java:23) [patched_1.8.8.jar:git-PandaSpigot-119]
	at java.util.concurrent.ThreadPoolExecutor.runWorker(ThreadPoolExecutor.java:1136) [?:?]
	at java.util.concurrent.ThreadPoolExecutor$Worker.run(ThreadPoolExecutor.java:635) [?:?]
	at java.lang.Thread.run(Thread.java:840) [?:?]
[02:39:11] [Craft Scheduler Thread - 74/ERROR]: [iDisguise] Cannot retrieve the required profile information.
java.lang.NullPointerException: Cannot invoke "org.json.simple.JSONObject.get(Object)" because "object" is null
	at de.robingrether.idisguise.management.profile.ProfileHelperUID.loadGameProfile(ProfileHelperUID.java:77) [iDisguise.jar:?]
	at de.robingrether.idisguise.management.profile.ProfileHelperUID.access$100(ProfileHelperUID.java:34) [iDisguise.jar:?]
	at de.robingrether.idisguise.management.profile.ProfileHelperUID$3.run(ProfileHelperUID.java:227) [iDisguise.jar:?]
	at org.bukkit.craftbukkit.v1_8_R3.scheduler.CraftTask.run(CraftTask.java:59) [patched_1.8.8.jar:git-PandaSpigot-119]
	at org.bukkit.craftbukkit.v1_8_R3.scheduler.CraftAsyncTask.run(CraftAsyncTask.java:53) [patched_1.8.8.jar:git-PandaSpigot-119]
	at org.github.paperspigot.ServerSchedulerReportingWrapper.run(ServerSchedulerReportingWrapper.java:23) [patched_1.8.8.jar:git-PandaSpigot-119]
	at java.util.concurrent.ThreadPoolExecutor.runWorker(ThreadPoolExecutor.java:1136) [?:?]
	at java.util.concurrent.ThreadPoolExecutor$Worker.run(ThreadPoolExecutor.java:635) [?:?]
	at java.lang.Thread.run(Thread.java:840) [?:?]
[02:39:11] [Craft Scheduler Thread - 66/ERROR]: [iDisguise] Cannot retrieve the required profile information.
java.lang.NullPointerException: Cannot invoke "org.json.simple.JSONObject.get(Object)" because "object" is null
	at de.robingrether.idisguise.management.profile.ProfileHelperUID.loadGameProfile(ProfileHelperUID.java:77) [iDisguise.jar:?]
	at de.robingrether.idisguise.management.profile.ProfileHelperUID.access$100(ProfileHelperUID.java:34) [iDisguise.jar:?]
	at de.robingrether.idisguise.management.profile.ProfileHelperUID$3.run(ProfileHelperUID.java:227) [iDisguise.jar:?]
	at org.bukkit.craftbukkit.v1_8_R3.scheduler.CraftTask.run(CraftTask.java:59) [patched_1.8.8.jar:git-PandaSpigot-119]
	at org.bukkit.craftbukkit.v1_8_R3.scheduler.CraftAsyncTask.run(CraftAsyncTask.java:53) [patched_1.8.8.jar:git-PandaSpigot-119]
	at org.github.paperspigot.ServerSchedulerReportingWrapper.run(ServerSchedulerReportingWrapper.java:23) [patched_1.8.8.jar:git-PandaSpigot-119]
	at java.util.concurrent.ThreadPoolExecutor.runWorker(ThreadPoolExecutor.java:1136) [?:?]
	at java.util.concurrent.ThreadPoolExecutor$Worker.run(ThreadPoolExecutor.java:635) [?:?]
	at java.lang.Thread.run(Thread.java:840) [?:?]
[02:39:11] [Craft Scheduler Thread - 50/ERROR]: [iDisguise] Cannot retrieve the required profile information.
java.lang.NullPointerException: Cannot invoke "org.json.simple.JSONObject.get(Object)" because "object" is null
	at de.robingrether.idisguise.management.profile.ProfileHelperUID.loadGameProfile(ProfileHelperUID.java:77) [iDisguise.jar:?]
	at de.robingrether.idisguise.management.profile.ProfileHelperUID.access$100(ProfileHelperUID.java:34) [iDisguise.jar:?]
	at de.robingrether.idisguise.management.profile.ProfileHelperUID$3.run(ProfileHelperUID.java:227) [iDisguise.jar:?]
	at org.bukkit.craftbukkit.v1_8_R3.scheduler.CraftTask.run(CraftTask.java:59) [patched_1.8.8.jar:git-PandaSpigot-119]
	at org.bukkit.craftbukkit.v1_8_R3.scheduler.CraftAsyncTask.run(CraftAsyncTask.java:53) [patched_1.8.8.jar:git-PandaSpigot-119]
	at org.github.paperspigot.ServerSchedulerReportingWrapper.run(ServerSchedulerReportingWrapper.java:23) [patched_1.8.8.jar:git-PandaSpigot-119]
	at java.util.concurrent.ThreadPoolExecutor.runWorker(ThreadPoolExecutor.java:1136) [?:?]
	at java.util.concurrent.ThreadPoolExecutor$Worker.run(ThreadPoolExecutor.java:635) [?:?]
	at java.lang.Thread.run(Thread.java:840) [?:?]
[02:39:11] [Craft Scheduler Thread - 72/ERROR]: [iDisguise] Cannot retrieve the required profile information.
java.lang.NullPointerException: Cannot invoke "org.json.simple.JSONObject.get(Object)" because "object" is null
	at de.robingrether.idisguise.management.profile.ProfileHelperUID.loadGameProfile(ProfileHelperUID.java:77) [iDisguise.jar:?]
	at de.robingrether.idisguise.management.profile.ProfileHelperUID.access$100(ProfileHelperUID.java:34) [iDisguise.jar:?]
	at de.robingrether.idisguise.management.profile.ProfileHelperUID$3.run(ProfileHelperUID.java:227) [iDisguise.jar:?]
	at org.bukkit.craftbukkit.v1_8_R3.scheduler.CraftTask.run(CraftTask.java:59) [patched_1.8.8.jar:git-PandaSpigot-119]
	at org.bukkit.craftbukkit.v1_8_R3.scheduler.CraftAsyncTask.run(CraftAsyncTask.java:53) [patched_1.8.8.jar:git-PandaSpigot-119]
	at org.github.paperspigot.ServerSchedulerReportingWrapper.run(ServerSchedulerReportingWrapper.java:23) [patched_1.8.8.jar:git-PandaSpigot-119]
	at java.util.concurrent.ThreadPoolExecutor.runWorker(ThreadPoolExecutor.java:1136) [?:?]
	at java.util.concurrent.ThreadPoolExecutor$Worker.run(ThreadPoolExecutor.java:635) [?:?]
	at java.lang.Thread.run(Thread.java:840) [?:?]
[02:39:11] [Craft Scheduler Thread - 67/ERROR]: [iDisguise] Cannot retrieve the required profile information.
java.lang.NullPointerException: Cannot invoke "org.json.simple.JSONObject.get(Object)" because "object" is null
	at de.robingrether.idisguise.management.profile.ProfileHelperUID.loadGameProfile(ProfileHelperUID.java:77) [iDisguise.jar:?]
	at de.robingrether.idisguise.management.profile.ProfileHelperUID.access$100(ProfileHelperUID.java:34) [iDisguise.jar:?]
	at de.robingrether.idisguise.management.profile.ProfileHelperUID$3.run(ProfileHelperUID.java:227) [iDisguise.jar:?]
	at org.bukkit.craftbukkit.v1_8_R3.scheduler.CraftTask.run(CraftTask.java:59) [patched_1.8.8.jar:git-PandaSpigot-119]
	at org.bukkit.craftbukkit.v1_8_R3.scheduler.CraftAsyncTask.run(CraftAsyncTask.java:53) [patched_1.8.8.jar:git-PandaSpigot-119]
	at org.github.paperspigot.ServerSchedulerReportingWrapper.run(ServerSchedulerReportingWrapper.java:23) [patched_1.8.8.jar:git-PandaSpigot-119]
	at java.util.concurrent.ThreadPoolExecutor.runWorker(ThreadPoolExecutor.java:1136) [?:?]
	at java.util.concurrent.ThreadPoolExecutor$Worker.run(ThreadPoolExecutor.java:635) [?:?]
	at java.lang.Thread.run(Thread.java:840) [?:?]
[02:39:11] [Craft Scheduler Thread - 63/ERROR]: [iDisguise] Cannot retrieve the required profile information.
java.lang.NullPointerException: Cannot invoke "org.json.simple.JSONObject.get(Object)" because "object" is null
	at de.robingrether.idisguise.management.profile.ProfileHelperUID.loadGameProfile(ProfileHelperUID.java:77) [iDisguise.jar:?]
	at de.robingrether.idisguise.management.profile.ProfileHelperUID.access$100(ProfileHelperUID.java:34) [iDisguise.jar:?]
	at de.robingrether.idisguise.management.profile.ProfileHelperUID$3.run(ProfileHelperUID.java:227) [iDisguise.jar:?]
	at org.bukkit.craftbukkit.v1_8_R3.scheduler.CraftTask.run(CraftTask.java:59) [patched_1.8.8.jar:git-PandaSpigot-119]
	at org.bukkit.craftbukkit.v1_8_R3.scheduler.CraftAsyncTask.run(CraftAsyncTask.java:53) [patched_1.8.8.jar:git-PandaSpigot-119]
	at org.github.paperspigot.ServerSchedulerReportingWrapper.run(ServerSchedulerReportingWrapper.java:23) [patched_1.8.8.jar:git-PandaSpigot-119]
	at java.util.concurrent.ThreadPoolExecutor.runWorker(ThreadPoolExecutor.java:1136) [?:?]
	at java.util.concurrent.ThreadPoolExecutor$Worker.run(ThreadPoolExecutor.java:635) [?:?]
	at java.lang.Thread.run(Thread.java:840) [?:?]
[02:39:11] [Craft Scheduler Thread - 75/ERROR]: [iDisguise] Cannot retrieve the required profile information.
java.lang.NullPointerException: Cannot invoke "org.json.simple.JSONObject.get(Object)" because "object" is null
	at de.robingrether.idisguise.management.profile.ProfileHelperUID.loadGameProfile(ProfileHelperUID.java:77) [iDisguise.jar:?]
	at de.robingrether.idisguise.management.profile.ProfileHelperUID.access$100(ProfileHelperUID.java:34) [iDisguise.jar:?]
	at de.robingrether.idisguise.management.profile.ProfileHelperUID$3.run(ProfileHelperUID.java:227) [iDisguise.jar:?]
	at org.bukkit.craftbukkit.v1_8_R3.scheduler.CraftTask.run(CraftTask.java:59) [patched_1.8.8.jar:git-PandaSpigot-119]
	at org.bukkit.craftbukkit.v1_8_R3.scheduler.CraftAsyncTask.run(CraftAsyncTask.java:53) [patched_1.8.8.jar:git-PandaSpigot-119]
	at org.github.paperspigot.ServerSchedulerReportingWrapper.run(ServerSchedulerReportingWrapper.java:23) [patched_1.8.8.jar:git-PandaSpigot-119]
	at java.util.concurrent.ThreadPoolExecutor.runWorker(ThreadPoolExecutor.java:1136) [?:?]
	at java.util.concurrent.ThreadPoolExecutor$Worker.run(ThreadPoolExecutor.java:635) [?:?]
	at java.lang.Thread.run(Thread.java:840) [?:?]
[02:39:11] [Server thread/INFO]: com.mojang.authlib.GameProfile@136ea50[id=684e07b6-b6f6-31e6-8ab8-235c4fbff978,name=cocainefrog,properties={isEaglerPlayer=[com.mojang.authlib.properties.Property@680972cf]},legacy=false] (/[0:0:0:0:0:0:0:1]:58292) lost connection: Disconnected
[02:39:11] [Craft Scheduler Thread - 82/ERROR]: [iDisguise] Cannot retrieve the required profile information.
java.lang.NullPointerException: Cannot invoke "org.json.simple.JSONObject.get(Object)" because "object" is null
	at de.robingrether.idisguise.management.profile.ProfileHelperUID.loadGameProfile(ProfileHelperUID.java:77) [iDisguise.jar:?]
	at de.robingrether.idisguise.management.profile.ProfileHelperUID.access$100(ProfileHelperUID.java:34) [iDisguise.jar:?]
	at de.robingrether.idisguise.management.profile.ProfileHelperUID$3.run(ProfileHelperUID.java:227) [iDisguise.jar:?]
	at org.bukkit.craftbukkit.v1_8_R3.scheduler.CraftTask.run(CraftTask.java:59) [patched_1.8.8.jar:git-PandaSpigot-119]
	at org.bukkit.craftbukkit.v1_8_R3.scheduler.CraftAsyncTask.run(CraftAsyncTask.java:53) [patched_1.8.8.jar:git-PandaSpigot-119]
	at org.github.paperspigot.ServerSchedulerReportingWrapper.run(ServerSchedulerReportingWrapper.java:23) [patched_1.8.8.jar:git-PandaSpigot-119]
	at java.util.concurrent.ThreadPoolExecutor.runWorker(ThreadPoolExecutor.java:1136) [?:?]
	at java.util.concurrent.ThreadPoolExecutor$Worker.run(ThreadPoolExecutor.java:635) [?:?]
	at java.lang.Thread.run(Thread.java:840) [?:?]
[02:39:11] [Craft Scheduler Thread - 69/ERROR]: [iDisguise] Cannot retrieve the required profile information.
java.lang.NullPointerException: Cannot invoke "org.json.simple.JSONObject.get(Object)" because "object" is null
	at de.robingrether.idisguise.management.profile.ProfileHelperUID.loadGameProfile(ProfileHelperUID.java:77) [iDisguise.jar:?]
	at de.robingrether.idisguise.management.profile.ProfileHelperUID.access$100(ProfileHelperUID.java:34) [iDisguise.jar:?]
	at de.robingrether.idisguise.management.profile.ProfileHelperUID$3.run(ProfileHelperUID.java:227) [iDisguise.jar:?]
	at org.bukkit.craftbukkit.v1_8_R3.scheduler.CraftTask.run(CraftTask.java:59) [patched_1.8.8.jar:git-PandaSpigot-119]
	at org.bukkit.craftbukkit.v1_8_R3.scheduler.CraftAsyncTask.run(CraftAsyncTask.java:53) [patched_1.8.8.jar:git-PandaSpigot-119]
	at org.github.paperspigot.ServerSchedulerReportingWrapper.run(ServerSchedulerReportingWrapper.java:23) [patched_1.8.8.jar:git-PandaSpigot-119]
	at java.util.concurrent.ThreadPoolExecutor.runWorker(ThreadPoolExecutor.java:1136) [?:?]
	at java.util.concurrent.ThreadPoolExecutor$Worker.run(ThreadPoolExecutor.java:635) [?:?]
	at java.lang.Thread.run(Thread.java:840) [?:?]
[02:39:11] [Craft Scheduler Thread - 68/ERROR]: [iDisguise] Cannot retrieve the required profile information.
java.lang.NullPointerException: Cannot invoke "org.json.simple.JSONObject.get(Object)" because "object" is null
	at de.robingrether.idisguise.management.profile.ProfileHelperUID.loadGameProfile(ProfileHelperUID.java:77) [iDisguise.jar:?]
	at de.robingrether.idisguise.management.profile.ProfileHelperUID.access$100(ProfileHelperUID.java:34) [iDisguise.jar:?]
	at de.robingrether.idisguise.management.profile.ProfileHelperUID$3.run(ProfileHelperUID.java:227) [iDisguise.jar:?]
	at org.bukkit.craftbukkit.v1_8_R3.scheduler.CraftTask.run(CraftTask.java:59) [patched_1.8.8.jar:git-PandaSpigot-119]
	at org.bukkit.craftbukkit.v1_8_R3.scheduler.CraftAsyncTask.run(CraftAsyncTask.java:53) [patched_1.8.8.jar:git-PandaSpigot-119]
	at org.github.paperspigot.ServerSchedulerReportingWrapper.run(ServerSchedulerReportingWrapper.java:23) [patched_1.8.8.jar:git-PandaSpigot-119]
	at java.util.concurrent.ThreadPoolExecutor.runWorker(ThreadPoolExecutor.java:1136) [?:?]
	at java.util.concurrent.ThreadPoolExecutor$Worker.run(ThreadPoolExecutor.java:635) [?:?]
	at java.lang.Thread.run(Thread.java:840) [?:?]
[02:39:11] [Craft Scheduler Thread - 71/ERROR]: [iDisguise] Cannot retrieve the required profile information.
java.lang.NullPointerException: Cannot invoke "org.json.simple.JSONObject.get(Object)" because "object" is null
	at de.robingrether.idisguise.management.profile.ProfileHelperUID.loadGameProfile(ProfileHelperUID.java:77) [iDisguise.jar:?]
	at de.robingrether.idisguise.management.profile.ProfileHelperUID.access$100(ProfileHelperUID.java:34) [iDisguise.jar:?]
	at de.robingrether.idisguise.management.profile.ProfileHelperUID$3.run(ProfileHelperUID.java:227) [iDisguise.jar:?]
	at org.bukkit.craftbukkit.v1_8_R3.scheduler.CraftTask.run(CraftTask.java:59) [patched_1.8.8.jar:git-PandaSpigot-119]
	at org.bukkit.craftbukkit.v1_8_R3.scheduler.CraftAsyncTask.run(CraftAsyncTask.java:53) [patched_1.8.8.jar:git-PandaSpigot-119]
	at org.github.paperspigot.ServerSchedulerReportingWrapper.run(ServerSchedulerReportingWrapper.java:23) [patched_1.8.8.jar:git-PandaSpigot-119]
	at java.util.concurrent.ThreadPoolExecutor.runWorker(ThreadPoolExecutor.java:1136) [?:?]
	at java.util.concurrent.ThreadPoolExecutor$Worker.run(ThreadPoolExecutor.java:635) [?:?]
	at java.lang.Thread.run(Thread.java:840) [?:?]
[02:39:11] [Craft Scheduler Thread - 61/ERROR]: [iDisguise] Cannot retrieve the required profile information.
java.lang.NullPointerException: Cannot invoke "org.json.simple.JSONObject.get(Object)" because "object" is null
	at de.robingrether.idisguise.management.profile.ProfileHelperUID.loadGameProfile(ProfileHelperUID.java:77) [iDisguise.jar:?]
	at de.robingrether.idisguise.management.profile.ProfileHelperUID.access$100(ProfileHelperUID.java:34) [iDisguise.jar:?]
	at de.robingrether.idisguise.management.profile.ProfileHelperUID$3.run(ProfileHelperUID.java:227) [iDisguise.jar:?]
	at org.bukkit.craftbukkit.v1_8_R3.scheduler.CraftTask.run(CraftTask.java:59) [patched_1.8.8.jar:git-PandaSpigot-119]
	at org.bukkit.craftbukkit.v1_8_R3.scheduler.CraftAsyncTask.run(CraftAsyncTask.java:53) [patched_1.8.8.jar:git-PandaSpigot-119]
	at org.github.paperspigot.ServerSchedulerReportingWrapper.run(ServerSchedulerReportingWrapper.java:23) [patched_1.8.8.jar:git-PandaSpigot-119]
	at java.util.concurrent.ThreadPoolExecutor.runWorker(ThreadPoolExecutor.java:1136) [?:?]
	at java.util.concurrent.ThreadPoolExecutor$Worker.run(ThreadPoolExecutor.java:635) [?:?]
	at java.lang.Thread.run(Thread.java:840) [?:?]
[02:39:11] [Craft Scheduler Thread - 27/ERROR]: [iDisguise] Cannot retrieve the required profile information.
java.lang.NullPointerException: Cannot invoke "org.json.simple.JSONObject.get(Object)" because "object" is null
	at de.robingrether.idisguise.management.profile.ProfileHelperUID.loadGameProfile(ProfileHelperUID.java:77) [iDisguise.jar:?]
	at de.robingrether.idisguise.management.profile.ProfileHelperUID.access$100(ProfileHelperUID.java:34) [iDisguise.jar:?]
	at de.robingrether.idisguise.management.profile.ProfileHelperUID$3.run(ProfileHelperUID.java:227) [iDisguise.jar:?]
	at org.bukkit.craftbukkit.v1_8_R3.scheduler.CraftTask.run(CraftTask.java:59) [patched_1.8.8.jar:git-PandaSpigot-119]
	at org.bukkit.craftbukkit.v1_8_R3.scheduler.CraftAsyncTask.run(CraftAsyncTask.java:53) [patched_1.8.8.jar:git-PandaSpigot-119]
	at org.github.paperspigot.ServerSchedulerReportingWrapper.run(ServerSchedulerReportingWrapper.java:23) [patched_1.8.8.jar:git-PandaSpigot-119]
	at java.util.concurrent.ThreadPoolExecutor.runWorker(ThreadPoolExecutor.java:1136) [?:?]
	at java.util.concurrent.ThreadPoolExecutor$Worker.run(ThreadPoolExecutor.java:635) [?:?]
	at java.lang.Thread.run(Thread.java:840) [?:?]
[02:39:11] [Craft Scheduler Thread - 70/ERROR]: [iDisguise] Cannot retrieve the required profile information.
java.lang.NullPointerException: Cannot invoke "org.json.simple.JSONObject.get(Object)" because "object" is null
	at de.robingrether.idisguise.management.profile.ProfileHelperUID.loadGameProfile(ProfileHelperUID.java:77) [iDisguise.jar:?]
	at de.robingrether.idisguise.management.profile.ProfileHelperUID.access$100(ProfileHelperUID.java:34) [iDisguise.jar:?]
	at de.robingrether.idisguise.management.profile.ProfileHelperUID$3.run(ProfileHelperUID.java:227) [iDisguise.jar:?]
	at org.bukkit.craftbukkit.v1_8_R3.scheduler.CraftTask.run(CraftTask.java:59) [patched_1.8.8.jar:git-PandaSpigot-119]
	at org.bukkit.craftbukkit.v1_8_R3.scheduler.CraftAsyncTask.run(CraftAsyncTask.java:53) [patched_1.8.8.jar:git-PandaSpigot-119]
	at org.github.paperspigot.ServerSchedulerReportingWrapper.run(ServerSchedulerReportingWrapper.java:23) [patched_1.8.8.jar:git-PandaSpigot-119]
	at java.util.concurrent.ThreadPoolExecutor.runWorker(ThreadPoolExecutor.java:1136) [?:?]
	at java.util.concurrent.ThreadPoolExecutor$Worker.run(ThreadPoolExecutor.java:635) [?:?]
	at java.lang.Thread.run(Thread.java:840) [?:?]
[02:39:11] [Craft Scheduler Thread - 88/ERROR]: [iDisguise] Cannot retrieve the required profile information.
java.lang.NullPointerException: Cannot invoke "org.json.simple.JSONObject.get(Object)" because "object" is null
	at de.robingrether.idisguise.management.profile.ProfileHelperUID.loadGameProfile(ProfileHelperUID.java:77) [iDisguise.jar:?]
	at de.robingrether.idisguise.management.profile.ProfileHelperUID.access$100(ProfileHelperUID.java:34) [iDisguise.jar:?]
	at de.robingrether.idisguise.management.profile.ProfileHelperUID$3.run(ProfileHelperUID.java:227) [iDisguise.jar:?]
	at org.bukkit.craftbukkit.v1_8_R3.scheduler.CraftTask.run(CraftTask.java:59) [patched_1.8.8.jar:git-PandaSpigot-119]
	at org.bukkit.craftbukkit.v1_8_R3.scheduler.CraftAsyncTask.run(CraftAsyncTask.java:53) [patched_1.8.8.jar:git-PandaSpigot-119]
	at org.github.paperspigot.ServerSchedulerReportingWrapper.run(ServerSchedulerReportingWrapper.java:23) [patched_1.8.8.jar:git-PandaSpigot-119]
	at java.util.concurrent.ThreadPoolExecutor.runWorker(ThreadPoolExecutor.java:1136) [?:?]
	at java.util.concurrent.ThreadPoolExecutor$Worker.run(ThreadPoolExecutor.java:635) [?:?]
	at java.lang.Thread.run(Thread.java:840) [?:?]
[02:39:11] [Craft Scheduler Thread - 92/INFO]: [Vault] No new version available
[02:39:11] [Server thread/WARN]: [ViaVersion] There is a newer plugin version available: 5.3.2, you're on: 5.0.0
[02:39:11] [Craft Scheduler Thread - 81/ERROR]: [iDisguise] Cannot retrieve the required profile information.
java.lang.NullPointerException: Cannot invoke "org.json.simple.JSONObject.get(Object)" because "object" is null
	at de.robingrether.idisguise.management.profile.ProfileHelperUID.loadGameProfile(ProfileHelperUID.java:77) [iDisguise.jar:?]
	at de.robingrether.idisguise.management.profile.ProfileHelperUID.access$100(ProfileHelperUID.java:34) [iDisguise.jar:?]
	at de.robingrether.idisguise.management.profile.ProfileHelperUID$3.run(ProfileHelperUID.java:227) [iDisguise.jar:?]
	at org.bukkit.craftbukkit.v1_8_R3.scheduler.CraftTask.run(CraftTask.java:59) [patched_1.8.8.jar:git-PandaSpigot-119]
	at org.bukkit.craftbukkit.v1_8_R3.scheduler.CraftAsyncTask.run(CraftAsyncTask.java:53) [patched_1.8.8.jar:git-PandaSpigot-119]
	at org.github.paperspigot.ServerSchedulerReportingWrapper.run(ServerSchedulerReportingWrapper.java:23) [patched_1.8.8.jar:git-PandaSpigot-119]
	at java.util.concurrent.ThreadPoolExecutor.runWorker(ThreadPoolExecutor.java:1136) [?:?]
	at java.util.concurrent.ThreadPoolExecutor$Worker.run(ThreadPoolExecutor.java:635) [?:?]
	at java.lang.Thread.run(Thread.java:840) [?:?]
[02:39:11] [Craft Scheduler Thread - 90/ERROR]: [iDisguise] Cannot retrieve the required profile information.
java.lang.NullPointerException: Cannot invoke "org.json.simple.JSONObject.get(Object)" because "object" is null
	at de.robingrether.idisguise.management.profile.ProfileHelperUID.loadGameProfile(ProfileHelperUID.java:77) [iDisguise.jar:?]
	at de.robingrether.idisguise.management.profile.ProfileHelperUID.access$100(ProfileHelperUID.java:34) [iDisguise.jar:?]
	at de.robingrether.idisguise.management.profile.ProfileHelperUID$3.run(ProfileHelperUID.java:227) [iDisguise.jar:?]
	at org.bukkit.craftbukkit.v1_8_R3.scheduler.CraftTask.run(CraftTask.java:59) [patched_1.8.8.jar:git-PandaSpigot-119]
	at org.bukkit.craftbukkit.v1_8_R3.scheduler.CraftAsyncTask.run(CraftAsyncTask.java:53) [patched_1.8.8.jar:git-PandaSpigot-119]
	at org.github.paperspigot.ServerSchedulerReportingWrapper.run(ServerSchedulerReportingWrapper.java:23) [patched_1.8.8.jar:git-PandaSpigot-119]
	at java.util.concurrent.ThreadPoolExecutor.runWorker(ThreadPoolExecutor.java:1136) [?:?]
	at java.util.concurrent.ThreadPoolExecutor$Worker.run(ThreadPoolExecutor.java:635) [?:?]
	at java.lang.Thread.run(Thread.java:840) [?:?]
[02:39:11] [Craft Scheduler Thread - 56/ERROR]: [iDisguise] Cannot retrieve the required profile information.
java.lang.NullPointerException: Cannot invoke "org.json.simple.JSONObject.get(Object)" because "object" is null
	at de.robingrether.idisguise.management.profile.ProfileHelperUID.loadGameProfile(ProfileHelperUID.java:77) [iDisguise.jar:?]
	at de.robingrether.idisguise.management.profile.ProfileHelperUID.access$100(ProfileHelperUID.java:34) [iDisguise.jar:?]
	at de.robingrether.idisguise.management.profile.ProfileHelperUID$3.run(ProfileHelperUID.java:227) [iDisguise.jar:?]
	at org.bukkit.craftbukkit.v1_8_R3.scheduler.CraftTask.run(CraftTask.java:59) [patched_1.8.8.jar:git-PandaSpigot-119]
	at org.bukkit.craftbukkit.v1_8_R3.scheduler.CraftAsyncTask.run(CraftAsyncTask.java:53) [patched_1.8.8.jar:git-PandaSpigot-119]
	at org.github.paperspigot.ServerSchedulerReportingWrapper.run(ServerSchedulerReportingWrapper.java:23) [patched_1.8.8.jar:git-PandaSpigot-119]
	at java.util.concurrent.ThreadPoolExecutor.runWorker(ThreadPoolExecutor.java:1136) [?:?]
	at java.util.concurrent.ThreadPoolExecutor$Worker.run(ThreadPoolExecutor.java:635) [?:?]
	at java.lang.Thread.run(Thread.java:840) [?:?]
[02:39:11] [Craft Scheduler Thread - 87/ERROR]: [iDisguise] Cannot retrieve the required profile information.
java.lang.NullPointerException: Cannot invoke "org.json.simple.JSONObject.get(Object)" because "object" is null
	at de.robingrether.idisguise.management.profile.ProfileHelperUID.loadGameProfile(ProfileHelperUID.java:77) [iDisguise.jar:?]
	at de.robingrether.idisguise.management.profile.ProfileHelperUID.access$100(ProfileHelperUID.java:34) [iDisguise.jar:?]
	at de.robingrether.idisguise.management.profile.ProfileHelperUID$3.run(ProfileHelperUID.java:227) [iDisguise.jar:?]
	at org.bukkit.craftbukkit.v1_8_R3.scheduler.CraftTask.run(CraftTask.java:59) [patched_1.8.8.jar:git-PandaSpigot-119]
	at org.bukkit.craftbukkit.v1_8_R3.scheduler.CraftAsyncTask.run(CraftAsyncTask.java:53) [patched_1.8.8.jar:git-PandaSpigot-119]
	at org.github.paperspigot.ServerSchedulerReportingWrapper.run(ServerSchedulerReportingWrapper.java:23) [patched_1.8.8.jar:git-PandaSpigot-119]
	at java.util.concurrent.ThreadPoolExecutor.runWorker(ThreadPoolExecutor.java:1136) [?:?]
	at java.util.concurrent.ThreadPoolExecutor$Worker.run(ThreadPoolExecutor.java:635) [?:?]
	at java.lang.Thread.run(Thread.java:840) [?:?]
[02:39:11] [Craft Scheduler Thread - 84/ERROR]: [iDisguise] Cannot retrieve the required profile information.
java.lang.NullPointerException: Cannot invoke "org.json.simple.JSONObject.get(Object)" because "object" is null
	at de.robingrether.idisguise.management.profile.ProfileHelperUID.loadGameProfile(ProfileHelperUID.java:77) [iDisguise.jar:?]
	at de.robingrether.idisguise.management.profile.ProfileHelperUID.access$100(ProfileHelperUID.java:34) [iDisguise.jar:?]
	at de.robingrether.idisguise.management.profile.ProfileHelperUID$3.run(ProfileHelperUID.java:227) [iDisguise.jar:?]
	at org.bukkit.craftbukkit.v1_8_R3.scheduler.CraftTask.run(CraftTask.java:59) [patched_1.8.8.jar:git-PandaSpigot-119]
	at org.bukkit.craftbukkit.v1_8_R3.scheduler.CraftAsyncTask.run(CraftAsyncTask.java:53) [patched_1.8.8.jar:git-PandaSpigot-119]
	at org.github.paperspigot.ServerSchedulerReportingWrapper.run(ServerSchedulerReportingWrapper.java:23) [patched_1.8.8.jar:git-PandaSpigot-119]
	at java.util.concurrent.ThreadPoolExecutor.runWorker(ThreadPoolExecutor.java:1136) [?:?]
	at java.util.concurrent.ThreadPoolExecutor$Worker.run(ThreadPoolExecutor.java:635) [?:?]
	at java.lang.Thread.run(Thread.java:840) [?:?]
[02:39:11] [Craft Scheduler Thread - 76/ERROR]: [iDisguise] Cannot retrieve the required profile information.
java.lang.NullPointerException: Cannot invoke "org.json.simple.JSONObject.get(Object)" because "object" is null
	at de.robingrether.idisguise.management.profile.ProfileHelperUID.loadGameProfile(ProfileHelperUID.java:77) [iDisguise.jar:?]
	at de.robingrether.idisguise.management.profile.ProfileHelperUID.access$100(ProfileHelperUID.java:34) [iDisguise.jar:?]
	at de.robingrether.idisguise.management.profile.ProfileHelperUID$3.run(ProfileHelperUID.java:227) [iDisguise.jar:?]
	at org.bukkit.craftbukkit.v1_8_R3.scheduler.CraftTask.run(CraftTask.java:59) [patched_1.8.8.jar:git-PandaSpigot-119]
	at org.bukkit.craftbukkit.v1_8_R3.scheduler.CraftAsyncTask.run(CraftAsyncTask.java:53) [patched_1.8.8.jar:git-PandaSpigot-119]
	at org.github.paperspigot.ServerSchedulerReportingWrapper.run(ServerSchedulerReportingWrapper.java:23) [patched_1.8.8.jar:git-PandaSpigot-119]
	at java.util.concurrent.ThreadPoolExecutor.runWorker(ThreadPoolExecutor.java:1136) [?:?]
	at java.util.concurrent.ThreadPoolExecutor$Worker.run(ThreadPoolExecutor.java:635) [?:?]
	at java.lang.Thread.run(Thread.java:840) [?:?]
[02:39:15] [User Authenticator #3/INFO]: UUID of player cocainefrog is 684e07b6-b6f6-31e6-8ab8-235c4fbff978
[02:39:16] [Server thread/INFO]: cocainefrog[/[0:0:0:0:0:0:0:1]:50574] logged in with entity id 2473 at ([world]-110.5, 68.0, 121.5)
[02:39:16] [Server thread/WARN]: [Essentials] Permissions lag notice with (GenericVaultHandler). Response took 25.395502ms. Summary: Getting group for cocainefrog
[02:39:16] [Server thread/WARN]: File motd.txt does not exist. Creating one for you.
[02:39:18] [Server thread/INFO]: cocainefrog issued server command: /rtp
[02:40:21] [luckperms-command-executor/INFO]: [LP] Command not recognised.
[02:40:28] [Server thread/INFO]: Opped cocainefrog
[02:41:02] [Server thread/INFO]: cocainefrog issued server command: /lp group default permissions set betterrtp.world.<worldName> true
[02:41:06] [Server thread/INFO]: cocainefrog issued server command: /lp help
[02:41:21] [Server thread/INFO]: cocainefrog issued server command: /lp group default
[02:41:36] [Server thread/INFO]: cocainefrog issued server command: /lp groud default permission set betterrtp.world.<worldName> true
[02:41:50] [Server thread/INFO]: cocainefrog issued server command: /lp group default permission set betterrtp.world.<worldName> true
[02:41:50] [luckperms-command-executor/INFO]: [LP] LOG > (cocainefrog) [G] (default)
[02:41:50] [luckperms-command-executor/INFO]: [LP] LOG > permission set betterrtp.world.<worldName> true
[02:42:20] [Server thread/INFO]: cocainefrog issued server command: /lp group default permission set betterrtp.world true
[02:42:20] [luckperms-command-executor/INFO]: [LP] LOG > (cocainefrog) [G] (default)
[02:42:20] [luckperms-command-executor/INFO]: [LP] LOG > permission set betterrtp.world true
[02:42:25] [Server thread/INFO]: cocainefrog issued server command: /deop cocainefrog
[02:42:25] [Server thread/INFO]: [cocainefrog: De-opped cocainefrog]
[02:42:28] [Server thread/INFO]: cocainefrog issued server command: /rtp
[02:42:42] [luckperms-command-executor/INFO]: [LP] Running LuckPerms v5.4.158.
[02:42:42] [luckperms-command-executor/INFO]: > /lp user <user>
[02:42:42] [luckperms-command-executor/INFO]: > /lp group <group>
[02:42:42] [luckperms-command-executor/INFO]: > /lp track <track>
[02:42:42] [luckperms-command-executor/INFO]: > /lp log
[02:42:42] [luckperms-command-executor/INFO]: > /lp sync
[02:42:42] [luckperms-command-executor/INFO]: > /lp info
[02:42:42] [luckperms-command-executor/INFO]: > /lp editor [type]
[02:42:42] [luckperms-command-executor/INFO]: > /lp verbose <on|record|off|upload> [filter]
[02:42:42] [luckperms-command-executor/INFO]: > /lp tree [scope] [player]
[02:42:42] [luckperms-command-executor/INFO]: > /lp search <permission>
[02:42:42] [luckperms-command-executor/INFO]: > /lp networksync
[02:42:42] [luckperms-command-executor/INFO]: > /lp import <file>
[02:42:42] [luckperms-command-executor/INFO]: > /lp export <file>
[02:42:42] [luckperms-command-executor/INFO]: > /lp reloadconfig
[02:42:42] [luckperms-command-executor/INFO]: > /lp bulkupdate
[02:42:42] [luckperms-command-executor/INFO]: > /lp translations
[02:42:42] [luckperms-command-executor/INFO]: > /lp creategroup <group>
[02:42:42] [luckperms-command-executor/INFO]: > /lp deletegroup <group>
[02:42:42] [luckperms-command-executor/INFO]: > /lp listgroups
[02:42:42] [luckperms-command-executor/INFO]: > /lp createtrack <track>
[02:42:42] [luckperms-command-executor/INFO]: > /lp deletetrack <track>
[02:42:42] [luckperms-command-executor/INFO]: > /lp listtracks
[02:43:11] [Server thread/INFO]: cocainefrog issued server command: /lp showtracks
[02:43:21] [Server thread/INFO]: cocainefrog issued server command: /lp
[02:43:47] [Server thread/INFO]: cocainefrog issued server command: /lp group default permission add betterrtp.world.world
[02:44:06] [Server thread/INFO]: cocainefrog issued server command: /lp group default permission set betterrtp.world.world
[02:44:11] [Craft Scheduler Thread - 86/INFO]: [EconomyManager] Saving Economy Manager's Information.
[02:44:15] [Server thread/INFO]: Opped cocainefrog
[02:44:36] [Server thread/INFO]: cocainefrog issued server command: /lp group default permission add betterrtp.world.world
[02:44:54] [Server thread/INFO]: cocainefrog issued server command: /lp group default permission set betterrtp.world.world true
[02:44:54] [luckperms-command-executor/INFO]: [LP] LOG > (cocainefrog) [G] (default)
[02:44:54] [luckperms-command-executor/INFO]: [LP] LOG > permission set betterrtp.world.world true
[02:45:01] [Server thread/INFO]: cocainefrog issued server command: /deop cocainefrog
[02:45:01] [Server thread/INFO]: [cocainefrog: De-opped cocainefrog]
[02:45:03] [Server thread/INFO]: cocainefrog issued server command: /rtp
[02:45:11] [Server thread/INFO]: Opped cocainefrog
[02:45:43] [Server thread/INFO]: cocainefrog issued server command: /lp group global permission set betterrtp.world true
[02:46:02] [Server thread/INFO]: cocainefrog issued server command: /lp group default permission set betterrtp.world true
[02:48:01] [Server thread/INFO]: cocainefrog issued server command: /help essentials
[02:48:14] [Server thread/INFO]: cocainefrog issued server command: /help essentials 2
[02:48:21] [Server thread/INFO]: cocainefrog issued server command: /help essentials 3
[02:48:28] [Server thread/INFO]: cocainefrog issued server command: /help essentials 5
[02:48:36] [Server thread/INFO]: cocainefrog issued server command: /help essentials 6
[02:48:50] [Server thread/INFO]: cocainefrog issued server command: /help essentials 7
[02:48:57] [Server thread/INFO]: cocainefrog issued server command: /help essentials 8
[02:49:11] [Craft Scheduler Thread - 86/INFO]: [EconomyManager] Saving Economy Manager's Information.
[02:49:11] [Craft Scheduler Thread - 86/WARN]: Exception in thread "Craft Scheduler Thread - 86" 
[02:49:11] [Craft Scheduler Thread - 86/WARN]: org.apache.commons.lang.UnhandledException: Plugin EconomyManager v1.0.3 generated an exception while executing task 949
	at org.bukkit.craftbukkit.v1_8_R3.scheduler.CraftAsyncTask.run(CraftAsyncTask.java:57)
	at org.github.paperspigot.ServerSchedulerReportingWrapper.run(ServerSchedulerReportingWrapper.java:23)
	at java.base/java.util.concurrent.ThreadPoolExecutor.runWorker(ThreadPoolExecutor.java:1136)
	at java.base/java.util.concurrent.ThreadPoolExecutor$Worker.run(ThreadPoolExecutor.java:635)
	at java.base/java.lang.Thread.run(Thread.java:840)
Caused by: java.lang.ClassCastException: class org.bukkit.craftbukkit.v1_8_R3.CraftOfflinePlayer cannot be cast to class org.bukkit.entity.Player (org.bukkit.craftbukkit.v1_8_R3.CraftOfflinePlayer and org.bukkit.entity.Player are in unnamed module of loader 'app')
	at debels.EconomyManager.save(EconomyManager.java:535)
	at debels.EconomyManager.access$0(EconomyManager.java:530)
	at debels.EconomyManager$1.run(EconomyManager.java:114)
	at org.bukkit.craftbukkit.v1_8_R3.scheduler.CraftTask.run(CraftTask.java:59)
	at org.bukkit.craftbukkit.v1_8_R3.scheduler.CraftAsyncTask.run(CraftAsyncTask.java:53)
	... 4 more

[02:49:11] [Server thread/INFO]: cocainefrog issued server command: /help essentials 9
[02:49:21] [Server thread/INFO]: cocainefrog issued server command: /help essenrials 10
[02:49:28] [Server thread/INFO]: cocainefrog issued server command: /help essentials 10
[02:49:36] [Server thread/INFO]: cocainefrog issued server command: /help essentials 11
[02:49:50] [Server thread/INFO]: cocainefrog issued server command: /help essentials 12
[02:50:02] [Server thread/INFO]: cocainefrog issued server command: /help essentials 13
[02:50:13] [Server thread/INFO]: cocainefrog issued server command: /help essentials 14
[02:50:22] [Server thread/INFO]: cocainefrog issued server command: /help essentials 15
[02:50:31] [Server thread/INFO]: cocainefrog issued server command: /help spawn
[02:50:35] [Server thread/INFO]: cocainefrog issued server command: /reload
[02:50:35] [Server thread/INFO]: cocainefrog: Please note that this command is not supported and may cause issues when using some plugins.
[02:50:35] [Server thread/INFO]: cocainefrog: If you encounter any issues please use the /stop command to restart your server.
[02:50:35] [Server thread/INFO]: Debug logging is disabled
[02:50:35] [Server thread/INFO]: Spigot Timings: true - Verbose: true - Interval: 5m - Length: 60m
[02:50:35] [Server thread/INFO]: Server Ping Player Sample Count: 12

[02:50:35] [Server thread/INFO]: Using 4 threads for Netty based IO
[02:50:35] [Server thread/INFO]: Data value allowed items: 
[02:50:35] [Server thread/INFO]: -------- World Settings For [world] --------
[02:50:35] [Server thread/INFO]: Chunks to Grow per Tick: 650
[02:50:35] [Server thread/INFO]: Clear tick list: false
[02:50:35] [Server thread/INFO]: Experience Merge Radius: 3.0
[02:50:35] [Server thread/INFO]: Mob Spawn Range: 4
[02:50:35] [Server thread/INFO]: Anti X-Ray: true
[02:50:35] [Server thread/INFO]: 	Engine Mode: 1
[02:50:35] [Server thread/INFO]: 	Hidden Blocks: [14, 15, 16, 21, 48, 49, 54, 56, 73, 74, 82, 129, 130]
[02:50:35] [Server thread/INFO]: 	Replace Blocks: [1, 5]
[02:50:35] [Server thread/INFO]: Nerfing mobs spawned from spawners: false
[02:50:35] [Server thread/INFO]: Cactus Growth Modifier: 100%
[02:50:35] [Server thread/INFO]: Cane Growth Modifier: 100%
[02:50:35] [Server thread/INFO]: Melon Growth Modifier: 100%
[02:50:35] [Server thread/INFO]: Mushroom Growth Modifier: 100%
[02:50:35] [Server thread/INFO]: Pumpkin Growth Modifier: 100%
[02:50:35] [Server thread/INFO]: Sapling Growth Modifier: 100%
[02:50:35] [Server thread/INFO]: Wheat Growth Modifier: 100%
[02:50:35] [Server thread/INFO]: NetherWart Growth Modifier: 100%
[02:50:35] [Server thread/INFO]: Entity Activation Range: An 32 / Mo 32 / Mi 16
[02:50:35] [Server thread/INFO]: Entity Tracking Range: Pl 48 / An 48 / Mo 48 / Mi 32 / Other 64
[02:50:35] [Server thread/INFO]: Hopper Transfer: 8 Hopper Check: 8 Hopper Amount: 1
[02:50:35] [Server thread/INFO]: Random Lighting Updates: false
[02:50:35] [Server thread/INFO]: Structure Info Saving: true
[02:50:35] [Server thread/INFO]: Sending up to 10 chunks per packet
[02:50:35] [Server thread/INFO]: Max Entity Collisions: 8
[02:50:35] [Server thread/INFO]: Custom Map Seeds:  Village: 10387312 Feature: 14357617
[02:50:35] [Server thread/INFO]: Max TNT Explosions: 100
[02:50:35] [Server thread/INFO]: Tile Max Tick Time: 50ms Entity max Tick Time: 50ms
[02:50:35] [Server thread/INFO]: Item Despawn Rate: 6000
[02:50:35] [Server thread/INFO]: Item Merge Radius: 2.5
[02:50:35] [Server thread/INFO]: Arrow Despawn Rate: 1200
[02:50:35] [Server thread/INFO]: View Distance: 10
[02:50:35] [Server thread/INFO]: Allow Zombie Pigmen to spawn from portal blocks: true
[02:50:35] [Server thread/INFO]: Zombie Aggressive Towards Villager: true
[02:50:35] [Server thread/INFO]: -------- World Settings For [world] --------
[02:50:35] [Server thread/INFO]: Keep spawn chunk loaded: true
[02:50:35] [Server thread/INFO]: WorldServer TickNextTick cap set at 10000
[02:50:35] [Server thread/INFO]: WorldServer TickNextTickList cap always processes redstone: false
[02:50:35] [Server thread/INFO]: World async lighting: false
[02:50:35] [Server thread/INFO]: Max height for cactus growth 3. Max height for reed growth 3
[02:50:35] [Server thread/INFO]: Living Entity Despawn Ranges:  Soft: 32 Hard: 128
[02:50:35] [Server thread/INFO]: Squids will spawn between Y: 45.0 and Y: 63.0
[02:50:35] [Server thread/INFO]: Player blocking damage multiplier set to 0.5
[02:50:35] [Server thread/INFO]: Remove invalid mob spawner tile entities: true
[02:50:35] [Server thread/INFO]: Water over lava flow speed: 5
[02:50:35] [Server thread/INFO]: Fix TNT cannons: false
[02:50:35] [Server thread/INFO]: Allow undead horse types to be leashed: false
[02:50:35] [Server thread/INFO]: -------- World Settings For [world_nether] --------
[02:50:35] [Server thread/INFO]: Chunks to Grow per Tick: 650
[02:50:35] [Server thread/INFO]: Clear tick list: false
[02:50:35] [Server thread/INFO]: Experience Merge Radius: 3.0
[02:50:35] [Server thread/INFO]: Mob Spawn Range: 4
[02:50:35] [Server thread/INFO]: Anti X-Ray: true
[02:50:35] [Server thread/INFO]: 	Engine Mode: 1
[02:50:35] [Server thread/INFO]: 	Hidden Blocks: [14, 15, 16, 21, 48, 49, 54, 56, 73, 74, 82, 129, 130]
[02:50:35] [Server thread/INFO]: 	Replace Blocks: [1, 5]
[02:50:35] [Server thread/INFO]: Nerfing mobs spawned from spawners: false
[02:50:35] [Server thread/INFO]: Cactus Growth Modifier: 100%
[02:50:35] [Server thread/INFO]: Cane Growth Modifier: 100%
[02:50:35] [Server thread/INFO]: Melon Growth Modifier: 100%
[02:50:35] [Server thread/INFO]: Mushroom Growth Modifier: 100%
[02:50:35] [Server thread/INFO]: Pumpkin Growth Modifier: 100%
[02:50:35] [Server thread/INFO]: Sapling Growth Modifier: 100%
[02:50:35] [Server thread/INFO]: Wheat Growth Modifier: 100%
[02:50:35] [Server thread/INFO]: NetherWart Growth Modifier: 100%
[02:50:35] [Server thread/INFO]: Entity Activation Range: An 32 / Mo 32 / Mi 16
[02:50:35] [Server thread/INFO]: Entity Tracking Range: Pl 48 / An 48 / Mo 48 / Mi 32 / Other 64
[02:50:35] [Server thread/INFO]: Hopper Transfer: 8 Hopper Check: 8 Hopper Amount: 1
[02:50:35] [Server thread/INFO]: Random Lighting Updates: false
[02:50:35] [Server thread/INFO]: Structure Info Saving: true
[02:50:35] [Server thread/INFO]: Sending up to 10 chunks per packet
[02:50:35] [Server thread/INFO]: Max Entity Collisions: 8
[02:50:35] [Server thread/INFO]: Custom Map Seeds:  Village: 10387312 Feature: 14357617
[02:50:35] [Server thread/INFO]: Max TNT Explosions: 100
[02:50:35] [Server thread/INFO]: Tile Max Tick Time: 50ms Entity max Tick Time: 50ms
[02:50:35] [Server thread/INFO]: Item Despawn Rate: 6000
[02:50:35] [Server thread/INFO]: Item Merge Radius: 2.5
[02:50:35] [Server thread/INFO]: Arrow Despawn Rate: 1200
[02:50:35] [Server thread/INFO]: View Distance: 10
[02:50:35] [Server thread/INFO]: Allow Zombie Pigmen to spawn from portal blocks: true
[02:50:35] [Server thread/INFO]: Zombie Aggressive Towards Villager: true
[02:50:35] [Server thread/INFO]: -------- World Settings For [world_nether] --------
[02:50:35] [Server thread/INFO]: Keep spawn chunk loaded: true
[02:50:35] [Server thread/INFO]: WorldServer TickNextTick cap set at 10000
[02:50:35] [Server thread/INFO]: WorldServer TickNextTickList cap always processes redstone: false
[02:50:35] [Server thread/INFO]: World async lighting: false
[02:50:35] [Server thread/INFO]: Max height for cactus growth 3. Max height for reed growth 3
[02:50:35] [Server thread/INFO]: Living Entity Despawn Ranges:  Soft: 32 Hard: 128
[02:50:35] [Server thread/INFO]: Squids will spawn between Y: 45.0 and Y: 63.0
[02:50:35] [Server thread/INFO]: Player blocking damage multiplier set to 0.5
[02:50:35] [Server thread/INFO]: Remove invalid mob spawner tile entities: true
[02:50:35] [Server thread/INFO]: Water over lava flow speed: 5
[02:50:35] [Server thread/INFO]: Fix TNT cannons: false
[02:50:35] [Server thread/INFO]: Allow undead horse types to be leashed: false
[02:50:35] [Server thread/INFO]: -------- World Settings For [world_the_end] --------
[02:50:35] [Server thread/INFO]: Chunks to Grow per Tick: 650
[02:50:35] [Server thread/INFO]: Clear tick list: false
[02:50:35] [Server thread/INFO]: Experience Merge Radius: 3.0
[02:50:35] [Server thread/INFO]: Mob Spawn Range: 4
[02:50:35] [Server thread/INFO]: Anti X-Ray: true
[02:50:35] [Server thread/INFO]: 	Engine Mode: 1
[02:50:35] [Server thread/INFO]: 	Hidden Blocks: [14, 15, 16, 21, 48, 49, 54, 56, 73, 74, 82, 129, 130]
[02:50:35] [Server thread/INFO]: 	Replace Blocks: [1, 5]
[02:50:35] [Server thread/INFO]: Nerfing mobs spawned from spawners: false
[02:50:35] [Server thread/INFO]: Cactus Growth Modifier: 100%
[02:50:35] [Server thread/INFO]: Cane Growth Modifier: 100%
[02:50:35] [Server thread/INFO]: Melon Growth Modifier: 100%
[02:50:35] [Server thread/INFO]: Mushroom Growth Modifier: 100%
[02:50:35] [Server thread/INFO]: Pumpkin Growth Modifier: 100%
[02:50:35] [Server thread/INFO]: Sapling Growth Modifier: 100%
[02:50:35] [Server thread/INFO]: Wheat Growth Modifier: 100%
[02:50:35] [Server thread/INFO]: NetherWart Growth Modifier: 100%
[02:50:35] [Server thread/INFO]: Entity Activation Range: An 32 / Mo 32 / Mi 16
[02:50:35] [Server thread/INFO]: Entity Tracking Range: Pl 48 / An 48 / Mo 48 / Mi 32 / Other 64
[02:50:35] [Server thread/INFO]: Hopper Transfer: 8 Hopper Check: 8 Hopper Amount: 1
[02:50:35] [Server thread/INFO]: Random Lighting Updates: false
[02:50:35] [Server thread/INFO]: Structure Info Saving: true
[02:50:35] [Server thread/INFO]: Sending up to 10 chunks per packet
[02:50:35] [Server thread/INFO]: Max Entity Collisions: 8
[02:50:35] [Server thread/INFO]: Custom Map Seeds:  Village: 10387312 Feature: 14357617
[02:50:35] [Server thread/INFO]: Max TNT Explosions: 100
[02:50:35] [Server thread/INFO]: Tile Max Tick Time: 50ms Entity max Tick Time: 50ms
[02:50:35] [Server thread/INFO]: Item Despawn Rate: 6000
[02:50:35] [Server thread/INFO]: Item Merge Radius: 2.5
[02:50:35] [Server thread/INFO]: Arrow Despawn Rate: 1200
[02:50:35] [Server thread/INFO]: View Distance: 10
[02:50:35] [Server thread/INFO]: Allow Zombie Pigmen to spawn from portal blocks: true
[02:50:35] [Server thread/INFO]: Zombie Aggressive Towards Villager: true
[02:50:35] [Server thread/INFO]: -------- World Settings For [world_the_end] --------
[02:50:35] [Server thread/INFO]: Keep spawn chunk loaded: true
[02:50:35] [Server thread/INFO]: WorldServer TickNextTick cap set at 10000
[02:50:35] [Server thread/INFO]: WorldServer TickNextTickList cap always processes redstone: false
[02:50:35] [Server thread/INFO]: World async lighting: false
[02:50:35] [Server thread/INFO]: Max height for cactus growth 3. Max height for reed growth 3
[02:50:35] [Server thread/INFO]: Living Entity Despawn Ranges:  Soft: 32 Hard: 128
[02:50:35] [Server thread/INFO]: Squids will spawn between Y: 45.0 and Y: 63.0
[02:50:35] [Server thread/INFO]: Player blocking damage multiplier set to 0.5
[02:50:35] [Server thread/INFO]: Remove invalid mob spawner tile entities: true
[02:50:35] [Server thread/INFO]: Water over lava flow speed: 5
[02:50:35] [Server thread/INFO]: Fix TNT cannons: false
[02:50:35] [Server thread/INFO]: Allow undead horse types to be leashed: false
[02:50:35] [Server thread/INFO]: [EconomyShopGUI] Disabling EconomyShopGUI v6.12.2
[02:50:35] [Server thread/INFO]: [Essentials] Disabling Essentials v2.15.0.1
[02:50:35] [Server thread/INFO]: [Vault] [Economy] Essentials Economy unhooked.
[02:50:35] [Server thread/INFO]: [Vault] Disabling Vault v1.7.3-b131
[02:50:35] [Server thread/INFO]: [ViaRewind-Legacy-Support] Disabling ViaRewind-Legacy-Support v1.5.1
[02:50:35] [Server thread/INFO]: [LuckPerms] Disabling LuckPerms v5.4.158
[02:50:35] [Server thread/INFO]: [LuckPerms] Starting shutdown process...
[02:50:35] [Server thread/INFO]: [LuckPerms] Closing storage...
[02:50:35] [Server thread/INFO]: [LuckPerms] Goodbye!
[02:50:35] [Server thread/INFO]: [ViaRewind] Disabling ViaRewind v4.0.0
[02:50:35] [Server thread/INFO]: [WorldGuard] Disabling WorldGuard v6.1.3-SNAPSHOT;c904242
[02:50:35] [Server thread/INFO]: [WorldGuard] Shutting down executor and waiting for any pending tasks...
[02:50:35] [Server thread/INFO]: [Spawn] Disabling Spawn v2.4.1
[02:50:35] [Server thread/INFO]: [ViaBackwards] Disabling ViaBackwards v5.0.0
[02:50:35] [Server thread/INFO]: [ViaVersion] Disabling ViaVersion v5.0.0
[02:50:35] [Server thread/INFO]: [ViaVersion] ViaVersion is disabling, if this is a reload and you experience issues consider rebooting.
[02:50:35] [Server thread/INFO]: [spark] Disabling spark v1.10.119
[02:50:35] [Server thread/INFO]: [Guilds] Disabling Guilds v3.0.2
[02:50:35] [Server thread/INFO]: [Guilds] Saving guilds.yml

[02:50:35] [Server thread/INFO]: [Guilds] Saving players.yml

[02:50:35] [Server thread/INFO]: [Guilds] Saving settings.yml

[02:50:35] [Server thread/INFO]: [Guilds] Saving messages.yml

[02:50:35] [Server thread/INFO]: [iDisguise] Disabling iDisguise v5.8.2
[02:50:35] [Server thread/INFO]: [iDisguise] iDisguise 5.8.2 disabled!
[02:50:35] [Server thread/INFO]: [EconomyManager] Disabling EconomyManager v1.0.3
[02:50:35] [Server thread/INFO]: [WorldEdit] Disabling WorldEdit v6.1.9;caf0ad9
[02:50:35] [Server thread/INFO]: [ChestActions] Disabling ChestActions v2.9
[02:50:35] [Server thread/INFO]: [ChestActions] ChestActions disabled
[02:50:35] [Server thread/ERROR]: Could not load 'plugins/OpenInv.jar' in folder 'plugins'
org.bukkit.plugin.InvalidPluginException: java.lang.UnsupportedClassVersionError: com/lishid/openinv/OpenInv has been compiled by a more recent version of the Java Runtime (class file version 65.0), this version of the Java Runtime only recognizes class file versions up to 61.0
	at org.bukkit.plugin.java.JavaPluginLoader.loadPlugin(JavaPluginLoader.java:133) ~[patched_1.8.8.jar:git-PandaSpigot-119]
	at org.bukkit.plugin.SimplePluginManager.loadPlugin(SimplePluginManager.java:340) ~[patched_1.8.8.jar:git-PandaSpigot-119]
	at org.bukkit.plugin.SimplePluginManager.loadPlugins(SimplePluginManager.java:263) ~[patched_1.8.8.jar:git-PandaSpigot-119]
	at org.bukkit.craftbukkit.v1_8_R3.CraftServer.loadPlugins(CraftServer.java:297) ~[patched_1.8.8.jar:git-PandaSpigot-119]
	at org.bukkit.craftbukkit.v1_8_R3.CraftServer.reload(CraftServer.java:803) ~[patched_1.8.8.jar:git-PandaSpigot-119]
	at org.bukkit.Bukkit.reload(Bukkit.java:573) ~[patched_1.8.8.jar:git-PandaSpigot-119]
	at org.bukkit.command.defaults.ReloadCommand.execute(ReloadCommand.java:25) ~[patched_1.8.8.jar:git-PandaSpigot-119]
	at org.bukkit.command.SimpleCommandMap.dispatch(SimpleCommandMap.java:146) ~[patched_1.8.8.jar:git-PandaSpigot-119]
	at org.bukkit.craftbukkit.v1_8_R3.CraftServer.dispatchCommand(CraftServer.java:700) ~[patched_1.8.8.jar:git-PandaSpigot-119]
	at net.minecraft.server.v1_8_R3.PlayerConnection.handleCommand(PlayerConnection.java:1213) ~[patched_1.8.8.jar:git-PandaSpigot-119]
	at net.minecraft.server.v1_8_R3.PlayerConnection.a(PlayerConnection.java:1025) ~[patched_1.8.8.jar:git-PandaSpigot-119]
	at net.minecraft.server.v1_8_R3.PacketPlayInChat.a(PacketPlayInChat.java:45) ~[patched_1.8.8.jar:git-PandaSpigot-119]
	at net.minecraft.server.v1_8_R3.PacketPlayInChat.a(PacketPlayInChat.java:5) ~[patched_1.8.8.jar:git-PandaSpigot-119]
	at net.minecraft.server.v1_8_R3.PlayerConnectionUtils$1.run(PlayerConnectionUtils.java:9) ~[patched_1.8.8.jar:git-PandaSpigot-119]
	at java.util.concurrent.Executors$RunnableAdapter.call(Executors.java:539) ~[?:?]
	at java.util.concurrent.FutureTask.run(FutureTask.java:264) ~[?:?]
	at net.minecraft.server.v1_8_R3.SystemUtils.a(SystemUtils.java:11) ~[patched_1.8.8.jar:git-PandaSpigot-119]
	at net.minecraft.server.v1_8_R3.MinecraftServer.B(MinecraftServer.java:881) ~[patched_1.8.8.jar:git-PandaSpigot-119]
	at net.minecraft.server.v1_8_R3.DedicatedServer.B(DedicatedServer.java:412) ~[patched_1.8.8.jar:git-PandaSpigot-119]
	at net.minecraft.server.v1_8_R3.MinecraftServer.A(MinecraftServer.java:815) ~[patched_1.8.8.jar:git-PandaSpigot-119]
	at net.minecraft.server.v1_8_R3.MinecraftServer.run(MinecraftServer.java:648) ~[patched_1.8.8.jar:git-PandaSpigot-119]
	at net.minecraft.server.v1_8_R3.MinecraftServer.lambda$spin$0(MinecraftServer.java:133) ~[patched_1.8.8.jar:git-PandaSpigot-119]
	at java.lang.Thread.run(Thread.java:840) [?:?]
Caused by: java.lang.UnsupportedClassVersionError: com/lishid/openinv/OpenInv has been compiled by a more recent version of the Java Runtime (class file version 65.0), this version of the Java Runtime only recognizes class file versions up to 61.0
	at java.lang.ClassLoader.defineClass1(Native Method) ~[?:?]
	at java.lang.ClassLoader.defineClass(ClassLoader.java:1017) ~[?:?]
	at java.security.SecureClassLoader.defineClass(SecureClassLoader.java:150) ~[?:?]
	at java.net.URLClassLoader.defineClass(URLClassLoader.java:524) ~[?:?]
	at java.net.URLClassLoader$1.run(URLClassLoader.java:427) ~[?:?]
	at java.net.URLClassLoader$1.run(URLClassLoader.java:421) ~[?:?]
	at java.security.AccessController.doPrivileged(AccessController.java:712) ~[?:?]
	at java.net.URLClassLoader.findClass(URLClassLoader.java:420) ~[?:?]
	at org.bukkit.plugin.java.PluginClassLoader.findClass(PluginClassLoader.java:102) ~[patched_1.8.8.jar:git-PandaSpigot-119]
	at org.bukkit.plugin.java.PluginClassLoader.findClass(PluginClassLoader.java:87) ~[patched_1.8.8.jar:git-PandaSpigot-119]
	at java.lang.ClassLoader.loadClass(ClassLoader.java:592) ~[?:?]
	at java.lang.ClassLoader.loadClass(ClassLoader.java:525) ~[?:?]
	at java.lang.Class.forName0(Native Method) ~[?:?]
	at java.lang.Class.forName(Class.java:467) ~[?:?]
	at org.bukkit.plugin.java.PluginClassLoader.<init>(PluginClassLoader.java:65) ~[patched_1.8.8.jar:git-PandaSpigot-119]
	at org.bukkit.plugin.java.JavaPluginLoader.loadPlugin(JavaPluginLoader.java:129) ~[patched_1.8.8.jar:git-PandaSpigot-119]
	... 22 more
[02:50:35] [Server thread/INFO]: [ChestActions] Loading ChestActions v2.9
[02:50:35] [Server thread/INFO]: [WorldEdit] Loading WorldEdit v6.1.9;caf0ad9
[02:50:35] [Server thread/INFO]: [EconomyManager] Loading EconomyManager v1.0.3
[02:50:35] [Server thread/INFO]: [iDisguise] Loading iDisguise v5.8.2
[02:50:35] [Server thread/INFO]: [Guilds] Loading Guilds v3.0.2
[02:50:35] [Server thread/INFO]: [spark] Loading spark v1.10.119
[02:50:35] [Server thread/INFO]: [ViaVersion] Loading ViaVersion v5.0.0
[02:50:35] [Server thread/INFO]: [ViaVersion] ViaVersion 5.0.0 is now loaded. Registering protocol transformers and injecting...
[02:50:35] [Server thread/ERROR]: [ViaVersion] ViaVersion is already loaded, this should work fine. If you get any console errors, try rebooting.
[02:50:35] [Via-Mappingloader-0/INFO]: [ViaVersion] Loading block connection mappings ...
[02:50:36] [Server thread/INFO]: [ViaBackwards] Loading translations...
[02:50:36] [Server thread/INFO]: [ViaBackwards] Registering protocols...
[02:50:36] [Server thread/INFO]: [ViaRewind] Registering protocols...
[02:50:36] [Server thread/INFO]: [ViaBackwards] Loading ViaBackwards v5.0.0
[02:50:36] [Server thread/INFO]: [Spawn] Loading Spawn v2.4.1
[02:50:36] [Server thread/INFO]: [WorldGuard] Loading WorldGuard v6.1.3-SNAPSHOT;c904242
[02:50:36] [Server thread/INFO]: [ViaRewind] Loading ViaRewind v4.0.0
[02:50:36] [Server thread/INFO]: [LuckPerms] Loading LuckPerms v5.4.158
[02:50:36] [Server thread/INFO]: [ViaRewind-Legacy-Support] Loading ViaRewind-Legacy-Support v1.5.1
[02:50:36] [Server thread/INFO]: [Vault] Loading Vault v1.7.3-b131
[02:50:36] [Server thread/INFO]: [Essentials] Loading Essentials v2.15.0.1
[02:50:36] [Server thread/INFO]: [EconomyShopGUI] Loading EconomyShopGUI v6.12.2
[02:50:36] [Server thread/INFO]: [BetterRTP] Loading BetterRTP v3.6.13
[02:50:36] [Server thread/INFO]: [EconomyManager] Enabling EconomyManager v1.0.3
[02:50:36] [Server thread/INFO]: [EconomyManager] ItemStack{STONE x 1}
[02:50:36] [Server thread/INFO]: [EconomyManager] ItemStack{STONE x 1}
[02:50:36] [Server thread/INFO]: [EconomyManager] ItemStack{WOOL x 1}
[02:50:36] [Server thread/INFO]: [ViaRewind] Enabling ViaRewind v4.0.0
[02:50:36] [Server thread/INFO]: [LuckPerms] Enabling LuckPerms v5.4.158
[02:50:36] [Server thread/INFO]:         __    
[02:50:36] [Server thread/INFO]:   |    |__)   LuckPerms v5.4.158
[02:50:36] [Server thread/INFO]:   |___ |      Running on Bukkit - PandaSpigot
[02:50:36] [Server thread/INFO]: 
[02:50:36] [Server thread/INFO]: [LuckPerms] Loading configuration...
[02:50:37] [Thread-30/WARN]: [EconomyManager] Could not reach dev.bukkit.org for update checking. Is it offline?
[02:50:37] [Server thread/INFO]: [LuckPerms] Loading storage provider... [H2]
[02:50:37] [Server thread/INFO]: [LuckPerms] Loading internal permission managers...
[02:50:37] [Server thread/INFO]: [LuckPerms] Performing initial data load...
[02:50:37] [Server thread/INFO]: [LuckPerms] Successfully enabled. (took 646ms)
[02:50:37] [Server thread/INFO]: [Vault] Enabling Vault v1.7.3-b131
[02:50:37] [Server thread/INFO]: [Vault] [Economy] Essentials Economy found: Waiting
[02:50:37] [Server thread/INFO]: [Vault] [Permission] SuperPermissions loaded as backup permission system.
[02:50:37] [Server thread/INFO]: [Vault] Enabled Version 1.7.3-b131
[02:50:37] [Server thread/INFO]: [LuckPerms] Registered Vault permission & chat hook.
[02:50:37] [Server thread/INFO]: [ChestActions] Enabling ChestActions v2.9
[02:50:37] [Server thread/INFO]: [ChestActions] ChestActions enabled
[02:50:37] [Server thread/INFO]: [ChestActions] Config found
[02:50:37] [Server thread/INFO]: [ChestActions] You have the latest version of the plugin.
[02:50:37] [Server thread/INFO]: [WorldEdit] Enabling WorldEdit v6.1.9;caf0ad9
[02:50:37] [Server thread/INFO]: WEPIF: Using the Bukkit Permissions API.
[02:50:37] [Server thread/INFO]: [WorldEdit] Using com.sk89q.worldedit.bukkit.adapter.impl.Spigot_v1_8_R3 as the Bukkit adapter
[02:50:37] [Server thread/INFO]: [iDisguise] Enabling iDisguise v5.8.2
[02:50:37] [Server thread/INFO]: [iDisguise] iDisguise 5.8.2 enabled!
[02:50:38] [Server thread/INFO]: [Guilds] Enabling Guilds v3.0.2
[02:50:38] [Server thread/INFO]: [Guilds] Loading settings.yml

[02:50:38] [Server thread/INFO]: [Guilds] Loading messages.yml

[02:50:38] [Server thread/INFO]: [Guilds] Loading guilds.yml

[02:50:38] [Server thread/INFO]: [Guilds] Loading players.yml

[02:50:38] [Server thread/INFO]: [Guilds] Guilds is an old plugin reborn. I am satisfied that this build is stable but if you find any bugs please feed them back to AVOCARDO as soon as possible. Thank you.

[02:50:38] [Server thread/INFO]: [spark] Enabling spark v1.10.119
[02:50:38] [Server thread/INFO]: [spark] Using Paper ServerTickStartEvent for tick monitoring
[02:50:38] [Server thread/INFO]: [spark] Starting background profiler...
[02:50:38] [Server thread/INFO]: [ViaVersion] Enabling ViaVersion v5.0.0
[02:50:38] [Server thread/INFO]: [ViaBackwards] Enabling ViaBackwards v5.0.0
[02:50:38] [Server thread/INFO]: [Spawn] Enabling Spawn v2.4.1
[02:50:38] [Server thread/INFO]: [WorldGuard] Enabling WorldGuard v6.1.3-SNAPSHOT;c904242
[02:50:38] [Server thread/INFO]: [WorldGuard] (world) TNT ignition is PERMITTED.
[02:50:38] [Server thread/INFO]: [WorldGuard] (world) Lighters are PERMITTED.
[02:50:38] [Server thread/INFO]: [WorldGuard] (world) Lava fire is blocked.
[02:50:38] [Server thread/INFO]: [WorldGuard] (world) Fire spread is UNRESTRICTED.
[02:50:38] [Server thread/INFO]: [WorldGuard] Loaded configuration for world 'world'
[02:50:38] [Server thread/INFO]: [WorldGuard] (world_nether) TNT ignition is PERMITTED.
[02:50:38] [Server thread/INFO]: [WorldGuard] (world_nether) Lighters are PERMITTED.
[02:50:38] [Server thread/INFO]: [WorldGuard] (world_nether) Lava fire is blocked.
[02:50:38] [Server thread/INFO]: [WorldGuard] (world_nether) Fire spread is UNRESTRICTED.
[02:50:38] [Server thread/INFO]: [WorldGuard] Loaded configuration for world 'world_nether'
[02:50:38] [Server thread/INFO]: [WorldGuard] (world_the_end) TNT ignition is PERMITTED.
[02:50:38] [Server thread/INFO]: [WorldGuard] (world_the_end) Lighters are PERMITTED.
[02:50:38] [Server thread/INFO]: [WorldGuard] (world_the_end) Lava fire is blocked.
[02:50:38] [Server thread/INFO]: [WorldGuard] (world_the_end) Fire spread is UNRESTRICTED.
[02:50:38] [Server thread/INFO]: [WorldGuard] Loaded configuration for world 'world_the_end'
[02:50:38] [Server thread/INFO]: [WorldGuard] Loading region data...
[02:50:38] [Server thread/INFO]: [ViaRewind-Legacy-Support] Enabling ViaRewind-Legacy-Support v1.5.1
[02:50:38] [Server thread/INFO]: [Essentials] Enabling Essentials v2.15.0.1
[02:50:38] [Server thread/ERROR]: [Essentials] Failed to apply custom currency format: modifiers
[02:50:38] [Server thread/INFO]: Attempting to convert old kits in config.yml to new kits.yml
[02:50:38] [Server thread/INFO]: No kits found to migrate.
[02:50:38] [Server thread/INFO]: [Essentials] Using 1.8.3+ BlockStateMeta provider as mob spawner provider.
[02:50:38] [Server thread/INFO]: [Essentials] Using legacy item data provider as spawn egg provider.
[02:50:38] [Server thread/INFO]: [Essentials] Using legacy potion meta provider as potion meta provider.
[02:50:38] [Server thread/ERROR]: [Essentials] Failed to apply custom currency format: modifiers
[02:50:38] [Server thread/INFO]: Using locale en
[02:50:38] [Server thread/INFO]: [Essentials] Using Spigot 1.7.10+ ServerListPingEvent iterator
[02:50:38] [Server thread/INFO]: [Essentials] Starting Metrics. Opt-out using the global bStats config.
[02:50:38] [Server thread/INFO]: [Vault] [Economy] Essentials Economy hooked.
[02:50:38] [Server thread/INFO]: [Essentials] Using Vault based permissions (LuckPerms)
[02:50:38] [Server thread/INFO]: [EconomyShopGUI] Enabling EconomyShopGUI v6.12.2
[02:50:38] [Server thread/INFO]: [EconomyShopGUI] [INFO]: Using lang-en.yml as language file.
[02:50:38] [Server thread/INFO]: [EconomyShopGUI] [INFO]: Completed loading 16 section configs from /sections/
[02:50:38] [Server thread/INFO]: [EconomyShopGUI] [INFO]: Completed loading 16 shop configs from /shops/
[02:50:38] [Server thread/INFO]: [EconomyShopGUI] [INFO]: Updating Shop settings...
[02:50:38] [Server thread/INFO]: [EconomyShopGUI] [INFO]: Successfully hooked into Vault and using Essentials Economy as economy provider
[02:50:38] [Server thread/INFO]: [EconomyShopGUI] [INFO]: Completed loading 1 economy provider(s) for all 14 shop sections.
[02:50:38] [Server thread/INFO]: [EconomyShopGUI] [INFO]: Using minecraft version 1.8.8...
[02:50:38] [Server thread/INFO]: [EconomyShopGUI] [INFO]: Spawner provider set to AUTO in config
[02:50:38] [Server thread/INFO]: [EconomyShopGUI] [INFO]: Automatically searching for compatible spawner provider....
[02:50:38] [Server thread/INFO]: [EconomyShopGUI] [INFO]: Failed to automatically find compatible spawner provider, using default...
[02:50:38] [Server thread/INFO]: [EconomyShopGUI] [DEBUG]: This item material is not supported in this minecraft version.
[02:50:38] [Server thread/INFO]: [EconomyShopGUI] [WARN]: Item path in config.yml: spawner-break-tools.3
[02:50:38] [Server thread/INFO]: [EconomyShopGUI] [INFO]: Debug mode is enabled.
[02:50:38] [Server thread/INFO]: [EconomyShopGUI] [INFO]: Loading all items...
[02:50:38] [Server thread/INFO]: [EconomyShopGUI] [WARN]: Failed to migrate database to new format for TRANSACTIONS_5_2025
[02:50:38] [Server thread/WARN]: java.sql.SQLException: query does not return ResultSet

[02:50:38] [Server thread/WARN]: 	at org.sqlite.Stmt.executeQuery(Stmt.java:124)

[02:50:38] [Server thread/WARN]: 	at me.gypopo.economyshopgui.files.TransactionLog$Database.checkTableConstraints(TransactionLog.java:704)

[02:50:38] [Server thread/WARN]: 	at me.gypopo.economyshopgui.files.TransactionLog$Database.connect(TransactionLog.java:687)

[02:50:38] [Server thread/WARN]: 	at me.gypopo.economyshopgui.files.TransactionLog$Database.<init>(TransactionLog.java:677)

[02:50:38] [Server thread/WARN]: 	at me.gypopo.economyshopgui.files.TransactionLog.setup(TransactionLog.java:64)

[02:50:38] [Server thread/WARN]: 	at me.gypopo.economyshopgui.methodes.SendMessage.init(SendMessage.java:57)

[02:50:38] [Server thread/WARN]: 	at me.gypopo.economyshopgui.methodes.StartupReload.loadItems(StartupReload.java:146)

[02:50:38] [Server thread/WARN]: 	at me.gypopo.economyshopgui.EconomyShopGUI.onEnable(EconomyShopGUI.java:199)

[02:50:38] [Server thread/WARN]: 	at org.bukkit.plugin.java.JavaPlugin.setEnabled(JavaPlugin.java:321)

[02:50:38] [Server thread/WARN]: 	at org.bukkit.plugin.java.JavaPluginLoader.enablePlugin(JavaPluginLoader.java:332)

[02:50:38] [Server thread/WARN]: 	at org.bukkit.plugin.SimplePluginManager.enablePlugin(SimplePluginManager.java:454)

[02:50:38] [Server thread/WARN]: 	at org.bukkit.craftbukkit.v1_8_R3.CraftServer.loadPlugin(CraftServer.java:393)

[02:50:38] [Server thread/WARN]: 	at org.bukkit.craftbukkit.v1_8_R3.CraftServer.enablePlugins(CraftServer.java:352)

[02:50:38] [Server thread/WARN]: 	at org.bukkit.craftbukkit.v1_8_R3.CraftServer.reload(CraftServer.java:805)

[02:50:38] [Server thread/WARN]: 	at org.bukkit.Bukkit.reload(Bukkit.java:573)

[02:50:38] [Server thread/WARN]: 	at org.bukkit.command.defaults.ReloadCommand.execute(ReloadCommand.java:25)

[02:50:38] [Server thread/WARN]: 	at org.bukkit.command.SimpleCommandMap.dispatch(SimpleCommandMap.java:146)

[02:50:38] [Server thread/WARN]: 	at org.bukkit.craftbukkit.v1_8_R3.CraftServer.dispatchCommand(CraftServer.java:700)

[02:50:38] [Server thread/WARN]: 	at net.minecraft.server.v1_8_R3.PlayerConnection.handleCommand(PlayerConnection.java:1213)

[02:50:38] [Server thread/WARN]: 	at net.minecraft.server.v1_8_R3.PlayerConnection.a(PlayerConnection.java:1025)

[02:50:38] [Server thread/WARN]: 	at net.minecraft.server.v1_8_R3.PacketPlayInChat.a(PacketPlayInChat.java:45)

[02:50:38] [Server thread/WARN]: 	at net.minecraft.server.v1_8_R3.PacketPlayInChat.a(PacketPlayInChat.java:5)

[02:50:38] [Server thread/WARN]: 	at net.minecraft.server.v1_8_R3.PlayerConnectionUtils$1.run(PlayerConnectionUtils.java:9)

[02:50:38] [Server thread/WARN]: 	at java.base/java.util.concurrent.Executors$RunnableAdapter.call(Executors.java:539)

[02:50:38] [Server thread/WARN]: 	at java.base/java.util.concurrent.FutureTask.run(FutureTask.java:264)

[02:50:38] [Server thread/WARN]: 	at net.minecraft.server.v1_8_R3.SystemUtils.a(SystemUtils.java:11)

[02:50:38] [Server thread/WARN]: 	at net.minecraft.server.v1_8_R3.MinecraftServer.B(MinecraftServer.java:881)

[02:50:38] [Server thread/WARN]: 	at net.minecraft.server.v1_8_R3.DedicatedServer.B(DedicatedServer.java:412)

[02:50:38] [Server thread/WARN]: 	at net.minecraft.server.v1_8_R3.MinecraftServer.A(MinecraftServer.java:815)

[02:50:38] [Server thread/WARN]: 	at net.minecraft.server.v1_8_R3.MinecraftServer.run(MinecraftServer.java:648)

[02:50:38] [Server thread/WARN]: 	at net.minecraft.server.v1_8_R3.MinecraftServer.lambda$spin$0(MinecraftServer.java:133)

[02:50:38] [Server thread/WARN]: 	at java.base/java.lang.Thread.run(Thread.java:840)

[02:50:39] [Server thread/INFO]: [EconomyShopGUI] [INFO]: Initialized - Took 280ms to complete
[02:50:39] [Server thread/INFO]: [BetterRTP] Enabling BetterRTP v3.6.13
[02:50:39] [Server thread/INFO]: [BetterRTP] Cooldown = 600
[02:50:39] [Server thread/INFO]: Server permissions file permissions.yml is empty, ignoring it
[02:50:39] [Server thread/INFO]: cocainefrog: Reload complete.
[02:50:39] [Server thread/INFO]: [ViaVersion] ViaVersion detected server version: 1.8.x (47)
[02:50:39] [Server thread/WARN]: [ViaVersion] This version of Minecraft is extremely outdated and support for it has reached its end of life. You will still be able to run Via on this Minecraft version, but we are unlikely to provide any further fixes or help with problems specific to legacy Minecraft versions. Please consider updating to give your players a better experience and to avoid issues that have long been fixed.
[02:50:39] [Craft Scheduler Thread - 105/ERROR]: [iDisguise] Cannot retrieve the required profile information.
java.lang.NullPointerException: Cannot invoke "org.json.simple.JSONObject.get(Object)" because "object" is null
	at de.robingrether.idisguise.management.profile.ProfileHelperUID.loadGameProfile(ProfileHelperUID.java:77) [iDisguise.jar:?]
	at de.robingrether.idisguise.management.profile.ProfileHelperUID.access$100(ProfileHelperUID.java:34) [iDisguise.jar:?]
	at de.robingrether.idisguise.management.profile.ProfileHelperUID$3.run(ProfileHelperUID.java:227) [iDisguise.jar:?]
	at org.bukkit.craftbukkit.v1_8_R3.scheduler.CraftTask.run(CraftTask.java:59) [patched_1.8.8.jar:git-PandaSpigot-119]
	at org.bukkit.craftbukkit.v1_8_R3.scheduler.CraftAsyncTask.run(CraftAsyncTask.java:53) [patched_1.8.8.jar:git-PandaSpigot-119]
	at org.github.paperspigot.ServerSchedulerReportingWrapper.run(ServerSchedulerReportingWrapper.java:23) [patched_1.8.8.jar:git-PandaSpigot-119]
	at java.util.concurrent.ThreadPoolExecutor.runWorker(ThreadPoolExecutor.java:1136) [?:?]
	at java.util.concurrent.ThreadPoolExecutor$Worker.run(ThreadPoolExecutor.java:635) [?:?]
	at java.lang.Thread.run(Thread.java:840) [?:?]
[02:50:39] [Craft Scheduler Thread - 101/ERROR]: [iDisguise] Cannot retrieve the required profile information.
java.lang.NullPointerException: Cannot invoke "org.json.simple.JSONObject.get(Object)" because "object" is null
	at de.robingrether.idisguise.management.profile.ProfileHelperUID.loadGameProfile(ProfileHelperUID.java:77) [iDisguise.jar:?]
	at de.robingrether.idisguise.management.profile.ProfileHelperUID.access$100(ProfileHelperUID.java:34) [iDisguise.jar:?]
	at de.robingrether.idisguise.management.profile.ProfileHelperUID$3.run(ProfileHelperUID.java:227) [iDisguise.jar:?]
	at org.bukkit.craftbukkit.v1_8_R3.scheduler.CraftTask.run(CraftTask.java:59) [patched_1.8.8.jar:git-PandaSpigot-119]
	at org.bukkit.craftbukkit.v1_8_R3.scheduler.CraftAsyncTask.run(CraftAsyncTask.java:53) [patched_1.8.8.jar:git-PandaSpigot-119]
	at org.github.paperspigot.ServerSchedulerReportingWrapper.run(ServerSchedulerReportingWrapper.java:23) [patched_1.8.8.jar:git-PandaSpigot-119]
	at java.util.concurrent.ThreadPoolExecutor.runWorker(ThreadPoolExecutor.java:1136) [?:?]
	at java.util.concurrent.ThreadPoolExecutor$Worker.run(ThreadPoolExecutor.java:635) [?:?]
	at java.lang.Thread.run(Thread.java:840) [?:?]
[02:50:39] [Craft Scheduler Thread - 104/ERROR]: [iDisguise] Cannot retrieve the required profile information.
java.lang.NullPointerException: Cannot invoke "org.json.simple.JSONObject.get(Object)" because "object" is null
	at de.robingrether.idisguise.management.profile.ProfileHelperUID.loadGameProfile(ProfileHelperUID.java:77) [iDisguise.jar:?]
	at de.robingrether.idisguise.management.profile.ProfileHelperUID.access$100(ProfileHelperUID.java:34) [iDisguise.jar:?]
	at de.robingrether.idisguise.management.profile.ProfileHelperUID$3.run(ProfileHelperUID.java:227) [iDisguise.jar:?]
	at org.bukkit.craftbukkit.v1_8_R3.scheduler.CraftTask.run(CraftTask.java:59) [patched_1.8.8.jar:git-PandaSpigot-119]
	at org.bukkit.craftbukkit.v1_8_R3.scheduler.CraftAsyncTask.run(CraftAsyncTask.java:53) [patched_1.8.8.jar:git-PandaSpigot-119]
	at org.github.paperspigot.ServerSchedulerReportingWrapper.run(ServerSchedulerReportingWrapper.java:23) [patched_1.8.8.jar:git-PandaSpigot-119]
	at java.util.concurrent.ThreadPoolExecutor.runWorker(ThreadPoolExecutor.java:1136) [?:?]
	at java.util.concurrent.ThreadPoolExecutor$Worker.run(ThreadPoolExecutor.java:635) [?:?]
	at java.lang.Thread.run(Thread.java:840) [?:?]
[02:50:39] [Craft Scheduler Thread - 99/ERROR]: [iDisguise] Cannot retrieve the required profile information.
java.lang.NullPointerException: Cannot invoke "org.json.simple.JSONObject.get(Object)" because "object" is null
	at de.robingrether.idisguise.management.profile.ProfileHelperUID.loadGameProfile(ProfileHelperUID.java:77) [iDisguise.jar:?]
	at de.robingrether.idisguise.management.profile.ProfileHelperUID.access$100(ProfileHelperUID.java:34) [iDisguise.jar:?]
	at de.robingrether.idisguise.management.profile.ProfileHelperUID$3.run(ProfileHelperUID.java:227) [iDisguise.jar:?]
	at org.bukkit.craftbukkit.v1_8_R3.scheduler.CraftTask.run(CraftTask.java:59) [patched_1.8.8.jar:git-PandaSpigot-119]
	at org.bukkit.craftbukkit.v1_8_R3.scheduler.CraftAsyncTask.run(CraftAsyncTask.java:53) [patched_1.8.8.jar:git-PandaSpigot-119]
	at org.github.paperspigot.ServerSchedulerReportingWrapper.run(ServerSchedulerReportingWrapper.java:23) [patched_1.8.8.jar:git-PandaSpigot-119]
	at java.util.concurrent.ThreadPoolExecutor.runWorker(ThreadPoolExecutor.java:1136) [?:?]
	at java.util.concurrent.ThreadPoolExecutor$Worker.run(ThreadPoolExecutor.java:635) [?:?]
	at java.lang.Thread.run(Thread.java:840) [?:?]
[02:50:39] [Craft Scheduler Thread - 103/ERROR]: [iDisguise] Cannot retrieve the required profile information.
java.lang.NullPointerException: Cannot invoke "org.json.simple.JSONObject.get(Object)" because "object" is null
	at de.robingrether.idisguise.management.profile.ProfileHelperUID.loadGameProfile(ProfileHelperUID.java:77) [iDisguise.jar:?]
	at de.robingrether.idisguise.management.profile.ProfileHelperUID.access$100(ProfileHelperUID.java:34) [iDisguise.jar:?]
	at de.robingrether.idisguise.management.profile.ProfileHelperUID$3.run(ProfileHelperUID.java:227) [iDisguise.jar:?]
	at org.bukkit.craftbukkit.v1_8_R3.scheduler.CraftTask.run(CraftTask.java:59) [patched_1.8.8.jar:git-PandaSpigot-119]
	at org.bukkit.craftbukkit.v1_8_R3.scheduler.CraftAsyncTask.run(CraftAsyncTask.java:53) [patched_1.8.8.jar:git-PandaSpigot-119]
	at org.github.paperspigot.ServerSchedulerReportingWrapper.run(ServerSchedulerReportingWrapper.java:23) [patched_1.8.8.jar:git-PandaSpigot-119]
	at java.util.concurrent.ThreadPoolExecutor.runWorker(ThreadPoolExecutor.java:1136) [?:?]
	at java.util.concurrent.ThreadPoolExecutor$Worker.run(ThreadPoolExecutor.java:635) [?:?]
	at java.lang.Thread.run(Thread.java:840) [?:?]
[02:50:39] [Craft Scheduler Thread - 111/ERROR]: [iDisguise] Cannot retrieve the required profile information.
java.lang.NullPointerException: Cannot invoke "org.json.simple.JSONObject.get(Object)" because "object" is null
	at de.robingrether.idisguise.management.profile.ProfileHelperUID.loadGameProfile(ProfileHelperUID.java:77) [iDisguise.jar:?]
	at de.robingrether.idisguise.management.profile.ProfileHelperUID.access$100(ProfileHelperUID.java:34) [iDisguise.jar:?]
	at de.robingrether.idisguise.management.profile.ProfileHelperUID$3.run(ProfileHelperUID.java:227) [iDisguise.jar:?]
	at org.bukkit.craftbukkit.v1_8_R3.scheduler.CraftTask.run(CraftTask.java:59) [patched_1.8.8.jar:git-PandaSpigot-119]
	at org.bukkit.craftbukkit.v1_8_R3.scheduler.CraftAsyncTask.run(CraftAsyncTask.java:53) [patched_1.8.8.jar:git-PandaSpigot-119]
	at org.github.paperspigot.ServerSchedulerReportingWrapper.run(ServerSchedulerReportingWrapper.java:23) [patched_1.8.8.jar:git-PandaSpigot-119]
	at java.util.concurrent.ThreadPoolExecutor.runWorker(ThreadPoolExecutor.java:1136) [?:?]
	at java.util.concurrent.ThreadPoolExecutor$Worker.run(ThreadPoolExecutor.java:635) [?:?]
	at java.lang.Thread.run(Thread.java:840) [?:?]
[02:50:39] [Craft Scheduler Thread - 106/ERROR]: [iDisguise] Cannot retrieve the required profile information.
java.lang.NullPointerException: Cannot invoke "org.json.simple.JSONObject.get(Object)" because "object" is null
	at de.robingrether.idisguise.management.profile.ProfileHelperUID.loadGameProfile(ProfileHelperUID.java:77) [iDisguise.jar:?]
	at de.robingrether.idisguise.management.profile.ProfileHelperUID.access$100(ProfileHelperUID.java:34) [iDisguise.jar:?]
	at de.robingrether.idisguise.management.profile.ProfileHelperUID$3.run(ProfileHelperUID.java:227) [iDisguise.jar:?]
	at org.bukkit.craftbukkit.v1_8_R3.scheduler.CraftTask.run(CraftTask.java:59) [patched_1.8.8.jar:git-PandaSpigot-119]
	at org.bukkit.craftbukkit.v1_8_R3.scheduler.CraftAsyncTask.run(CraftAsyncTask.java:53) [patched_1.8.8.jar:git-PandaSpigot-119]
	at org.github.paperspigot.ServerSchedulerReportingWrapper.run(ServerSchedulerReportingWrapper.java:23) [patched_1.8.8.jar:git-PandaSpigot-119]
	at java.util.concurrent.ThreadPoolExecutor.runWorker(ThreadPoolExecutor.java:1136) [?:?]
	at java.util.concurrent.ThreadPoolExecutor$Worker.run(ThreadPoolExecutor.java:635) [?:?]
	at java.lang.Thread.run(Thread.java:840) [?:?]
[02:50:39] [Craft Scheduler Thread - 98/ERROR]: [iDisguise] Cannot retrieve the required profile information.
java.lang.NullPointerException: Cannot invoke "org.json.simple.JSONObject.get(Object)" because "object" is null
	at de.robingrether.idisguise.management.profile.ProfileHelperUID.loadGameProfile(ProfileHelperUID.java:77) [iDisguise.jar:?]
	at de.robingrether.idisguise.management.profile.ProfileHelperUID.access$100(ProfileHelperUID.java:34) [iDisguise.jar:?]
	at de.robingrether.idisguise.management.profile.ProfileHelperUID$3.run(ProfileHelperUID.java:227) [iDisguise.jar:?]
	at org.bukkit.craftbukkit.v1_8_R3.scheduler.CraftTask.run(CraftTask.java:59) [patched_1.8.8.jar:git-PandaSpigot-119]
	at org.bukkit.craftbukkit.v1_8_R3.scheduler.CraftAsyncTask.run(CraftAsyncTask.java:53) [patched_1.8.8.jar:git-PandaSpigot-119]
	at org.github.paperspigot.ServerSchedulerReportingWrapper.run(ServerSchedulerReportingWrapper.java:23) [patched_1.8.8.jar:git-PandaSpigot-119]
	at java.util.concurrent.ThreadPoolExecutor.runWorker(ThreadPoolExecutor.java:1136) [?:?]
	at java.util.concurrent.ThreadPoolExecutor$Worker.run(ThreadPoolExecutor.java:635) [?:?]
	at java.lang.Thread.run(Thread.java:840) [?:?]
[02:50:39] [Craft Scheduler Thread - 107/ERROR]: [iDisguise] Cannot retrieve the required profile information.
java.lang.NullPointerException: Cannot invoke "org.json.simple.JSONObject.get(Object)" because "object" is null
	at de.robingrether.idisguise.management.profile.ProfileHelperUID.loadGameProfile(ProfileHelperUID.java:77) [iDisguise.jar:?]
	at de.robingrether.idisguise.management.profile.ProfileHelperUID.access$100(ProfileHelperUID.java:34) [iDisguise.jar:?]
	at de.robingrether.idisguise.management.profile.ProfileHelperUID$3.run(ProfileHelperUID.java:227) [iDisguise.jar:?]
	at org.bukkit.craftbukkit.v1_8_R3.scheduler.CraftTask.run(CraftTask.java:59) [patched_1.8.8.jar:git-PandaSpigot-119]
	at org.bukkit.craftbukkit.v1_8_R3.scheduler.CraftAsyncTask.run(CraftAsyncTask.java:53) [patched_1.8.8.jar:git-PandaSpigot-119]
	at org.github.paperspigot.ServerSchedulerReportingWrapper.run(ServerSchedulerReportingWrapper.java:23) [patched_1.8.8.jar:git-PandaSpigot-119]
	at java.util.concurrent.ThreadPoolExecutor.runWorker(ThreadPoolExecutor.java:1136) [?:?]
	at java.util.concurrent.ThreadPoolExecutor$Worker.run(ThreadPoolExecutor.java:635) [?:?]
	at java.lang.Thread.run(Thread.java:840) [?:?]
[02:50:39] [Craft Scheduler Thread - 105/ERROR]: [iDisguise] Cannot retrieve the required profile information.
java.lang.NullPointerException: Cannot invoke "org.json.simple.JSONObject.get(Object)" because "object" is null
	at de.robingrether.idisguise.management.profile.ProfileHelperUID.loadGameProfile(ProfileHelperUID.java:77) [iDisguise.jar:?]
	at de.robingrether.idisguise.management.profile.ProfileHelperUID.access$100(ProfileHelperUID.java:34) [iDisguise.jar:?]
	at de.robingrether.idisguise.management.profile.ProfileHelperUID$3.run(ProfileHelperUID.java:227) [iDisguise.jar:?]
	at org.bukkit.craftbukkit.v1_8_R3.scheduler.CraftTask.run(CraftTask.java:59) [patched_1.8.8.jar:git-PandaSpigot-119]
	at org.bukkit.craftbukkit.v1_8_R3.scheduler.CraftAsyncTask.run(CraftAsyncTask.java:53) [patched_1.8.8.jar:git-PandaSpigot-119]
	at org.github.paperspigot.ServerSchedulerReportingWrapper.run(ServerSchedulerReportingWrapper.java:23) [patched_1.8.8.jar:git-PandaSpigot-119]
	at java.util.concurrent.ThreadPoolExecutor.runWorker(ThreadPoolExecutor.java:1136) [?:?]
	at java.util.concurrent.ThreadPoolExecutor$Worker.run(ThreadPoolExecutor.java:635) [?:?]
	at java.lang.Thread.run(Thread.java:840) [?:?]
[02:50:39] [Craft Scheduler Thread - 104/ERROR]: [iDisguise] Cannot retrieve the required profile information.
java.lang.NullPointerException: Cannot invoke "org.json.simple.JSONObject.get(Object)" because "object" is null
	at de.robingrether.idisguise.management.profile.ProfileHelperUID.loadGameProfile(ProfileHelperUID.java:77) [iDisguise.jar:?]
	at de.robingrether.idisguise.management.profile.ProfileHelperUID.access$100(ProfileHelperUID.java:34) [iDisguise.jar:?]
	at de.robingrether.idisguise.management.profile.ProfileHelperUID$3.run(ProfileHelperUID.java:227) [iDisguise.jar:?]
	at org.bukkit.craftbukkit.v1_8_R3.scheduler.CraftTask.run(CraftTask.java:59) [patched_1.8.8.jar:git-PandaSpigot-119]
	at org.bukkit.craftbukkit.v1_8_R3.scheduler.CraftAsyncTask.run(CraftAsyncTask.java:53) [patched_1.8.8.jar:git-PandaSpigot-119]
	at org.github.paperspigot.ServerSchedulerReportingWrapper.run(ServerSchedulerReportingWrapper.java:23) [patched_1.8.8.jar:git-PandaSpigot-119]
	at java.util.concurrent.ThreadPoolExecutor.runWorker(ThreadPoolExecutor.java:1136) [?:?]
	at java.util.concurrent.ThreadPoolExecutor$Worker.run(ThreadPoolExecutor.java:635) [?:?]
	at java.lang.Thread.run(Thread.java:840) [?:?]
[02:50:39] [Craft Scheduler Thread - 100/ERROR]: [iDisguise] Cannot retrieve the required profile information.
java.lang.NullPointerException: Cannot invoke "org.json.simple.JSONObject.get(Object)" because "object" is null
	at de.robingrether.idisguise.management.profile.ProfileHelperUID.loadGameProfile(ProfileHelperUID.java:77) [iDisguise.jar:?]
	at de.robingrether.idisguise.management.profile.ProfileHelperUID.access$100(ProfileHelperUID.java:34) [iDisguise.jar:?]
	at de.robingrether.idisguise.management.profile.ProfileHelperUID$3.run(ProfileHelperUID.java:227) [iDisguise.jar:?]
	at org.bukkit.craftbukkit.v1_8_R3.scheduler.CraftTask.run(CraftTask.java:59) [patched_1.8.8.jar:git-PandaSpigot-119]
	at org.bukkit.craftbukkit.v1_8_R3.scheduler.CraftAsyncTask.run(CraftAsyncTask.java:53) [patched_1.8.8.jar:git-PandaSpigot-119]
	at org.github.paperspigot.ServerSchedulerReportingWrapper.run(ServerSchedulerReportingWrapper.java:23) [patched_1.8.8.jar:git-PandaSpigot-119]
	at java.util.concurrent.ThreadPoolExecutor.runWorker(ThreadPoolExecutor.java:1136) [?:?]
	at java.util.concurrent.ThreadPoolExecutor$Worker.run(ThreadPoolExecutor.java:635) [?:?]
	at java.lang.Thread.run(Thread.java:840) [?:?]
[02:50:39] [Craft Scheduler Thread - 102/ERROR]: [iDisguise] Cannot retrieve the required profile information.
java.lang.NullPointerException: Cannot invoke "org.json.simple.JSONObject.get(Object)" because "object" is null
	at de.robingrether.idisguise.management.profile.ProfileHelperUID.loadGameProfile(ProfileHelperUID.java:77) [iDisguise.jar:?]
	at de.robingrether.idisguise.management.profile.ProfileHelperUID.access$100(ProfileHelperUID.java:34) [iDisguise.jar:?]
	at de.robingrether.idisguise.management.profile.ProfileHelperUID$3.run(ProfileHelperUID.java:227) [iDisguise.jar:?]
	at org.bukkit.craftbukkit.v1_8_R3.scheduler.CraftTask.run(CraftTask.java:59) [patched_1.8.8.jar:git-PandaSpigot-119]
	at org.bukkit.craftbukkit.v1_8_R3.scheduler.CraftAsyncTask.run(CraftAsyncTask.java:53) [patched_1.8.8.jar:git-PandaSpigot-119]
	at org.github.paperspigot.ServerSchedulerReportingWrapper.run(ServerSchedulerReportingWrapper.java:23) [patched_1.8.8.jar:git-PandaSpigot-119]
	at java.util.concurrent.ThreadPoolExecutor.runWorker(ThreadPoolExecutor.java:1136) [?:?]
	at java.util.concurrent.ThreadPoolExecutor$Worker.run(ThreadPoolExecutor.java:635) [?:?]
	at java.lang.Thread.run(Thread.java:840) [?:?]
[02:50:39] [Craft Scheduler Thread - 108/ERROR]: [iDisguise] Cannot retrieve the required profile information.
java.lang.NullPointerException: Cannot invoke "org.json.simple.JSONObject.get(Object)" because "object" is null
	at de.robingrether.idisguise.management.profile.ProfileHelperUID.loadGameProfile(ProfileHelperUID.java:77) [iDisguise.jar:?]
	at de.robingrether.idisguise.management.profile.ProfileHelperUID.access$100(ProfileHelperUID.java:34) [iDisguise.jar:?]
	at de.robingrether.idisguise.management.profile.ProfileHelperUID$3.run(ProfileHelperUID.java:227) [iDisguise.jar:?]
	at org.bukkit.craftbukkit.v1_8_R3.scheduler.CraftTask.run(CraftTask.java:59) [patched_1.8.8.jar:git-PandaSpigot-119]
	at org.bukkit.craftbukkit.v1_8_R3.scheduler.CraftAsyncTask.run(CraftAsyncTask.java:53) [patched_1.8.8.jar:git-PandaSpigot-119]
	at org.github.paperspigot.ServerSchedulerReportingWrapper.run(ServerSchedulerReportingWrapper.java:23) [patched_1.8.8.jar:git-PandaSpigot-119]
	at java.util.concurrent.ThreadPoolExecutor.runWorker(ThreadPoolExecutor.java:1136) [?:?]
	at java.util.concurrent.ThreadPoolExecutor$Worker.run(ThreadPoolExecutor.java:635) [?:?]
	at java.lang.Thread.run(Thread.java:840) [?:?]
[02:50:39] [Craft Scheduler Thread - 109/ERROR]: [iDisguise] Cannot retrieve the required profile information.
java.lang.NullPointerException: Cannot invoke "org.json.simple.JSONObject.get(Object)" because "object" is null
	at de.robingrether.idisguise.management.profile.ProfileHelperUID.loadGameProfile(ProfileHelperUID.java:77) [iDisguise.jar:?]
	at de.robingrether.idisguise.management.profile.ProfileHelperUID.access$100(ProfileHelperUID.java:34) [iDisguise.jar:?]
	at de.robingrether.idisguise.management.profile.ProfileHelperUID$3.run(ProfileHelperUID.java:227) [iDisguise.jar:?]
	at org.bukkit.craftbukkit.v1_8_R3.scheduler.CraftTask.run(CraftTask.java:59) [patched_1.8.8.jar:git-PandaSpigot-119]
	at org.bukkit.craftbukkit.v1_8_R3.scheduler.CraftAsyncTask.run(CraftAsyncTask.java:53) [patched_1.8.8.jar:git-PandaSpigot-119]
	at org.github.paperspigot.ServerSchedulerReportingWrapper.run(ServerSchedulerReportingWrapper.java:23) [patched_1.8.8.jar:git-PandaSpigot-119]
	at java.util.concurrent.ThreadPoolExecutor.runWorker(ThreadPoolExecutor.java:1136) [?:?]
	at java.util.concurrent.ThreadPoolExecutor$Worker.run(ThreadPoolExecutor.java:635) [?:?]
	at java.lang.Thread.run(Thread.java:840) [?:?]
[02:50:39] [Craft Scheduler Thread - 101/ERROR]: [iDisguise] Cannot retrieve the required profile information.
java.lang.NullPointerException: Cannot invoke "org.json.simple.JSONObject.get(Object)" because "object" is null
	at de.robingrether.idisguise.management.profile.ProfileHelperUID.loadGameProfile(ProfileHelperUID.java:77) [iDisguise.jar:?]
	at de.robingrether.idisguise.management.profile.ProfileHelperUID.access$100(ProfileHelperUID.java:34) [iDisguise.jar:?]
	at de.robingrether.idisguise.management.profile.ProfileHelperUID$3.run(ProfileHelperUID.java:227) [iDisguise.jar:?]
	at org.bukkit.craftbukkit.v1_8_R3.scheduler.CraftTask.run(CraftTask.java:59) [patched_1.8.8.jar:git-PandaSpigot-119]
	at org.bukkit.craftbukkit.v1_8_R3.scheduler.CraftAsyncTask.run(CraftAsyncTask.java:53) [patched_1.8.8.jar:git-PandaSpigot-119]
	at org.github.paperspigot.ServerSchedulerReportingWrapper.run(ServerSchedulerReportingWrapper.java:23) [patched_1.8.8.jar:git-PandaSpigot-119]
	at java.util.concurrent.ThreadPoolExecutor.runWorker(ThreadPoolExecutor.java:1136) [?:?]
	at java.util.concurrent.ThreadPoolExecutor$Worker.run(ThreadPoolExecutor.java:635) [?:?]
	at java.lang.Thread.run(Thread.java:840) [?:?]
[02:50:39] [Craft Scheduler Thread - 112/ERROR]: [iDisguise] Cannot retrieve the required profile information.
java.lang.NullPointerException: Cannot invoke "org.json.simple.JSONObject.get(Object)" because "object" is null
	at de.robingrether.idisguise.management.profile.ProfileHelperUID.loadGameProfile(ProfileHelperUID.java:77) [iDisguise.jar:?]
	at de.robingrether.idisguise.management.profile.ProfileHelperUID.access$100(ProfileHelperUID.java:34) [iDisguise.jar:?]
	at de.robingrether.idisguise.management.profile.ProfileHelperUID$3.run(ProfileHelperUID.java:227) [iDisguise.jar:?]
	at org.bukkit.craftbukkit.v1_8_R3.scheduler.CraftTask.run(CraftTask.java:59) [patched_1.8.8.jar:git-PandaSpigot-119]
	at org.bukkit.craftbukkit.v1_8_R3.scheduler.CraftAsyncTask.run(CraftAsyncTask.java:53) [patched_1.8.8.jar:git-PandaSpigot-119]
	at org.github.paperspigot.ServerSchedulerReportingWrapper.run(ServerSchedulerReportingWrapper.java:23) [patched_1.8.8.jar:git-PandaSpigot-119]
	at java.util.concurrent.ThreadPoolExecutor.runWorker(ThreadPoolExecutor.java:1136) [?:?]
	at java.util.concurrent.ThreadPoolExecutor$Worker.run(ThreadPoolExecutor.java:635) [?:?]
	at java.lang.Thread.run(Thread.java:840) [?:?]
[02:50:39] [Craft Scheduler Thread - 122/INFO]: [ViaVersion] Finished mapping loading, shutting down loader executor!
[02:50:39] [Craft Scheduler Thread - 117/ERROR]: [iDisguise] Cannot retrieve the required profile information.
java.lang.NullPointerException: Cannot invoke "org.json.simple.JSONObject.get(Object)" because "object" is null
	at de.robingrether.idisguise.management.profile.ProfileHelperUID.loadGameProfile(ProfileHelperUID.java:77) [iDisguise.jar:?]
	at de.robingrether.idisguise.management.profile.ProfileHelperUID.access$100(ProfileHelperUID.java:34) [iDisguise.jar:?]
	at de.robingrether.idisguise.management.profile.ProfileHelperUID$3.run(ProfileHelperUID.java:227) [iDisguise.jar:?]
	at org.bukkit.craftbukkit.v1_8_R3.scheduler.CraftTask.run(CraftTask.java:59) [patched_1.8.8.jar:git-PandaSpigot-119]
	at org.bukkit.craftbukkit.v1_8_R3.scheduler.CraftAsyncTask.run(CraftAsyncTask.java:53) [patched_1.8.8.jar:git-PandaSpigot-119]
	at org.github.paperspigot.ServerSchedulerReportingWrapper.run(ServerSchedulerReportingWrapper.java:23) [patched_1.8.8.jar:git-PandaSpigot-119]
	at java.util.concurrent.ThreadPoolExecutor.runWorker(ThreadPoolExecutor.java:1136) [?:?]
	at java.util.concurrent.ThreadPoolExecutor$Worker.run(ThreadPoolExecutor.java:635) [?:?]
	at java.lang.Thread.run(Thread.java:840) [?:?]
[02:50:39] [Craft Scheduler Thread - 121/INFO]: [Vault] Checking for Updates ... 
[02:50:39] [Craft Scheduler Thread - 111/ERROR]: [iDisguise] Cannot retrieve the required profile information.
java.lang.NullPointerException: Cannot invoke "org.json.simple.JSONObject.get(Object)" because "object" is null
	at de.robingrether.idisguise.management.profile.ProfileHelperUID.loadGameProfile(ProfileHelperUID.java:77) [iDisguise.jar:?]
	at de.robingrether.idisguise.management.profile.ProfileHelperUID.access$100(ProfileHelperUID.java:34) [iDisguise.jar:?]
	at de.robingrether.idisguise.management.profile.ProfileHelperUID$3.run(ProfileHelperUID.java:227) [iDisguise.jar:?]
	at org.bukkit.craftbukkit.v1_8_R3.scheduler.CraftTask.run(CraftTask.java:59) [patched_1.8.8.jar:git-PandaSpigot-119]
	at org.bukkit.craftbukkit.v1_8_R3.scheduler.CraftAsyncTask.run(CraftAsyncTask.java:53) [patched_1.8.8.jar:git-PandaSpigot-119]
	at org.github.paperspigot.ServerSchedulerReportingWrapper.run(ServerSchedulerReportingWrapper.java:23) [patched_1.8.8.jar:git-PandaSpigot-119]
	at java.util.concurrent.ThreadPoolExecutor.runWorker(ThreadPoolExecutor.java:1136) [?:?]
	at java.util.concurrent.ThreadPoolExecutor$Worker.run(ThreadPoolExecutor.java:635) [?:?]
	at java.lang.Thread.run(Thread.java:840) [?:?]
[02:50:39] [Server thread/INFO]: Timings Reset
[02:50:39] [Craft Scheduler Thread - 110/ERROR]: [iDisguise] Cannot retrieve the required profile information.
java.lang.NullPointerException: Cannot invoke "org.json.simple.JSONObject.get(Object)" because "object" is null
	at de.robingrether.idisguise.management.profile.ProfileHelperUID.loadGameProfile(ProfileHelperUID.java:77) [iDisguise.jar:?]
	at de.robingrether.idisguise.management.profile.ProfileHelperUID.access$100(ProfileHelperUID.java:34) [iDisguise.jar:?]
	at de.robingrether.idisguise.management.profile.ProfileHelperUID$3.run(ProfileHelperUID.java:227) [iDisguise.jar:?]
	at org.bukkit.craftbukkit.v1_8_R3.scheduler.CraftTask.run(CraftTask.java:59) [patched_1.8.8.jar:git-PandaSpigot-119]
	at org.bukkit.craftbukkit.v1_8_R3.scheduler.CraftAsyncTask.run(CraftAsyncTask.java:53) [patched_1.8.8.jar:git-PandaSpigot-119]
	at org.github.paperspigot.ServerSchedulerReportingWrapper.run(ServerSchedulerReportingWrapper.java:23) [patched_1.8.8.jar:git-PandaSpigot-119]
	at java.util.concurrent.ThreadPoolExecutor.runWorker(ThreadPoolExecutor.java:1136) [?:?]
	at java.util.concurrent.ThreadPoolExecutor$Worker.run(ThreadPoolExecutor.java:635) [?:?]
	at java.lang.Thread.run(Thread.java:840) [?:?]
[02:50:39] [Craft Scheduler Thread - 107/ERROR]: [iDisguise] Cannot retrieve the required profile information.
java.lang.NullPointerException: Cannot invoke "org.json.simple.JSONObject.get(Object)" because "object" is null
	at de.robingrether.idisguise.management.profile.ProfileHelperUID.loadGameProfile(ProfileHelperUID.java:77) [iDisguise.jar:?]
	at de.robingrether.idisguise.management.profile.ProfileHelperUID.access$100(ProfileHelperUID.java:34) [iDisguise.jar:?]
	at de.robingrether.idisguise.management.profile.ProfileHelperUID$3.run(ProfileHelperUID.java:227) [iDisguise.jar:?]
	at org.bukkit.craftbukkit.v1_8_R3.scheduler.CraftTask.run(CraftTask.java:59) [patched_1.8.8.jar:git-PandaSpigot-119]
	at org.bukkit.craftbukkit.v1_8_R3.scheduler.CraftAsyncTask.run(CraftAsyncTask.java:53) [patched_1.8.8.jar:git-PandaSpigot-119]
	at org.github.paperspigot.ServerSchedulerReportingWrapper.run(ServerSchedulerReportingWrapper.java:23) [patched_1.8.8.jar:git-PandaSpigot-119]
	at java.util.concurrent.ThreadPoolExecutor.runWorker(ThreadPoolExecutor.java:1136) [?:?]
	at java.util.concurrent.ThreadPoolExecutor$Worker.run(ThreadPoolExecutor.java:635) [?:?]
	at java.lang.Thread.run(Thread.java:840) [?:?]
[02:50:39] [Server thread/INFO]: cocainefrog issued server command: /help spawn
[02:50:39] [Craft Scheduler Thread - 100/ERROR]: [iDisguise] Cannot retrieve the required profile information.
java.lang.NullPointerException: Cannot invoke "org.json.simple.JSONObject.get(Object)" because "object" is null
	at de.robingrether.idisguise.management.profile.ProfileHelperUID.loadGameProfile(ProfileHelperUID.java:77) [iDisguise.jar:?]
	at de.robingrether.idisguise.management.profile.ProfileHelperUID.access$100(ProfileHelperUID.java:34) [iDisguise.jar:?]
	at de.robingrether.idisguise.management.profile.ProfileHelperUID$3.run(ProfileHelperUID.java:227) [iDisguise.jar:?]
	at org.bukkit.craftbukkit.v1_8_R3.scheduler.CraftTask.run(CraftTask.java:59) [patched_1.8.8.jar:git-PandaSpigot-119]
	at org.bukkit.craftbukkit.v1_8_R3.scheduler.CraftAsyncTask.run(CraftAsyncTask.java:53) [patched_1.8.8.jar:git-PandaSpigot-119]
	at org.github.paperspigot.ServerSchedulerReportingWrapper.run(ServerSchedulerReportingWrapper.java:23) [patched_1.8.8.jar:git-PandaSpigot-119]
	at java.util.concurrent.ThreadPoolExecutor.runWorker(ThreadPoolExecutor.java:1136) [?:?]
	at java.util.concurrent.ThreadPoolExecutor$Worker.run(ThreadPoolExecutor.java:635) [?:?]
	at java.lang.Thread.run(Thread.java:840) [?:?]
[02:50:39] [Craft Scheduler Thread - 98/ERROR]: [iDisguise] Cannot retrieve the required profile information.
java.lang.NullPointerException: Cannot invoke "org.json.simple.JSONObject.get(Object)" because "object" is null
	at de.robingrether.idisguise.management.profile.ProfileHelperUID.loadGameProfile(ProfileHelperUID.java:77) [iDisguise.jar:?]
	at de.robingrether.idisguise.management.profile.ProfileHelperUID.access$100(ProfileHelperUID.java:34) [iDisguise.jar:?]
	at de.robingrether.idisguise.management.profile.ProfileHelperUID$3.run(ProfileHelperUID.java:227) [iDisguise.jar:?]
	at org.bukkit.craftbukkit.v1_8_R3.scheduler.CraftTask.run(CraftTask.java:59) [patched_1.8.8.jar:git-PandaSpigot-119]
	at org.bukkit.craftbukkit.v1_8_R3.scheduler.CraftAsyncTask.run(CraftAsyncTask.java:53) [patched_1.8.8.jar:git-PandaSpigot-119]
	at org.github.paperspigot.ServerSchedulerReportingWrapper.run(ServerSchedulerReportingWrapper.java:23) [patched_1.8.8.jar:git-PandaSpigot-119]
	at java.util.concurrent.ThreadPoolExecutor.runWorker(ThreadPoolExecutor.java:1136) [?:?]
	at java.util.concurrent.ThreadPoolExecutor$Worker.run(ThreadPoolExecutor.java:635) [?:?]
	at java.lang.Thread.run(Thread.java:840) [?:?]
[02:50:39] [Craft Scheduler Thread - 102/ERROR]: [iDisguise] Cannot retrieve the required profile information.
java.lang.NullPointerException: Cannot invoke "org.json.simple.JSONObject.get(Object)" because "object" is null
	at de.robingrether.idisguise.management.profile.ProfileHelperUID.loadGameProfile(ProfileHelperUID.java:77) [iDisguise.jar:?]
	at de.robingrether.idisguise.management.profile.ProfileHelperUID.access$100(ProfileHelperUID.java:34) [iDisguise.jar:?]
	at de.robingrether.idisguise.management.profile.ProfileHelperUID$3.run(ProfileHelperUID.java:227) [iDisguise.jar:?]
	at org.bukkit.craftbukkit.v1_8_R3.scheduler.CraftTask.run(CraftTask.java:59) [patched_1.8.8.jar:git-PandaSpigot-119]
	at org.bukkit.craftbukkit.v1_8_R3.scheduler.CraftAsyncTask.run(CraftAsyncTask.java:53) [patched_1.8.8.jar:git-PandaSpigot-119]
	at org.github.paperspigot.ServerSchedulerReportingWrapper.run(ServerSchedulerReportingWrapper.java:23) [patched_1.8.8.jar:git-PandaSpigot-119]
	at java.util.concurrent.ThreadPoolExecutor.runWorker(ThreadPoolExecutor.java:1136) [?:?]
	at java.util.concurrent.ThreadPoolExecutor$Worker.run(ThreadPoolExecutor.java:635) [?:?]
	at java.lang.Thread.run(Thread.java:840) [?:?]
[02:50:39] [Craft Scheduler Thread - 106/ERROR]: [iDisguise] Cannot retrieve the required profile information.
java.lang.NullPointerException: Cannot invoke "org.json.simple.JSONObject.get(Object)" because "object" is null
	at de.robingrether.idisguise.management.profile.ProfileHelperUID.loadGameProfile(ProfileHelperUID.java:77) [iDisguise.jar:?]
	at de.robingrether.idisguise.management.profile.ProfileHelperUID.access$100(ProfileHelperUID.java:34) [iDisguise.jar:?]
	at de.robingrether.idisguise.management.profile.ProfileHelperUID$3.run(ProfileHelperUID.java:227) [iDisguise.jar:?]
	at org.bukkit.craftbukkit.v1_8_R3.scheduler.CraftTask.run(CraftTask.java:59) [patched_1.8.8.jar:git-PandaSpigot-119]
	at org.bukkit.craftbukkit.v1_8_R3.scheduler.CraftAsyncTask.run(CraftAsyncTask.java:53) [patched_1.8.8.jar:git-PandaSpigot-119]
	at org.github.paperspigot.ServerSchedulerReportingWrapper.run(ServerSchedulerReportingWrapper.java:23) [patched_1.8.8.jar:git-PandaSpigot-119]
	at java.util.concurrent.ThreadPoolExecutor.runWorker(ThreadPoolExecutor.java:1136) [?:?]
	at java.util.concurrent.ThreadPoolExecutor$Worker.run(ThreadPoolExecutor.java:635) [?:?]
	at java.lang.Thread.run(Thread.java:840) [?:?]
[02:50:39] [Craft Scheduler Thread - 105/ERROR]: [iDisguise] Cannot retrieve the required profile information.
java.lang.NullPointerException: Cannot invoke "org.json.simple.JSONObject.get(Object)" because "object" is null
	at de.robingrether.idisguise.management.profile.ProfileHelperUID.loadGameProfile(ProfileHelperUID.java:77) [iDisguise.jar:?]
	at de.robingrether.idisguise.management.profile.ProfileHelperUID.access$100(ProfileHelperUID.java:34) [iDisguise.jar:?]
	at de.robingrether.idisguise.management.profile.ProfileHelperUID$3.run(ProfileHelperUID.java:227) [iDisguise.jar:?]
	at org.bukkit.craftbukkit.v1_8_R3.scheduler.CraftTask.run(CraftTask.java:59) [patched_1.8.8.jar:git-PandaSpigot-119]
	at org.bukkit.craftbukkit.v1_8_R3.scheduler.CraftAsyncTask.run(CraftAsyncTask.java:53) [patched_1.8.8.jar:git-PandaSpigot-119]
	at org.github.paperspigot.ServerSchedulerReportingWrapper.run(ServerSchedulerReportingWrapper.java:23) [patched_1.8.8.jar:git-PandaSpigot-119]
	at java.util.concurrent.ThreadPoolExecutor.runWorker(ThreadPoolExecutor.java:1136) [?:?]
	at java.util.concurrent.ThreadPoolExecutor$Worker.run(ThreadPoolExecutor.java:635) [?:?]
	at java.lang.Thread.run(Thread.java:840) [?:?]
[02:50:39] [Craft Scheduler Thread - 118/ERROR]: [iDisguise] Cannot retrieve the required profile information.
java.lang.NullPointerException: Cannot invoke "org.json.simple.JSONObject.get(Object)" because "object" is null
	at de.robingrether.idisguise.management.profile.ProfileHelperUID.loadGameProfile(ProfileHelperUID.java:77) [iDisguise.jar:?]
	at de.robingrether.idisguise.management.profile.ProfileHelperUID.access$100(ProfileHelperUID.java:34) [iDisguise.jar:?]
	at de.robingrether.idisguise.management.profile.ProfileHelperUID$3.run(ProfileHelperUID.java:227) [iDisguise.jar:?]
	at org.bukkit.craftbukkit.v1_8_R3.scheduler.CraftTask.run(CraftTask.java:59) [patched_1.8.8.jar:git-PandaSpigot-119]
	at org.bukkit.craftbukkit.v1_8_R3.scheduler.CraftAsyncTask.run(CraftAsyncTask.java:53) [patched_1.8.8.jar:git-PandaSpigot-119]
	at org.github.paperspigot.ServerSchedulerReportingWrapper.run(ServerSchedulerReportingWrapper.java:23) [patched_1.8.8.jar:git-PandaSpigot-119]
	at java.util.concurrent.ThreadPoolExecutor.runWorker(ThreadPoolExecutor.java:1136) [?:?]
	at java.util.concurrent.ThreadPoolExecutor$Worker.run(ThreadPoolExecutor.java:635) [?:?]
	at java.lang.Thread.run(Thread.java:840) [?:?]
[02:50:39] [Server thread/WARN]: [ViaVersion] There is a newer plugin version available: 5.3.2, you're on: 5.0.0
[02:50:39] [Craft Scheduler Thread - 120/ERROR]: [iDisguise] Cannot retrieve the required profile information.
java.lang.NullPointerException: Cannot invoke "org.json.simple.JSONObject.get(Object)" because "object" is null
	at de.robingrether.idisguise.management.profile.ProfileHelperUID.loadGameProfile(ProfileHelperUID.java:77) [iDisguise.jar:?]
	at de.robingrether.idisguise.management.profile.ProfileHelperUID.access$100(ProfileHelperUID.java:34) [iDisguise.jar:?]
	at de.robingrether.idisguise.management.profile.ProfileHelperUID$3.run(ProfileHelperUID.java:227) [iDisguise.jar:?]
	at org.bukkit.craftbukkit.v1_8_R3.scheduler.CraftTask.run(CraftTask.java:59) [patched_1.8.8.jar:git-PandaSpigot-119]
	at org.bukkit.craftbukkit.v1_8_R3.scheduler.CraftAsyncTask.run(CraftAsyncTask.java:53) [patched_1.8.8.jar:git-PandaSpigot-119]
	at org.github.paperspigot.ServerSchedulerReportingWrapper.run(ServerSchedulerReportingWrapper.java:23) [patched_1.8.8.jar:git-PandaSpigot-119]
	at java.util.concurrent.ThreadPoolExecutor.runWorker(ThreadPoolExecutor.java:1136) [?:?]
	at java.util.concurrent.ThreadPoolExecutor$Worker.run(ThreadPoolExecutor.java:635) [?:?]
	at java.lang.Thread.run(Thread.java:840) [?:?]
[02:50:39] [Craft Scheduler Thread - 115/ERROR]: [iDisguise] Cannot retrieve the required profile information.
java.lang.NullPointerException: Cannot invoke "org.json.simple.JSONObject.get(Object)" because "object" is null
	at de.robingrether.idisguise.management.profile.ProfileHelperUID.loadGameProfile(ProfileHelperUID.java:77) [iDisguise.jar:?]
	at de.robingrether.idisguise.management.profile.ProfileHelperUID.access$100(ProfileHelperUID.java:34) [iDisguise.jar:?]
	at de.robingrether.idisguise.management.profile.ProfileHelperUID$3.run(ProfileHelperUID.java:227) [iDisguise.jar:?]
	at org.bukkit.craftbukkit.v1_8_R3.scheduler.CraftTask.run(CraftTask.java:59) [patched_1.8.8.jar:git-PandaSpigot-119]
	at org.bukkit.craftbukkit.v1_8_R3.scheduler.CraftAsyncTask.run(CraftAsyncTask.java:53) [patched_1.8.8.jar:git-PandaSpigot-119]
	at org.github.paperspigot.ServerSchedulerReportingWrapper.run(ServerSchedulerReportingWrapper.java:23) [patched_1.8.8.jar:git-PandaSpigot-119]
	at java.util.concurrent.ThreadPoolExecutor.runWorker(ThreadPoolExecutor.java:1136) [?:?]
	at java.util.concurrent.ThreadPoolExecutor$Worker.run(ThreadPoolExecutor.java:635) [?:?]
	at java.lang.Thread.run(Thread.java:840) [?:?]
[02:50:39] [Craft Scheduler Thread - 116/ERROR]: [iDisguise] Cannot retrieve the required profile information.
java.lang.NullPointerException: Cannot invoke "org.json.simple.JSONObject.get(Object)" because "object" is null
	at de.robingrether.idisguise.management.profile.ProfileHelperUID.loadGameProfile(ProfileHelperUID.java:77) [iDisguise.jar:?]
	at de.robingrether.idisguise.management.profile.ProfileHelperUID.access$100(ProfileHelperUID.java:34) [iDisguise.jar:?]
	at de.robingrether.idisguise.management.profile.ProfileHelperUID$3.run(ProfileHelperUID.java:227) [iDisguise.jar:?]
	at org.bukkit.craftbukkit.v1_8_R3.scheduler.CraftTask.run(CraftTask.java:59) [patched_1.8.8.jar:git-PandaSpigot-119]
	at org.bukkit.craftbukkit.v1_8_R3.scheduler.CraftAsyncTask.run(CraftAsyncTask.java:53) [patched_1.8.8.jar:git-PandaSpigot-119]
	at org.github.paperspigot.ServerSchedulerReportingWrapper.run(ServerSchedulerReportingWrapper.java:23) [patched_1.8.8.jar:git-PandaSpigot-119]
	at java.util.concurrent.ThreadPoolExecutor.runWorker(ThreadPoolExecutor.java:1136) [?:?]
	at java.util.concurrent.ThreadPoolExecutor$Worker.run(ThreadPoolExecutor.java:635) [?:?]
	at java.lang.Thread.run(Thread.java:840) [?:?]
[02:50:39] [Craft Scheduler Thread - 121/INFO]: [Vault] No new version available
[02:50:39] [Craft Scheduler Thread - 97/ERROR]: [iDisguise] Cannot retrieve the required profile information.
java.lang.NullPointerException: Cannot invoke "org.json.simple.JSONObject.get(Object)" because "object" is null
	at de.robingrether.idisguise.management.profile.ProfileHelperUID.loadGameProfile(ProfileHelperUID.java:77) [iDisguise.jar:?]
	at de.robingrether.idisguise.management.profile.ProfileHelperUID.access$100(ProfileHelperUID.java:34) [iDisguise.jar:?]
	at de.robingrether.idisguise.management.profile.ProfileHelperUID$3.run(ProfileHelperUID.java:227) [iDisguise.jar:?]
	at org.bukkit.craftbukkit.v1_8_R3.scheduler.CraftTask.run(CraftTask.java:59) [patched_1.8.8.jar:git-PandaSpigot-119]
	at org.bukkit.craftbukkit.v1_8_R3.scheduler.CraftAsyncTask.run(CraftAsyncTask.java:53) [patched_1.8.8.jar:git-PandaSpigot-119]
	at org.github.paperspigot.ServerSchedulerReportingWrapper.run(ServerSchedulerReportingWrapper.java:23) [patched_1.8.8.jar:git-PandaSpigot-119]
	at java.util.concurrent.ThreadPoolExecutor.runWorker(ThreadPoolExecutor.java:1136) [?:?]
	at java.util.concurrent.ThreadPoolExecutor$Worker.run(ThreadPoolExecutor.java:635) [?:?]
	at java.lang.Thread.run(Thread.java:840) [?:?]
[02:50:43] [Server thread/INFO]: cocainefrog issued server command: /help spawn
[02:51:03] [Server thread/INFO]: cocainefrog issued server command: /gm 1
[02:51:42] [Server thread/INFO]: cocainefrog issued server command: /backup
[02:51:56] [Server thread/INFO]: cocainefrog issued server command: /kill
[02:52:24] [Server thread/INFO]: cocainefrog issued server command: /disguise 53
[02:52:33] [Server thread/INFO]: cocainefrog issued server command: /disguise ender dragon
[02:52:40] [Server thread/INFO]: cocainefrog issued server command: /disguise enderdragon
[02:55:12] [Server thread/INFO]: CONSOLE: Please note that this command is not supported and may cause issues when using some plugins.
[02:55:12] [Server thread/INFO]: CONSOLE: If you encounter any issues please use the /stop command to restart your server.
[02:55:12] [Server thread/INFO]: Debug logging is disabled
[02:55:12] [Server thread/INFO]: Spigot Timings: true - Verbose: true - Interval: 5m - Length: 60m
[02:55:12] [Server thread/INFO]: Server Ping Player Sample Count: 12

[02:55:12] [Server thread/INFO]: Using 4 threads for Netty based IO
[02:55:12] [Server thread/INFO]: Data value allowed items: 
[02:55:12] [Server thread/INFO]: -------- World Settings For [world] --------
[02:55:12] [Server thread/INFO]: Chunks to Grow per Tick: 650
[02:55:12] [Server thread/INFO]: Clear tick list: false
[02:55:12] [Server thread/INFO]: Experience Merge Radius: 3.0
[02:55:12] [Server thread/INFO]: Mob Spawn Range: 4
[02:55:12] [Server thread/INFO]: Anti X-Ray: true
[02:55:12] [Server thread/INFO]: 	Engine Mode: 1
[02:55:12] [Server thread/INFO]: 	Hidden Blocks: [14, 15, 16, 21, 48, 49, 54, 56, 73, 74, 82, 129, 130]
[02:55:12] [Server thread/INFO]: 	Replace Blocks: [1, 5]
[02:55:12] [Server thread/INFO]: Nerfing mobs spawned from spawners: false
[02:55:12] [Server thread/INFO]: Cactus Growth Modifier: 100%
[02:55:12] [Server thread/INFO]: Cane Growth Modifier: 100%
[02:55:12] [Server thread/INFO]: Melon Growth Modifier: 100%
[02:55:12] [Server thread/INFO]: Mushroom Growth Modifier: 100%
[02:55:12] [Server thread/INFO]: Pumpkin Growth Modifier: 100%
[02:55:12] [Server thread/INFO]: Sapling Growth Modifier: 100%
[02:55:12] [Server thread/INFO]: Wheat Growth Modifier: 100%
[02:55:12] [Server thread/INFO]: NetherWart Growth Modifier: 100%
[02:55:12] [Server thread/INFO]: Entity Activation Range: An 32 / Mo 32 / Mi 16
[02:55:12] [Server thread/INFO]: Entity Tracking Range: Pl 48 / An 48 / Mo 48 / Mi 32 / Other 64
[02:55:12] [Server thread/INFO]: Hopper Transfer: 8 Hopper Check: 8 Hopper Amount: 1
[02:55:12] [Server thread/INFO]: Random Lighting Updates: false
[02:55:12] [Server thread/INFO]: Structure Info Saving: true
[02:55:12] [Server thread/INFO]: Sending up to 10 chunks per packet
[02:55:12] [Server thread/INFO]: Max Entity Collisions: 8
[02:55:12] [Server thread/INFO]: Custom Map Seeds:  Village: 10387312 Feature: 14357617
[02:55:12] [Server thread/INFO]: Max TNT Explosions: 100
[02:55:12] [Server thread/INFO]: Tile Max Tick Time: 50ms Entity max Tick Time: 50ms
[02:55:12] [Server thread/INFO]: Item Despawn Rate: 6000
[02:55:12] [Server thread/INFO]: Item Merge Radius: 2.5
[02:55:12] [Server thread/INFO]: Arrow Despawn Rate: 1200
[02:55:12] [Server thread/INFO]: View Distance: 10
[02:55:12] [Server thread/INFO]: Allow Zombie Pigmen to spawn from portal blocks: true
[02:55:12] [Server thread/INFO]: Zombie Aggressive Towards Villager: true
[02:55:12] [Server thread/INFO]: -------- World Settings For [world] --------
[02:55:12] [Server thread/INFO]: Keep spawn chunk loaded: true
[02:55:12] [Server thread/INFO]: WorldServer TickNextTick cap set at 10000
[02:55:12] [Server thread/INFO]: WorldServer TickNextTickList cap always processes redstone: false
[02:55:12] [Server thread/INFO]: World async lighting: false
[02:55:12] [Server thread/INFO]: Max height for cactus growth 3. Max height for reed growth 3
[02:55:12] [Server thread/INFO]: Living Entity Despawn Ranges:  Soft: 32 Hard: 128
[02:55:12] [Server thread/INFO]: Squids will spawn between Y: 45.0 and Y: 63.0
[02:55:12] [Server thread/INFO]: Player blocking damage multiplier set to 0.5
[02:55:12] [Server thread/INFO]: Remove invalid mob spawner tile entities: true
[02:55:12] [Server thread/INFO]: Water over lava flow speed: 5
[02:55:12] [Server thread/INFO]: Fix TNT cannons: false
[02:55:12] [Server thread/INFO]: Allow undead horse types to be leashed: false
[02:55:12] [Server thread/INFO]: -------- World Settings For [world_nether] --------
[02:55:12] [Server thread/INFO]: Chunks to Grow per Tick: 650
[02:55:12] [Server thread/INFO]: Clear tick list: false
[02:55:12] [Server thread/INFO]: Experience Merge Radius: 3.0
[02:55:12] [Server thread/INFO]: Mob Spawn Range: 4
[02:55:12] [Server thread/INFO]: Anti X-Ray: true
[02:55:12] [Server thread/INFO]: 	Engine Mode: 1
[02:55:12] [Server thread/INFO]: 	Hidden Blocks: [14, 15, 16, 21, 48, 49, 54, 56, 73, 74, 82, 129, 130]
[02:55:12] [Server thread/INFO]: 	Replace Blocks: [1, 5]
[02:55:12] [Server thread/INFO]: Nerfing mobs spawned from spawners: false
[02:55:12] [Server thread/INFO]: Cactus Growth Modifier: 100%
[02:55:12] [Server thread/INFO]: Cane Growth Modifier: 100%
[02:55:12] [Server thread/INFO]: Melon Growth Modifier: 100%
[02:55:12] [Server thread/INFO]: Mushroom Growth Modifier: 100%
[02:55:12] [Server thread/INFO]: Pumpkin Growth Modifier: 100%
[02:55:12] [Server thread/INFO]: Sapling Growth Modifier: 100%
[02:55:12] [Server thread/INFO]: Wheat Growth Modifier: 100%
[02:55:12] [Server thread/INFO]: NetherWart Growth Modifier: 100%
[02:55:12] [Server thread/INFO]: Entity Activation Range: An 32 / Mo 32 / Mi 16
[02:55:12] [Server thread/INFO]: Entity Tracking Range: Pl 48 / An 48 / Mo 48 / Mi 32 / Other 64
[02:55:12] [Server thread/INFO]: Hopper Transfer: 8 Hopper Check: 8 Hopper Amount: 1
[02:55:12] [Server thread/INFO]: Random Lighting Updates: false
[02:55:12] [Server thread/INFO]: Structure Info Saving: true
[02:55:12] [Server thread/INFO]: Sending up to 10 chunks per packet
[02:55:12] [Server thread/INFO]: Max Entity Collisions: 8
[02:55:12] [Server thread/INFO]: Custom Map Seeds:  Village: 10387312 Feature: 14357617
[02:55:12] [Server thread/INFO]: Max TNT Explosions: 100
[02:55:12] [Server thread/INFO]: Tile Max Tick Time: 50ms Entity max Tick Time: 50ms
[02:55:12] [Server thread/INFO]: Item Despawn Rate: 6000
[02:55:12] [Server thread/INFO]: Item Merge Radius: 2.5
[02:55:12] [Server thread/INFO]: Arrow Despawn Rate: 1200
[02:55:12] [Server thread/INFO]: View Distance: 10
[02:55:12] [Server thread/INFO]: Allow Zombie Pigmen to spawn from portal blocks: true
[02:55:12] [Server thread/INFO]: Zombie Aggressive Towards Villager: true
[02:55:12] [Server thread/INFO]: -------- World Settings For [world_nether] --------
[02:55:12] [Server thread/INFO]: Keep spawn chunk loaded: true
[02:55:12] [Server thread/INFO]: WorldServer TickNextTick cap set at 10000
[02:55:12] [Server thread/INFO]: WorldServer TickNextTickList cap always processes redstone: false
[02:55:12] [Server thread/INFO]: World async lighting: false
[02:55:12] [Server thread/INFO]: Max height for cactus growth 3. Max height for reed growth 3
[02:55:12] [Server thread/INFO]: Living Entity Despawn Ranges:  Soft: 32 Hard: 128
[02:55:12] [Server thread/INFO]: Squids will spawn between Y: 45.0 and Y: 63.0
[02:55:12] [Server thread/INFO]: Player blocking damage multiplier set to 0.5
[02:55:12] [Server thread/INFO]: Remove invalid mob spawner tile entities: true
[02:55:12] [Server thread/INFO]: Water over lava flow speed: 5
[02:55:12] [Server thread/INFO]: Fix TNT cannons: false
[02:55:12] [Server thread/INFO]: Allow undead horse types to be leashed: false
[02:55:12] [Server thread/INFO]: -------- World Settings For [world_the_end] --------
[02:55:12] [Server thread/INFO]: Chunks to Grow per Tick: 650
[02:55:12] [Server thread/INFO]: Clear tick list: false
[02:55:12] [Server thread/INFO]: Experience Merge Radius: 3.0
[02:55:12] [Server thread/INFO]: Mob Spawn Range: 4
[02:55:12] [Server thread/INFO]: Anti X-Ray: true
[02:55:12] [Server thread/INFO]: 	Engine Mode: 1
[02:55:12] [Server thread/INFO]: 	Hidden Blocks: [14, 15, 16, 21, 48, 49, 54, 56, 73, 74, 82, 129, 130]
[02:55:12] [Server thread/INFO]: 	Replace Blocks: [1, 5]
[02:55:12] [Server thread/INFO]: Nerfing mobs spawned from spawners: false
[02:55:12] [Server thread/INFO]: Cactus Growth Modifier: 100%
[02:55:12] [Server thread/INFO]: Cane Growth Modifier: 100%
[02:55:12] [Server thread/INFO]: Melon Growth Modifier: 100%
[02:55:12] [Server thread/INFO]: Mushroom Growth Modifier: 100%
[02:55:12] [Server thread/INFO]: Pumpkin Growth Modifier: 100%
[02:55:12] [Server thread/INFO]: Sapling Growth Modifier: 100%
[02:55:12] [Server thread/INFO]: Wheat Growth Modifier: 100%
[02:55:12] [Server thread/INFO]: NetherWart Growth Modifier: 100%
[02:55:12] [Server thread/INFO]: Entity Activation Range: An 32 / Mo 32 / Mi 16
[02:55:12] [Server thread/INFO]: Entity Tracking Range: Pl 48 / An 48 / Mo 48 / Mi 32 / Other 64
[02:55:12] [Server thread/INFO]: Hopper Transfer: 8 Hopper Check: 8 Hopper Amount: 1
[02:55:12] [Server thread/INFO]: Random Lighting Updates: false
[02:55:12] [Server thread/INFO]: Structure Info Saving: true
[02:55:12] [Server thread/INFO]: Sending up to 10 chunks per packet
[02:55:12] [Server thread/INFO]: Max Entity Collisions: 8
[02:55:12] [Server thread/INFO]: Custom Map Seeds:  Village: 10387312 Feature: 14357617
[02:55:12] [Server thread/INFO]: Max TNT Explosions: 100
[02:55:12] [Server thread/INFO]: Tile Max Tick Time: 50ms Entity max Tick Time: 50ms
[02:55:12] [Server thread/INFO]: Item Despawn Rate: 6000
[02:55:12] [Server thread/INFO]: Item Merge Radius: 2.5
[02:55:12] [Server thread/INFO]: Arrow Despawn Rate: 1200
[02:55:12] [Server thread/INFO]: View Distance: 10
[02:55:12] [Server thread/INFO]: Allow Zombie Pigmen to spawn from portal blocks: true
[02:55:12] [Server thread/INFO]: Zombie Aggressive Towards Villager: true
[02:55:12] [Server thread/INFO]: -------- World Settings For [world_the_end] --------
[02:55:12] [Server thread/INFO]: Keep spawn chunk loaded: true
[02:55:12] [Server thread/INFO]: WorldServer TickNextTick cap set at 10000
[02:55:12] [Server thread/INFO]: WorldServer TickNextTickList cap always processes redstone: false
[02:55:12] [Server thread/INFO]: World async lighting: false
[02:55:12] [Server thread/INFO]: Max height for cactus growth 3. Max height for reed growth 3
[02:55:12] [Server thread/INFO]: Living Entity Despawn Ranges:  Soft: 32 Hard: 128
[02:55:12] [Server thread/INFO]: Squids will spawn between Y: 45.0 and Y: 63.0
[02:55:12] [Server thread/INFO]: Player blocking damage multiplier set to 0.5
[02:55:12] [Server thread/INFO]: Remove invalid mob spawner tile entities: true
[02:55:12] [Server thread/INFO]: Water over lava flow speed: 5
[02:55:12] [Server thread/INFO]: Fix TNT cannons: false
[02:55:12] [Server thread/INFO]: Allow undead horse types to be leashed: false
[02:55:12] [Server thread/INFO]: [EconomyShopGUI] Disabling EconomyShopGUI v6.12.2
[02:55:12] [Server thread/INFO]: [Essentials] Disabling Essentials v2.15.0.1
[02:55:12] [Server thread/INFO]: [Vault] [Economy] Essentials Economy unhooked.
[02:55:12] [Server thread/INFO]: [Vault] Disabling Vault v1.7.3-b131
[02:55:12] [Server thread/INFO]: [ViaRewind-Legacy-Support] Disabling ViaRewind-Legacy-Support v1.5.1
[02:55:12] [Server thread/INFO]: [LuckPerms] Disabling LuckPerms v5.4.158
[02:55:12] [Server thread/INFO]: [LuckPerms] Starting shutdown process...
[02:55:12] [Server thread/INFO]: [LuckPerms] Closing storage...
[02:55:12] [Server thread/INFO]: [LuckPerms] Goodbye!
[02:55:12] [Server thread/INFO]: [ViaRewind] Disabling ViaRewind v4.0.0
[02:55:12] [Server thread/INFO]: [WorldGuard] Disabling WorldGuard v6.1.3-SNAPSHOT;c904242
[02:55:12] [Server thread/INFO]: [WorldGuard] Shutting down executor and waiting for any pending tasks...
[02:55:12] [Server thread/INFO]: [Spawn] Disabling Spawn v2.4.1
[02:55:12] [Server thread/INFO]: [ViaBackwards] Disabling ViaBackwards v5.0.0
[02:55:12] [Server thread/INFO]: [ViaVersion] Disabling ViaVersion v5.0.0
[02:55:12] [Server thread/INFO]: [ViaVersion] ViaVersion is disabling, if this is a reload and you experience issues consider rebooting.
[02:55:12] [Server thread/INFO]: [spark] Disabling spark v1.10.119
[02:55:12] [Server thread/INFO]: [Guilds] Disabling Guilds v3.0.2
[02:55:12] [Server thread/INFO]: [Guilds] Saving guilds.yml

[02:55:12] [Server thread/INFO]: [Guilds] Saving players.yml

[02:55:12] [Server thread/INFO]: [Guilds] Saving settings.yml

[02:55:12] [Server thread/INFO]: [Guilds] Saving messages.yml

[02:55:12] [Server thread/INFO]: [iDisguise] Disabling iDisguise v5.8.2
[02:55:12] [Server thread/INFO]: [iDisguise] iDisguise 5.8.2 disabled!
[02:55:12] [Server thread/INFO]: [EconomyManager] Disabling EconomyManager v1.0.3
[02:55:12] [Server thread/INFO]: [WorldEdit] Disabling WorldEdit v6.1.9;caf0ad9
[02:55:12] [Server thread/INFO]: [ChestActions] Disabling ChestActions v2.9
[02:55:12] [Server thread/INFO]: [ChestActions] ChestActions disabled
[02:55:12] [Server thread/ERROR]: Could not load 'plugins/OpenInv.jar' in folder 'plugins'
org.bukkit.plugin.InvalidPluginException: java.lang.UnsupportedClassVersionError: com/lishid/openinv/OpenInv has been compiled by a more recent version of the Java Runtime (class file version 65.0), this version of the Java Runtime only recognizes class file versions up to 61.0
	at org.bukkit.plugin.java.JavaPluginLoader.loadPlugin(JavaPluginLoader.java:133) ~[patched_1.8.8.jar:git-PandaSpigot-119]
	at org.bukkit.plugin.SimplePluginManager.loadPlugin(SimplePluginManager.java:340) ~[patched_1.8.8.jar:git-PandaSpigot-119]
	at org.bukkit.plugin.SimplePluginManager.loadPlugins(SimplePluginManager.java:263) ~[patched_1.8.8.jar:git-PandaSpigot-119]
	at org.bukkit.craftbukkit.v1_8_R3.CraftServer.loadPlugins(CraftServer.java:297) ~[patched_1.8.8.jar:git-PandaSpigot-119]
	at org.bukkit.craftbukkit.v1_8_R3.CraftServer.reload(CraftServer.java:803) ~[patched_1.8.8.jar:git-PandaSpigot-119]
	at org.bukkit.Bukkit.reload(Bukkit.java:573) ~[patched_1.8.8.jar:git-PandaSpigot-119]
	at org.bukkit.command.defaults.ReloadCommand.execute(ReloadCommand.java:25) ~[patched_1.8.8.jar:git-PandaSpigot-119]
	at org.bukkit.command.SimpleCommandMap.dispatch(SimpleCommandMap.java:146) ~[patched_1.8.8.jar:git-PandaSpigot-119]
	at org.bukkit.craftbukkit.v1_8_R3.CraftServer.dispatchCommand(CraftServer.java:700) ~[patched_1.8.8.jar:git-PandaSpigot-119]
	at org.bukkit.craftbukkit.v1_8_R3.CraftServer.dispatchServerCommand(CraftServer.java:663) ~[patched_1.8.8.jar:git-PandaSpigot-119]
	at net.minecraft.server.v1_8_R3.DedicatedServer.aO(DedicatedServer.java:450) ~[patched_1.8.8.jar:git-PandaSpigot-119]
	at net.minecraft.server.v1_8_R3.DedicatedServer.B(DedicatedServer.java:413) ~[patched_1.8.8.jar:git-PandaSpigot-119]
	at net.minecraft.server.v1_8_R3.MinecraftServer.A(MinecraftServer.java:815) ~[patched_1.8.8.jar:git-PandaSpigot-119]
	at net.minecraft.server.v1_8_R3.MinecraftServer.run(MinecraftServer.java:648) ~[patched_1.8.8.jar:git-PandaSpigot-119]
	at net.minecraft.server.v1_8_R3.MinecraftServer.lambda$spin$0(MinecraftServer.java:133) ~[patched_1.8.8.jar:git-PandaSpigot-119]
	at java.lang.Thread.run(Thread.java:840) [?:?]
Caused by: java.lang.UnsupportedClassVersionError: com/lishid/openinv/OpenInv has been compiled by a more recent version of the Java Runtime (class file version 65.0), this version of the Java Runtime only recognizes class file versions up to 61.0
	at java.lang.ClassLoader.defineClass1(Native Method) ~[?:?]
	at java.lang.ClassLoader.defineClass(ClassLoader.java:1017) ~[?:?]
	at java.security.SecureClassLoader.defineClass(SecureClassLoader.java:150) ~[?:?]
	at java.net.URLClassLoader.defineClass(URLClassLoader.java:524) ~[?:?]
	at java.net.URLClassLoader$1.run(URLClassLoader.java:427) ~[?:?]
	at java.net.URLClassLoader$1.run(URLClassLoader.java:421) ~[?:?]
	at java.security.AccessController.doPrivileged(AccessController.java:712) ~[?:?]
	at java.net.URLClassLoader.findClass(URLClassLoader.java:420) ~[?:?]
	at org.bukkit.plugin.java.PluginClassLoader.findClass(PluginClassLoader.java:102) ~[patched_1.8.8.jar:git-PandaSpigot-119]
	at org.bukkit.plugin.java.PluginClassLoader.findClass(PluginClassLoader.java:87) ~[patched_1.8.8.jar:git-PandaSpigot-119]
	at java.lang.ClassLoader.loadClass(ClassLoader.java:592) ~[?:?]
	at java.lang.ClassLoader.loadClass(ClassLoader.java:525) ~[?:?]
	at java.lang.Class.forName0(Native Method) ~[?:?]
	at java.lang.Class.forName(Class.java:467) ~[?:?]
	at org.bukkit.plugin.java.PluginClassLoader.<init>(PluginClassLoader.java:65) ~[patched_1.8.8.jar:git-PandaSpigot-119]
	at org.bukkit.plugin.java.JavaPluginLoader.loadPlugin(JavaPluginLoader.java:129) ~[patched_1.8.8.jar:git-PandaSpigot-119]
	... 15 more
[02:55:12] [Server thread/INFO]: [ChestActions] Loading ChestActions v2.9
[02:55:12] [Server thread/INFO]: [WorldEdit] Loading WorldEdit v6.1.9;caf0ad9
[02:55:12] [Server thread/INFO]: [EconomyManager] Loading EconomyManager v1.0.3
[02:55:12] [Server thread/INFO]: [Guilds] Loading Guilds v3.0.2
[02:55:12] [Server thread/INFO]: [spark] Loading spark v1.10.119
[02:55:12] [Server thread/INFO]: [ViaVersion] Loading ViaVersion v5.0.0
[02:55:12] [Server thread/INFO]: [ViaVersion] ViaVersion 5.0.0 is now loaded. Registering protocol transformers and injecting...
[02:55:12] [Server thread/ERROR]: [ViaVersion] ViaVersion is already loaded, this should work fine. If you get any console errors, try rebooting.
[02:55:12] [Via-Mappingloader-0/INFO]: [ViaVersion] Loading block connection mappings ...
[02:55:13] [Server thread/INFO]: [ViaBackwards] Loading translations...
[02:55:13] [Server thread/INFO]: [ViaBackwards] Registering protocols...
[02:55:13] [Server thread/INFO]: [ViaRewind] Registering protocols...
[02:55:13] [Server thread/INFO]: [ViaBackwards] Loading ViaBackwards v5.0.0
[02:55:13] [Server thread/INFO]: [Spawn] Loading Spawn v2.4.1
[02:55:13] [Server thread/INFO]: [WorldGuard] Loading WorldGuard v6.1.3-SNAPSHOT;c904242
[02:55:13] [Server thread/INFO]: [ViaRewind] Loading ViaRewind v4.0.0
[02:55:13] [Server thread/INFO]: [LuckPerms] Loading LuckPerms v5.4.158
[02:55:13] [Server thread/INFO]: [ViaRewind-Legacy-Support] Loading ViaRewind-Legacy-Support v1.5.1
[02:55:13] [Server thread/INFO]: [Vault] Loading Vault v1.7.3-b131
[02:55:13] [Server thread/INFO]: [Essentials] Loading Essentials v2.15.0.1
[02:55:13] [Server thread/INFO]: [EconomyShopGUI] Loading EconomyShopGUI v6.12.2
[02:55:13] [Server thread/INFO]: [BetterRTP] Loading BetterRTP v3.6.13
[02:55:13] [Server thread/INFO]: [EconomyManager] Enabling EconomyManager v1.0.3
[02:55:13] [Server thread/INFO]: [EconomyManager] ItemStack{STONE x 1}
[02:55:13] [Server thread/INFO]: [EconomyManager] ItemStack{STONE x 1}
[02:55:13] [Server thread/INFO]: [EconomyManager] ItemStack{WOOL x 1}
[02:55:13] [Server thread/INFO]: [ViaRewind] Enabling ViaRewind v4.0.0
[02:55:13] [Server thread/INFO]: [LuckPerms] Enabling LuckPerms v5.4.158
[02:55:13] [Thread-36/WARN]: [EconomyManager] Could not reach dev.bukkit.org for update checking. Is it offline?
[02:55:13] [Server thread/INFO]:         __    
[02:55:13] [Server thread/INFO]:   |    |__)   LuckPerms v5.4.158
[02:55:13] [Server thread/INFO]:   |___ |      Running on Bukkit - PandaSpigot
[02:55:13] [Server thread/INFO]: 
[02:55:13] [Server thread/INFO]: [LuckPerms] Loading configuration...
[02:55:14] [Server thread/INFO]: [LuckPerms] Loading storage provider... [H2]
[02:55:14] [Server thread/INFO]: [LuckPerms] Loading internal permission managers...
[02:55:14] [Server thread/INFO]: [LuckPerms] Performing initial data load...
[02:55:14] [Server thread/INFO]: [LuckPerms] Successfully enabled. (took 732ms)
[02:55:14] [Server thread/INFO]: [Vault] Enabling Vault v1.7.3-b131
[02:55:14] [Server thread/INFO]: [Vault] [Economy] Essentials Economy found: Waiting
[02:55:14] [Server thread/INFO]: [Vault] [Permission] SuperPermissions loaded as backup permission system.
[02:55:14] [Server thread/INFO]: [Vault] Enabled Version 1.7.3-b131
[02:55:14] [Server thread/INFO]: [LuckPerms] Registered Vault permission & chat hook.
[02:55:14] [Server thread/INFO]: [ChestActions] Enabling ChestActions v2.9
[02:55:14] [Server thread/INFO]: [ChestActions] ChestActions enabled
[02:55:14] [Server thread/INFO]: [ChestActions] Config found
[02:55:14] [Server thread/INFO]: [ChestActions] You have the latest version of the plugin.
[02:55:14] [Server thread/INFO]: [WorldEdit] Enabling WorldEdit v6.1.9;caf0ad9
[02:55:15] [Server thread/INFO]: WEPIF: Using the Bukkit Permissions API.
[02:55:15] [Server thread/INFO]: [WorldEdit] Using com.sk89q.worldedit.bukkit.adapter.impl.Spigot_v1_8_R3 as the Bukkit adapter
[02:55:15] [Server thread/INFO]: [Guilds] Enabling Guilds v3.0.2
[02:55:15] [Server thread/INFO]: [Guilds] Loading settings.yml

[02:55:15] [Server thread/INFO]: [Guilds] Loading messages.yml

[02:55:15] [Server thread/INFO]: [Guilds] Loading guilds.yml

[02:55:15] [Server thread/INFO]: [Guilds] Loading players.yml

[02:55:15] [Server thread/INFO]: [Guilds] Guilds is an old plugin reborn. I am satisfied that this build is stable but if you find any bugs please feed them back to AVOCARDO as soon as possible. Thank you.

[02:55:15] [Server thread/INFO]: [spark] Enabling spark v1.10.119
[02:55:15] [Server thread/INFO]: [spark] Using Paper ServerTickStartEvent for tick monitoring
[02:55:15] [Server thread/INFO]: [spark] Starting background profiler...
[02:55:15] [Server thread/INFO]: [ViaVersion] Enabling ViaVersion v5.0.0
[02:55:15] [Server thread/INFO]: [ViaBackwards] Enabling ViaBackwards v5.0.0
[02:55:15] [Server thread/INFO]: [Spawn] Enabling Spawn v2.4.1
[02:55:15] [Server thread/INFO]: [WorldGuard] Enabling WorldGuard v6.1.3-SNAPSHOT;c904242
[02:55:15] [Server thread/INFO]: [WorldGuard] (world) TNT ignition is PERMITTED.
[02:55:15] [Server thread/INFO]: [WorldGuard] (world) Lighters are PERMITTED.
[02:55:15] [Server thread/INFO]: [WorldGuard] (world) Lava fire is blocked.
[02:55:15] [Server thread/INFO]: [WorldGuard] (world) Fire spread is UNRESTRICTED.
[02:55:15] [Server thread/INFO]: [WorldGuard] Loaded configuration for world 'world'
[02:55:15] [Server thread/INFO]: [WorldGuard] (world_nether) TNT ignition is PERMITTED.
[02:55:15] [Server thread/INFO]: [WorldGuard] (world_nether) Lighters are PERMITTED.
[02:55:15] [Server thread/INFO]: [WorldGuard] (world_nether) Lava fire is blocked.
[02:55:15] [Server thread/INFO]: [WorldGuard] (world_nether) Fire spread is UNRESTRICTED.
[02:55:15] [Server thread/INFO]: [WorldGuard] Loaded configuration for world 'world_nether'
[02:55:15] [Server thread/INFO]: [WorldGuard] (world_the_end) TNT ignition is PERMITTED.
[02:55:15] [Server thread/INFO]: [WorldGuard] (world_the_end) Lighters are PERMITTED.
[02:55:15] [Server thread/INFO]: [WorldGuard] (world_the_end) Lava fire is blocked.
[02:55:15] [Server thread/INFO]: [WorldGuard] (world_the_end) Fire spread is UNRESTRICTED.
[02:55:15] [Server thread/INFO]: [WorldGuard] Loaded configuration for world 'world_the_end'
[02:55:15] [Server thread/INFO]: [WorldGuard] Loading region data...
[02:55:15] [Server thread/INFO]: [ViaRewind-Legacy-Support] Enabling ViaRewind-Legacy-Support v1.5.1
[02:55:15] [Server thread/INFO]: [Essentials] Enabling Essentials v2.15.0.1
[02:55:15] [Server thread/ERROR]: [Essentials] Failed to apply custom currency format: modifiers
[02:55:15] [Server thread/INFO]: Attempting to convert old kits in config.yml to new kits.yml
[02:55:15] [Server thread/INFO]: No kits found to migrate.
[02:55:15] [Server thread/INFO]: [Essentials] Using 1.8.3+ BlockStateMeta provider as mob spawner provider.
[02:55:15] [Server thread/INFO]: [Essentials] Using legacy item data provider as spawn egg provider.
[02:55:15] [Server thread/INFO]: [Essentials] Using legacy potion meta provider as potion meta provider.
[02:55:15] [Server thread/ERROR]: [Essentials] Failed to apply custom currency format: modifiers
[02:55:15] [Server thread/INFO]: Using locale en
[02:55:15] [Server thread/INFO]: [Essentials] Using Spigot 1.7.10+ ServerListPingEvent iterator
[02:55:15] [Server thread/INFO]: [Essentials] Starting Metrics. Opt-out using the global bStats config.
[02:55:15] [Server thread/INFO]: [Vault] [Economy] Essentials Economy hooked.
[02:55:15] [Server thread/INFO]: [Essentials] Using Vault based permissions (LuckPerms)
[02:55:15] [Server thread/INFO]: [EconomyShopGUI] Enabling EconomyShopGUI v6.12.2
[02:55:16] [Server thread/INFO]: [EconomyShopGUI] [INFO]: Using lang-en.yml as language file.
[02:55:16] [Server thread/INFO]: [EconomyShopGUI] [INFO]: Completed loading 16 section configs from /sections/
[02:55:16] [Server thread/INFO]: [EconomyShopGUI] [INFO]: Completed loading 16 shop configs from /shops/
[02:55:16] [Server thread/INFO]: [EconomyShopGUI] [INFO]: Updating Shop settings...
[02:55:16] [Server thread/INFO]: [EconomyShopGUI] [INFO]: Successfully hooked into Vault and using Essentials Economy as economy provider
[02:55:16] [Server thread/INFO]: [EconomyShopGUI] [INFO]: Completed loading 1 economy provider(s) for all 14 shop sections.
[02:55:16] [Server thread/INFO]: [EconomyShopGUI] [INFO]: Using minecraft version 1.8.8...
[02:55:16] [Server thread/INFO]: [EconomyShopGUI] [INFO]: Spawner provider set to AUTO in config
[02:55:16] [Server thread/INFO]: [EconomyShopGUI] [INFO]: Automatically searching for compatible spawner provider....
[02:55:16] [Server thread/INFO]: [EconomyShopGUI] [INFO]: Failed to automatically find compatible spawner provider, using default...
[02:55:16] [Server thread/INFO]: [EconomyShopGUI] [DEBUG]: This item material is not supported in this minecraft version.
[02:55:16] [Server thread/INFO]: [EconomyShopGUI] [WARN]: Item path in config.yml: spawner-break-tools.3
[02:55:16] [Server thread/INFO]: [EconomyShopGUI] [INFO]: Debug mode is enabled.
[02:55:16] [Server thread/INFO]: [EconomyShopGUI] [INFO]: Loading all items...
[02:55:16] [Server thread/INFO]: [EconomyShopGUI] [WARN]: Failed to migrate database to new format for TRANSACTIONS_5_2025
[02:55:16] [Server thread/WARN]: java.sql.SQLException: query does not return ResultSet

[02:55:16] [Server thread/WARN]: 	at org.sqlite.Stmt.executeQuery(Stmt.java:124)

[02:55:16] [Server thread/WARN]: 	at me.gypopo.economyshopgui.files.TransactionLog$Database.checkTableConstraints(TransactionLog.java:704)

[02:55:16] [Server thread/WARN]: 	at me.gypopo.economyshopgui.files.TransactionLog$Database.connect(TransactionLog.java:687)

[02:55:16] [Server thread/WARN]: 	at me.gypopo.economyshopgui.files.TransactionLog$Database.<init>(TransactionLog.java:677)

[02:55:16] [Server thread/WARN]: 	at me.gypopo.economyshopgui.files.TransactionLog.setup(TransactionLog.java:64)

[02:55:16] [Server thread/WARN]: 	at me.gypopo.economyshopgui.methodes.SendMessage.init(SendMessage.java:57)

[02:55:16] [Server thread/WARN]: 	at me.gypopo.economyshopgui.methodes.StartupReload.loadItems(StartupReload.java:146)

[02:55:16] [Server thread/WARN]: 	at me.gypopo.economyshopgui.EconomyShopGUI.onEnable(EconomyShopGUI.java:199)

[02:55:16] [Server thread/WARN]: 	at org.bukkit.plugin.java.JavaPlugin.setEnabled(JavaPlugin.java:321)

[02:55:16] [Server thread/WARN]: 	at org.bukkit.plugin.java.JavaPluginLoader.enablePlugin(JavaPluginLoader.java:332)

[02:55:16] [Server thread/WARN]: 	at org.bukkit.plugin.SimplePluginManager.enablePlugin(SimplePluginManager.java:454)

[02:55:16] [Server thread/WARN]: 	at org.bukkit.craftbukkit.v1_8_R3.CraftServer.loadPlugin(CraftServer.java:393)

[02:55:16] [Server thread/WARN]: 	at org.bukkit.craftbukkit.v1_8_R3.CraftServer.enablePlugins(CraftServer.java:352)

[02:55:16] [Server thread/WARN]: 	at org.bukkit.craftbukkit.v1_8_R3.CraftServer.reload(CraftServer.java:805)

[02:55:16] [Server thread/WARN]: 	at org.bukkit.Bukkit.reload(Bukkit.java:573)

[02:55:16] [Server thread/WARN]: 	at org.bukkit.command.defaults.ReloadCommand.execute(ReloadCommand.java:25)

[02:55:16] [Server thread/WARN]: 	at org.bukkit.command.SimpleCommandMap.dispatch(SimpleCommandMap.java:146)

[02:55:16] [Server thread/WARN]: 	at org.bukkit.craftbukkit.v1_8_R3.CraftServer.dispatchCommand(CraftServer.java:700)

[02:55:16] [Server thread/WARN]: 	at org.bukkit.craftbukkit.v1_8_R3.CraftServer.dispatchServerCommand(CraftServer.java:663)

[02:55:16] [Server thread/WARN]: 	at net.minecraft.server.v1_8_R3.DedicatedServer.aO(DedicatedServer.java:450)

[02:55:16] [Server thread/WARN]: 	at net.minecraft.server.v1_8_R3.DedicatedServer.B(DedicatedServer.java:413)

[02:55:16] [Server thread/WARN]: 	at net.minecraft.server.v1_8_R3.MinecraftServer.A(MinecraftServer.java:815)

[02:55:16] [Server thread/WARN]: 	at net.minecraft.server.v1_8_R3.MinecraftServer.run(MinecraftServer.java:648)

[02:55:16] [Server thread/WARN]: 	at net.minecraft.server.v1_8_R3.MinecraftServer.lambda$spin$0(MinecraftServer.java:133)

[02:55:16] [Server thread/WARN]: 	at java.base/java.lang.Thread.run(Thread.java:840)

[02:55:16] [Server thread/INFO]: [EconomyShopGUI] [INFO]: Initialized - Took 213ms to complete
[02:55:16] [Server thread/INFO]: [BetterRTP] Enabling BetterRTP v3.6.13
[02:55:16] [Server thread/INFO]: [BetterRTP] Cooldown = 600
[02:55:16] [Server thread/INFO]: Server permissions file permissions.yml is empty, ignoring it
[02:55:16] [Server thread/INFO]: CONSOLE: Reload complete.
[02:55:16] [Server thread/INFO]: Timings Reset
[02:55:16] [Server thread/INFO]: [ViaVersion] ViaVersion detected server version: 1.8.x (47)
[02:55:16] [Server thread/WARN]: [ViaVersion] This version of Minecraft is extremely outdated and support for it has reached its end of life. You will still be able to run Via on this Minecraft version, but we are unlikely to provide any further fixes or help with problems specific to legacy Minecraft versions. Please consider updating to give your players a better experience and to avoid issues that have long been fixed.
[02:55:16] [Craft Scheduler Thread - 126/INFO]: [Vault] Checking for Updates ... 
[02:55:16] [Craft Scheduler Thread - 125/INFO]: [ViaVersion] Finished mapping loading, shutting down loader executor!
[02:55:16] [Server thread/WARN]: [ViaVersion] There is a newer plugin version available: 5.3.2, you're on: 5.0.0
[02:55:16] [Craft Scheduler Thread - 126/INFO]: [Vault] No new version available
[02:55:30] [Server thread/INFO]: CONSOLE: Please note that this command is not supported and may cause issues when using some plugins.
[02:55:30] [Server thread/INFO]: CONSOLE: If you encounter any issues please use the /stop command to restart your server.
[02:55:30] [Server thread/INFO]: Debug logging is disabled
[02:55:30] [Server thread/INFO]: Spigot Timings: true - Verbose: true - Interval: 5m - Length: 60m
[02:55:30] [Server thread/INFO]: Server Ping Player Sample Count: 12

[02:55:30] [Server thread/INFO]: Using 4 threads for Netty based IO
[02:55:30] [Server thread/INFO]: Data value allowed items: 
[02:55:30] [Server thread/INFO]: -------- World Settings For [world] --------
[02:55:30] [Server thread/INFO]: Chunks to Grow per Tick: 650
[02:55:30] [Server thread/INFO]: Clear tick list: false
[02:55:30] [Server thread/INFO]: Experience Merge Radius: 3.0
[02:55:30] [Server thread/INFO]: Mob Spawn Range: 4
[02:55:30] [Server thread/INFO]: Anti X-Ray: true
[02:55:30] [Server thread/INFO]: 	Engine Mode: 1
[02:55:30] [Server thread/INFO]: 	Hidden Blocks: [14, 15, 16, 21, 48, 49, 54, 56, 73, 74, 82, 129, 130]
[02:55:30] [Server thread/INFO]: 	Replace Blocks: [1, 5]
[02:55:30] [Server thread/INFO]: Nerfing mobs spawned from spawners: false
[02:55:30] [Server thread/INFO]: Cactus Growth Modifier: 100%
[02:55:30] [Server thread/INFO]: Cane Growth Modifier: 100%
[02:55:30] [Server thread/INFO]: Melon Growth Modifier: 100%
[02:55:30] [Server thread/INFO]: Mushroom Growth Modifier: 100%
[02:55:30] [Server thread/INFO]: Pumpkin Growth Modifier: 100%
[02:55:30] [Server thread/INFO]: Sapling Growth Modifier: 100%
[02:55:30] [Server thread/INFO]: Wheat Growth Modifier: 100%
[02:55:30] [Server thread/INFO]: NetherWart Growth Modifier: 100%
[02:55:30] [Server thread/INFO]: Entity Activation Range: An 32 / Mo 32 / Mi 16
[02:55:30] [Server thread/INFO]: Entity Tracking Range: Pl 48 / An 48 / Mo 48 / Mi 32 / Other 64
[02:55:30] [Server thread/INFO]: Hopper Transfer: 8 Hopper Check: 8 Hopper Amount: 1
[02:55:30] [Server thread/INFO]: Random Lighting Updates: false
[02:55:30] [Server thread/INFO]: Structure Info Saving: true
[02:55:30] [Server thread/INFO]: Sending up to 10 chunks per packet
[02:55:30] [Server thread/INFO]: Max Entity Collisions: 8
[02:55:30] [Server thread/INFO]: Custom Map Seeds:  Village: 10387312 Feature: 14357617
[02:55:30] [Server thread/INFO]: Max TNT Explosions: 100
[02:55:30] [Server thread/INFO]: Tile Max Tick Time: 50ms Entity max Tick Time: 50ms
[02:55:30] [Server thread/INFO]: Item Despawn Rate: 6000
[02:55:30] [Server thread/INFO]: Item Merge Radius: 2.5
[02:55:30] [Server thread/INFO]: Arrow Despawn Rate: 1200
[02:55:30] [Server thread/INFO]: View Distance: 10
[02:55:30] [Server thread/INFO]: Allow Zombie Pigmen to spawn from portal blocks: true
[02:55:30] [Server thread/INFO]: Zombie Aggressive Towards Villager: true
[02:55:30] [Server thread/INFO]: -------- World Settings For [world] --------
[02:55:30] [Server thread/INFO]: Keep spawn chunk loaded: true
[02:55:30] [Server thread/INFO]: WorldServer TickNextTick cap set at 10000
[02:55:30] [Server thread/INFO]: WorldServer TickNextTickList cap always processes redstone: false
[02:55:30] [Server thread/INFO]: World async lighting: false
[02:55:30] [Server thread/INFO]: Max height for cactus growth 3. Max height for reed growth 3
[02:55:30] [Server thread/INFO]: Living Entity Despawn Ranges:  Soft: 32 Hard: 128
[02:55:30] [Server thread/INFO]: Squids will spawn between Y: 45.0 and Y: 63.0
[02:55:30] [Server thread/INFO]: Player blocking damage multiplier set to 0.5
[02:55:30] [Server thread/INFO]: Remove invalid mob spawner tile entities: true
[02:55:30] [Server thread/INFO]: Water over lava flow speed: 5
[02:55:30] [Server thread/INFO]: Fix TNT cannons: false
[02:55:30] [Server thread/INFO]: Allow undead horse types to be leashed: false
[02:55:30] [Server thread/INFO]: -------- World Settings For [world_nether] --------
[02:55:30] [Server thread/INFO]: Chunks to Grow per Tick: 650
[02:55:30] [Server thread/INFO]: Clear tick list: false
[02:55:30] [Server thread/INFO]: Experience Merge Radius: 3.0
[02:55:30] [Server thread/INFO]: Mob Spawn Range: 4
[02:55:30] [Server thread/INFO]: Anti X-Ray: true
[02:55:30] [Server thread/INFO]: 	Engine Mode: 1
[02:55:30] [Server thread/INFO]: 	Hidden Blocks: [14, 15, 16, 21, 48, 49, 54, 56, 73, 74, 82, 129, 130]
[02:55:30] [Server thread/INFO]: 	Replace Blocks: [1, 5]
[02:55:30] [Server thread/INFO]: Nerfing mobs spawned from spawners: false
[02:55:30] [Server thread/INFO]: Cactus Growth Modifier: 100%
[02:55:30] [Server thread/INFO]: Cane Growth Modifier: 100%
[02:55:30] [Server thread/INFO]: Melon Growth Modifier: 100%
[02:55:30] [Server thread/INFO]: Mushroom Growth Modifier: 100%
[02:55:30] [Server thread/INFO]: Pumpkin Growth Modifier: 100%
[02:55:30] [Server thread/INFO]: Sapling Growth Modifier: 100%
[02:55:30] [Server thread/INFO]: Wheat Growth Modifier: 100%
[02:55:30] [Server thread/INFO]: NetherWart Growth Modifier: 100%
[02:55:30] [Server thread/INFO]: Entity Activation Range: An 32 / Mo 32 / Mi 16
[02:55:30] [Server thread/INFO]: Entity Tracking Range: Pl 48 / An 48 / Mo 48 / Mi 32 / Other 64
[02:55:30] [Server thread/INFO]: Hopper Transfer: 8 Hopper Check: 8 Hopper Amount: 1
[02:55:30] [Server thread/INFO]: Random Lighting Updates: false
[02:55:30] [Server thread/INFO]: Structure Info Saving: true
[02:55:30] [Server thread/INFO]: Sending up to 10 chunks per packet
[02:55:30] [Server thread/INFO]: Max Entity Collisions: 8
[02:55:30] [Server thread/INFO]: Custom Map Seeds:  Village: 10387312 Feature: 14357617
[02:55:30] [Server thread/INFO]: Max TNT Explosions: 100
[02:55:30] [Server thread/INFO]: Tile Max Tick Time: 50ms Entity max Tick Time: 50ms
[02:55:30] [Server thread/INFO]: Item Despawn Rate: 6000
[02:55:30] [Server thread/INFO]: Item Merge Radius: 2.5
[02:55:30] [Server thread/INFO]: Arrow Despawn Rate: 1200
[02:55:30] [Server thread/INFO]: View Distance: 10
[02:55:30] [Server thread/INFO]: Allow Zombie Pigmen to spawn from portal blocks: true
[02:55:30] [Server thread/INFO]: Zombie Aggressive Towards Villager: true
[02:55:30] [Server thread/INFO]: -------- World Settings For [world_nether] --------
[02:55:30] [Server thread/INFO]: Keep spawn chunk loaded: true
[02:55:30] [Server thread/INFO]: WorldServer TickNextTick cap set at 10000
[02:55:30] [Server thread/INFO]: WorldServer TickNextTickList cap always processes redstone: false
[02:55:30] [Server thread/INFO]: World async lighting: false
[02:55:30] [Server thread/INFO]: Max height for cactus growth 3. Max height for reed growth 3
[02:55:30] [Server thread/INFO]: Living Entity Despawn Ranges:  Soft: 32 Hard: 128
[02:55:30] [Server thread/INFO]: Squids will spawn between Y: 45.0 and Y: 63.0
[02:55:30] [Server thread/INFO]: Player blocking damage multiplier set to 0.5
[02:55:30] [Server thread/INFO]: Remove invalid mob spawner tile entities: true
[02:55:30] [Server thread/INFO]: Water over lava flow speed: 5
[02:55:30] [Server thread/INFO]: Fix TNT cannons: false
[02:55:30] [Server thread/INFO]: Allow undead horse types to be leashed: false
[02:55:30] [Server thread/INFO]: -------- World Settings For [world_the_end] --------
[02:55:30] [Server thread/INFO]: Chunks to Grow per Tick: 650
[02:55:30] [Server thread/INFO]: Clear tick list: false
[02:55:30] [Server thread/INFO]: Experience Merge Radius: 3.0
[02:55:30] [Server thread/INFO]: Mob Spawn Range: 4
[02:55:30] [Server thread/INFO]: Anti X-Ray: true
[02:55:30] [Server thread/INFO]: 	Engine Mode: 1
[02:55:30] [Server thread/INFO]: 	Hidden Blocks: [14, 15, 16, 21, 48, 49, 54, 56, 73, 74, 82, 129, 130]
[02:55:30] [Server thread/INFO]: 	Replace Blocks: [1, 5]
[02:55:30] [Server thread/INFO]: Nerfing mobs spawned from spawners: false
[02:55:30] [Server thread/INFO]: Cactus Growth Modifier: 100%
[02:55:30] [Server thread/INFO]: Cane Growth Modifier: 100%
[02:55:30] [Server thread/INFO]: Melon Growth Modifier: 100%
[02:55:30] [Server thread/INFO]: Mushroom Growth Modifier: 100%
[02:55:30] [Server thread/INFO]: Pumpkin Growth Modifier: 100%
[02:55:30] [Server thread/INFO]: Sapling Growth Modifier: 100%
[02:55:30] [Server thread/INFO]: Wheat Growth Modifier: 100%
[02:55:30] [Server thread/INFO]: NetherWart Growth Modifier: 100%
[02:55:30] [Server thread/INFO]: Entity Activation Range: An 32 / Mo 32 / Mi 16
[02:55:30] [Server thread/INFO]: Entity Tracking Range: Pl 48 / An 48 / Mo 48 / Mi 32 / Other 64
[02:55:30] [Server thread/INFO]: Hopper Transfer: 8 Hopper Check: 8 Hopper Amount: 1
[02:55:30] [Server thread/INFO]: Random Lighting Updates: false
[02:55:30] [Server thread/INFO]: Structure Info Saving: true
[02:55:30] [Server thread/INFO]: Sending up to 10 chunks per packet
[02:55:30] [Server thread/INFO]: Max Entity Collisions: 8
[02:55:30] [Server thread/INFO]: Custom Map Seeds:  Village: 10387312 Feature: 14357617
[02:55:30] [Server thread/INFO]: Max TNT Explosions: 100
[02:55:30] [Server thread/INFO]: Tile Max Tick Time: 50ms Entity max Tick Time: 50ms
[02:55:30] [Server thread/INFO]: Item Despawn Rate: 6000
[02:55:30] [Server thread/INFO]: Item Merge Radius: 2.5
[02:55:30] [Server thread/INFO]: Arrow Despawn Rate: 1200
[02:55:30] [Server thread/INFO]: View Distance: 10
[02:55:30] [Server thread/INFO]: Allow Zombie Pigmen to spawn from portal blocks: true
[02:55:30] [Server thread/INFO]: Zombie Aggressive Towards Villager: true
[02:55:30] [Server thread/INFO]: -------- World Settings For [world_the_end] --------
[02:55:30] [Server thread/INFO]: Keep spawn chunk loaded: true
[02:55:30] [Server thread/INFO]: WorldServer TickNextTick cap set at 10000
[02:55:30] [Server thread/INFO]: WorldServer TickNextTickList cap always processes redstone: false
[02:55:30] [Server thread/INFO]: World async lighting: false
[02:55:30] [Server thread/INFO]: Max height for cactus growth 3. Max height for reed growth 3
[02:55:30] [Server thread/INFO]: Living Entity Despawn Ranges:  Soft: 32 Hard: 128
[02:55:30] [Server thread/INFO]: Squids will spawn between Y: 45.0 and Y: 63.0
[02:55:30] [Server thread/INFO]: Player blocking damage multiplier set to 0.5
[02:55:30] [Server thread/INFO]: Remove invalid mob spawner tile entities: true
[02:55:30] [Server thread/INFO]: Water over lava flow speed: 5
[02:55:30] [Server thread/INFO]: Fix TNT cannons: false
[02:55:30] [Server thread/INFO]: Allow undead horse types to be leashed: false
[02:55:30] [Server thread/INFO]: [EconomyShopGUI] Disabling EconomyShopGUI v6.12.2
[02:55:30] [Server thread/INFO]: [Essentials] Disabling Essentials v2.15.0.1
[02:55:30] [Server thread/INFO]: [Vault] [Economy] Essentials Economy unhooked.
[02:55:30] [Server thread/INFO]: [Vault] Disabling Vault v1.7.3-b131
[02:55:30] [Server thread/INFO]: [ViaRewind-Legacy-Support] Disabling ViaRewind-Legacy-Support v1.5.1
[02:55:30] [Server thread/INFO]: [LuckPerms] Disabling LuckPerms v5.4.158
[02:55:30] [Server thread/INFO]: [LuckPerms] Starting shutdown process...
[02:55:30] [Server thread/INFO]: [LuckPerms] Closing storage...
[02:55:30] [Server thread/INFO]: [LuckPerms] Goodbye!
[02:55:30] [Server thread/INFO]: [ViaRewind] Disabling ViaRewind v4.0.0
[02:55:30] [Server thread/INFO]: [WorldGuard] Disabling WorldGuard v6.1.3-SNAPSHOT;c904242
[02:55:30] [Server thread/INFO]: [WorldGuard] Shutting down executor and waiting for any pending tasks...
[02:55:30] [Server thread/INFO]: [Spawn] Disabling Spawn v2.4.1
[02:55:30] [Server thread/INFO]: [ViaBackwards] Disabling ViaBackwards v5.0.0
[02:55:30] [Server thread/INFO]: [ViaVersion] Disabling ViaVersion v5.0.0
[02:55:30] [Server thread/INFO]: [ViaVersion] ViaVersion is disabling, if this is a reload and you experience issues consider rebooting.
[02:55:30] [Server thread/INFO]: [spark] Disabling spark v1.10.119
[02:55:30] [Server thread/INFO]: [Guilds] Disabling Guilds v3.0.2
[02:55:30] [Server thread/INFO]: [Guilds] Saving guilds.yml

[02:55:30] [Server thread/INFO]: [Guilds] Saving players.yml

[02:55:30] [Server thread/INFO]: [Guilds] Saving settings.yml

[02:55:30] [Server thread/INFO]: [Guilds] Saving messages.yml

[02:55:30] [Server thread/INFO]: [EconomyManager] Disabling EconomyManager v1.0.3
[02:55:30] [Server thread/INFO]: [WorldEdit] Disabling WorldEdit v6.1.9;caf0ad9
[02:55:30] [Server thread/INFO]: [ChestActions] Disabling ChestActions v2.9
[02:55:30] [Server thread/INFO]: [ChestActions] ChestActions disabled
[02:55:30] [Server thread/ERROR]: Could not load 'plugins/OpenInv.jar' in folder 'plugins'
org.bukkit.plugin.InvalidPluginException: java.lang.UnsupportedClassVersionError: com/lishid/openinv/OpenInv has been compiled by a more recent version of the Java Runtime (class file version 65.0), this version of the Java Runtime only recognizes class file versions up to 61.0
	at org.bukkit.plugin.java.JavaPluginLoader.loadPlugin(JavaPluginLoader.java:133) ~[patched_1.8.8.jar:git-PandaSpigot-119]
	at org.bukkit.plugin.SimplePluginManager.loadPlugin(SimplePluginManager.java:340) ~[patched_1.8.8.jar:git-PandaSpigot-119]
	at org.bukkit.plugin.SimplePluginManager.loadPlugins(SimplePluginManager.java:263) ~[patched_1.8.8.jar:git-PandaSpigot-119]
	at org.bukkit.craftbukkit.v1_8_R3.CraftServer.loadPlugins(CraftServer.java:297) ~[patched_1.8.8.jar:git-PandaSpigot-119]
	at org.bukkit.craftbukkit.v1_8_R3.CraftServer.reload(CraftServer.java:803) ~[patched_1.8.8.jar:git-PandaSpigot-119]
	at org.bukkit.Bukkit.reload(Bukkit.java:573) ~[patched_1.8.8.jar:git-PandaSpigot-119]
	at org.bukkit.command.defaults.ReloadCommand.execute(ReloadCommand.java:25) ~[patched_1.8.8.jar:git-PandaSpigot-119]
	at org.bukkit.command.SimpleCommandMap.dispatch(SimpleCommandMap.java:146) ~[patched_1.8.8.jar:git-PandaSpigot-119]
	at org.bukkit.craftbukkit.v1_8_R3.CraftServer.dispatchCommand(CraftServer.java:700) ~[patched_1.8.8.jar:git-PandaSpigot-119]
	at org.bukkit.craftbukkit.v1_8_R3.CraftServer.dispatchServerCommand(CraftServer.java:663) ~[patched_1.8.8.jar:git-PandaSpigot-119]
	at net.minecraft.server.v1_8_R3.DedicatedServer.aO(DedicatedServer.java:450) ~[patched_1.8.8.jar:git-PandaSpigot-119]
	at net.minecraft.server.v1_8_R3.DedicatedServer.B(DedicatedServer.java:413) ~[patched_1.8.8.jar:git-PandaSpigot-119]
	at net.minecraft.server.v1_8_R3.MinecraftServer.A(MinecraftServer.java:815) ~[patched_1.8.8.jar:git-PandaSpigot-119]
	at net.minecraft.server.v1_8_R3.MinecraftServer.run(MinecraftServer.java:648) ~[patched_1.8.8.jar:git-PandaSpigot-119]
	at net.minecraft.server.v1_8_R3.MinecraftServer.lambda$spin$0(MinecraftServer.java:133) ~[patched_1.8.8.jar:git-PandaSpigot-119]
	at java.lang.Thread.run(Thread.java:840) [?:?]
Caused by: java.lang.UnsupportedClassVersionError: com/lishid/openinv/OpenInv has been compiled by a more recent version of the Java Runtime (class file version 65.0), this version of the Java Runtime only recognizes class file versions up to 61.0
	at java.lang.ClassLoader.defineClass1(Native Method) ~[?:?]
	at java.lang.ClassLoader.defineClass(ClassLoader.java:1017) ~[?:?]
	at java.security.SecureClassLoader.defineClass(SecureClassLoader.java:150) ~[?:?]
	at java.net.URLClassLoader.defineClass(URLClassLoader.java:524) ~[?:?]
	at java.net.URLClassLoader$1.run(URLClassLoader.java:427) ~[?:?]
	at java.net.URLClassLoader$1.run(URLClassLoader.java:421) ~[?:?]
	at java.security.AccessController.doPrivileged(AccessController.java:712) ~[?:?]
	at java.net.URLClassLoader.findClass(URLClassLoader.java:420) ~[?:?]
	at org.bukkit.plugin.java.PluginClassLoader.findClass(PluginClassLoader.java:102) ~[patched_1.8.8.jar:git-PandaSpigot-119]
	at org.bukkit.plugin.java.PluginClassLoader.findClass(PluginClassLoader.java:87) ~[patched_1.8.8.jar:git-PandaSpigot-119]
	at java.lang.ClassLoader.loadClass(ClassLoader.java:592) ~[?:?]
	at java.lang.ClassLoader.loadClass(ClassLoader.java:525) ~[?:?]
	at java.lang.Class.forName0(Native Method) ~[?:?]
	at java.lang.Class.forName(Class.java:467) ~[?:?]
	at org.bukkit.plugin.java.PluginClassLoader.<init>(PluginClassLoader.java:65) ~[patched_1.8.8.jar:git-PandaSpigot-119]
	at org.bukkit.plugin.java.JavaPluginLoader.loadPlugin(JavaPluginLoader.java:129) ~[patched_1.8.8.jar:git-PandaSpigot-119]
	... 15 more
[02:55:30] [Server thread/INFO]: [LibsDisguises] Loading LibsDisguises v11.0.5
[02:55:30] [Server thread/ERROR]: [LibsDisguises] Server was reloaded! Please do not report any bugs! This plugin can't handle reloads gracefully!
[02:55:30] [Server thread/WARN]: java.lang.NoClassDefFoundError: com/github/retrooper/packetevents/wrapper/PacketWrapper

[02:55:30] [Server thread/WARN]: 	at me.libraryaddict.disguise.utilities.reflection.ClassMappings.<clinit>(ClassMappings.java:25)

[02:55:30] [Server thread/WARN]: 	at me.libraryaddict.disguise.LibsDisguises.deleteMappingsCache(LibsDisguises.java:194)

[02:55:30] [Server thread/WARN]: 	at me.libraryaddict.disguise.LibsDisguises.onLoad(LibsDisguises.java:178)

[02:55:30] [Server thread/WARN]: 	at org.bukkit.craftbukkit.v1_8_R3.CraftServer.loadPlugins(CraftServer.java:303)

[02:55:30] [Server thread/WARN]: 	at org.bukkit.craftbukkit.v1_8_R3.CraftServer.reload(CraftServer.java:803)

[02:55:30] [Server thread/WARN]: 	at org.bukkit.Bukkit.reload(Bukkit.java:573)

[02:55:30] [Server thread/WARN]: 	at org.bukkit.command.defaults.ReloadCommand.execute(ReloadCommand.java:25)

[02:55:30] [Server thread/WARN]: 	at org.bukkit.command.SimpleCommandMap.dispatch(SimpleCommandMap.java:146)

[02:55:30] [Server thread/WARN]: 	at org.bukkit.craftbukkit.v1_8_R3.CraftServer.dispatchCommand(CraftServer.java:700)

[02:55:30] [Server thread/WARN]: 	at org.bukkit.craftbukkit.v1_8_R3.CraftServer.dispatchServerCommand(CraftServer.java:663)

[02:55:30] [Server thread/WARN]: 	at net.minecraft.server.v1_8_R3.DedicatedServer.aO(DedicatedServer.java:450)

[02:55:30] [Server thread/WARN]: 	at net.minecraft.server.v1_8_R3.DedicatedServer.B(DedicatedServer.java:413)

[02:55:30] [Server thread/WARN]: 	at net.minecraft.server.v1_8_R3.MinecraftServer.A(MinecraftServer.java:815)

[02:55:30] [Server thread/WARN]: 	at net.minecraft.server.v1_8_R3.MinecraftServer.run(MinecraftServer.java:648)

[02:55:30] [Server thread/WARN]: 	at net.minecraft.server.v1_8_R3.MinecraftServer.lambda$spin$0(MinecraftServer.java:133)

[02:55:30] [Server thread/WARN]: 	at java.base/java.lang.Thread.run(Thread.java:840)

[02:55:30] [Server thread/WARN]: Caused by: java.lang.ClassNotFoundException: com.github.retrooper.packetevents.wrapper.PacketWrapper

[02:55:30] [Server thread/WARN]: 	at java.base/java.net.URLClassLoader.findClass(URLClassLoader.java:445)

[02:55:30] [Server thread/WARN]: 	at org.bukkit.plugin.java.PluginClassLoader.findClass(PluginClassLoader.java:102)

[02:55:30] [Server thread/WARN]: 	at org.bukkit.plugin.java.PluginClassLoader.findClass(PluginClassLoader.java:87)

[02:55:30] [Server thread/WARN]: 	at java.base/java.lang.ClassLoader.loadClass(ClassLoader.java:592)

[02:55:30] [Server thread/WARN]: 	at java.base/java.lang.ClassLoader.loadClass(ClassLoader.java:525)

[02:55:30] [Server thread/WARN]: 	... 16 more

[02:55:30] [Server thread/ERROR]: [LibsDisguises] Failed to delete mappings cache
[02:55:30] [Server thread/ERROR]: org/bukkit/boss/BarStyle initializing LibsDisguises v11.0.5 (Is it up to date?)
java.lang.NoClassDefFoundError: org/bukkit/boss/BarStyle
	at me.libraryaddict.disguise.DisguiseConfig.<clinit>(DisguiseConfig.java:209) ~[?:?]
	at me.libraryaddict.disguise.LibsDisguises.onLoad(LibsDisguises.java:108) ~[?:?]
	at org.bukkit.craftbukkit.v1_8_R3.CraftServer.loadPlugins(CraftServer.java:303) ~[patched_1.8.8.jar:git-PandaSpigot-119]
	at org.bukkit.craftbukkit.v1_8_R3.CraftServer.reload(CraftServer.java:803) ~[patched_1.8.8.jar:git-PandaSpigot-119]
	at org.bukkit.Bukkit.reload(Bukkit.java:573) ~[patched_1.8.8.jar:git-PandaSpigot-119]
	at org.bukkit.command.defaults.ReloadCommand.execute(ReloadCommand.java:25) ~[patched_1.8.8.jar:git-PandaSpigot-119]
	at org.bukkit.command.SimpleCommandMap.dispatch(SimpleCommandMap.java:146) ~[patched_1.8.8.jar:git-PandaSpigot-119]
	at org.bukkit.craftbukkit.v1_8_R3.CraftServer.dispatchCommand(CraftServer.java:700) ~[patched_1.8.8.jar:git-PandaSpigot-119]
	at org.bukkit.craftbukkit.v1_8_R3.CraftServer.dispatchServerCommand(CraftServer.java:663) ~[patched_1.8.8.jar:git-PandaSpigot-119]
	at net.minecraft.server.v1_8_R3.DedicatedServer.aO(DedicatedServer.java:450) ~[patched_1.8.8.jar:git-PandaSpigot-119]
	at net.minecraft.server.v1_8_R3.DedicatedServer.B(DedicatedServer.java:413) ~[patched_1.8.8.jar:git-PandaSpigot-119]
	at net.minecraft.server.v1_8_R3.MinecraftServer.A(MinecraftServer.java:815) ~[patched_1.8.8.jar:git-PandaSpigot-119]
	at net.minecraft.server.v1_8_R3.MinecraftServer.run(MinecraftServer.java:648) ~[patched_1.8.8.jar:git-PandaSpigot-119]
	at net.minecraft.server.v1_8_R3.MinecraftServer.lambda$spin$0(MinecraftServer.java:133) ~[patched_1.8.8.jar:git-PandaSpigot-119]
	at java.lang.Thread.run(Thread.java:840) [?:?]
Caused by: java.lang.ClassNotFoundException: org.bukkit.boss.BarStyle
	at org.bukkit.plugin.java.PluginClassLoader.findClass(PluginClassLoader.java:92) ~[patched_1.8.8.jar:git-PandaSpigot-119]
	at org.bukkit.plugin.java.PluginClassLoader.findClass(PluginClassLoader.java:87) ~[patched_1.8.8.jar:git-PandaSpigot-119]
	at java.lang.ClassLoader.loadClass(ClassLoader.java:592) ~[?:?]
	at java.lang.ClassLoader.loadClass(ClassLoader.java:525) ~[?:?]
	... 15 more
[02:55:30] [Server thread/INFO]: [ChestActions] Loading ChestActions v2.9
[02:55:30] [Server thread/INFO]: [WorldEdit] Loading WorldEdit v6.1.9;caf0ad9
[02:55:30] [Server thread/INFO]: [EconomyManager] Loading EconomyManager v1.0.3
[02:55:30] [Server thread/INFO]: [Guilds] Loading Guilds v3.0.2
[02:55:30] [Server thread/INFO]: [spark] Loading spark v1.10.119
[02:55:30] [Server thread/INFO]: [ViaVersion] Loading ViaVersion v5.0.0
[02:55:30] [Server thread/INFO]: [ViaVersion] ViaVersion 5.0.0 is now loaded. Registering protocol transformers and injecting...
[02:55:30] [Server thread/ERROR]: [ViaVersion] ViaVersion is already loaded, this should work fine. If you get any console errors, try rebooting.
[02:55:30] [Via-Mappingloader-0/INFO]: [ViaVersion] Loading block connection mappings ...
[02:55:31] [Server thread/INFO]: [ViaBackwards] Loading translations...
[02:55:31] [Server thread/INFO]: [ViaBackwards] Registering protocols...
[02:55:31] [Server thread/INFO]: [ViaRewind] Registering protocols...
[02:55:31] [Server thread/INFO]: [ViaBackwards] Loading ViaBackwards v5.0.0
[02:55:31] [Server thread/INFO]: [Spawn] Loading Spawn v2.4.1
[02:55:31] [Server thread/INFO]: [WorldGuard] Loading WorldGuard v6.1.3-SNAPSHOT;c904242
[02:55:31] [Server thread/INFO]: [ViaRewind] Loading ViaRewind v4.0.0
[02:55:31] [Server thread/INFO]: [LuckPerms] Loading LuckPerms v5.4.158
[02:55:31] [Server thread/INFO]: [ViaRewind-Legacy-Support] Loading ViaRewind-Legacy-Support v1.5.1
[02:55:31] [Server thread/INFO]: [Vault] Loading Vault v1.7.3-b131
[02:55:31] [Server thread/INFO]: [Essentials] Loading Essentials v2.15.0.1
[02:55:31] [Server thread/INFO]: [EconomyShopGUI] Loading EconomyShopGUI v6.12.2
[02:55:31] [Server thread/INFO]: [BetterRTP] Loading BetterRTP v3.6.13
[02:55:31] [Server thread/INFO]: [EconomyManager] Enabling EconomyManager v1.0.3
[02:55:31] [Server thread/INFO]: [EconomyManager] ItemStack{STONE x 1}
[02:55:31] [Server thread/INFO]: [EconomyManager] ItemStack{STONE x 1}
[02:55:31] [Server thread/INFO]: [EconomyManager] ItemStack{WOOL x 1}
[02:55:31] [Server thread/INFO]: [ViaRewind] Enabling ViaRewind v4.0.0
[02:55:31] [Server thread/INFO]: [LuckPerms] Enabling LuckPerms v5.4.158
[02:55:31] [Thread-42/WARN]: [EconomyManager] Could not reach dev.bukkit.org for update checking. Is it offline?
[02:55:32] [Server thread/INFO]:         __    
[02:55:32] [Server thread/INFO]:   |    |__)   LuckPerms v5.4.158
[02:55:32] [Server thread/INFO]:   |___ |      Running on Bukkit - PandaSpigot
[02:55:32] [Server thread/INFO]: 
[02:55:32] [Server thread/INFO]: [LuckPerms] Loading configuration...
[02:55:32] [Server thread/INFO]: [LuckPerms] Loading storage provider... [H2]
[02:55:32] [Server thread/INFO]: [LuckPerms] Loading internal permission managers...
[02:55:32] [Server thread/INFO]: [LuckPerms] Performing initial data load...
[02:55:32] [Server thread/INFO]: [LuckPerms] Successfully enabled. (took 775ms)
[02:55:32] [Server thread/INFO]: [Vault] Enabling Vault v1.7.3-b131
[02:55:32] [Server thread/INFO]: [Vault] [Economy] Essentials Economy found: Waiting
[02:55:32] [Server thread/INFO]: [Vault] [Permission] SuperPermissions loaded as backup permission system.
[02:55:32] [Server thread/INFO]: [Vault] Enabled Version 1.7.3-b131
[02:55:32] [Server thread/INFO]: [LuckPerms] Registered Vault permission & chat hook.
[02:55:32] [Server thread/INFO]: [LibsDisguises] Enabling LibsDisguises v11.0.5
[02:55:32] [Server thread/ERROR]: [LibsDisguises] Server was reloaded! Please do not report any bugs! This plugin can't handle reloads gracefully!
[02:55:32] [Server thread/INFO]: [LibsDisguises] File Name: LibsDisguises-11.0.5-Free.jar
[02:55:32] [Server thread/INFO]: [LibsDisguises] Discovered nms version: (Package: v1_8_R3) (LD: null) (MC: 1.8.8)
[02:55:32] [Server thread/INFO]: [LibsDisguises] Jenkins Build: #1585
[02:55:32] [Server thread/INFO]: [LibsDisguises] Build Date: 13/04/2025 03:40
[02:55:32] [Server thread/WARN]: java.lang.NoClassDefFoundError: Could not initialize class me.libraryaddict.disguise.utilities.reflection.ClassMappings

[02:55:32] [Server thread/WARN]: 	at me.libraryaddict.disguise.LibsDisguises.deleteMappingsCache(LibsDisguises.java:194)

[02:55:32] [Server thread/WARN]: 	at me.libraryaddict.disguise.LibsDisguises.onEnable(LibsDisguises.java:251)

[02:55:32] [Server thread/WARN]: 	at org.bukkit.plugin.java.JavaPlugin.setEnabled(JavaPlugin.java:321)

[02:55:32] [Server thread/WARN]: 	at org.bukkit.plugin.java.JavaPluginLoader.enablePlugin(JavaPluginLoader.java:332)

[02:55:32] [Server thread/WARN]: 	at org.bukkit.plugin.SimplePluginManager.enablePlugin(SimplePluginManager.java:454)

[02:55:32] [Server thread/WARN]: 	at org.bukkit.craftbukkit.v1_8_R3.CraftServer.loadPlugin(CraftServer.java:393)

[02:55:32] [Server thread/WARN]: 	at org.bukkit.craftbukkit.v1_8_R3.CraftServer.enablePlugins(CraftServer.java:352)

[02:55:32] [Server thread/WARN]: 	at org.bukkit.craftbukkit.v1_8_R3.CraftServer.reload(CraftServer.java:805)

[02:55:32] [Server thread/WARN]: 	at org.bukkit.Bukkit.reload(Bukkit.java:573)

[02:55:32] [Server thread/WARN]: 	at org.bukkit.command.defaults.ReloadCommand.execute(ReloadCommand.java:25)

[02:55:32] [Server thread/WARN]: 	at org.bukkit.command.SimpleCommandMap.dispatch(SimpleCommandMap.java:146)

[02:55:32] [Server thread/WARN]: 	at org.bukkit.craftbukkit.v1_8_R3.CraftServer.dispatchCommand(CraftServer.java:700)

[02:55:32] [Server thread/WARN]: 	at org.bukkit.craftbukkit.v1_8_R3.CraftServer.dispatchServerCommand(CraftServer.java:663)

[02:55:32] [Server thread/WARN]: 	at net.minecraft.server.v1_8_R3.DedicatedServer.aO(DedicatedServer.java:450)

[02:55:32] [Server thread/WARN]: 	at net.minecraft.server.v1_8_R3.DedicatedServer.B(DedicatedServer.java:413)

[02:55:32] [Server thread/WARN]: 	at net.minecraft.server.v1_8_R3.MinecraftServer.A(MinecraftServer.java:815)

[02:55:32] [Server thread/WARN]: 	at net.minecraft.server.v1_8_R3.MinecraftServer.run(MinecraftServer.java:648)

[02:55:32] [Server thread/WARN]: 	at net.minecraft.server.v1_8_R3.MinecraftServer.lambda$spin$0(MinecraftServer.java:133)

[02:55:32] [Server thread/WARN]: 	at java.base/java.lang.Thread.run(Thread.java:840)

[02:55:32] [Server thread/WARN]: Caused by: java.lang.ExceptionInInitializerError: Exception java.lang.NoClassDefFoundError: com/github/retrooper/packetevents/wrapper/PacketWrapper [in thread "Server thread"]

[02:55:32] [Server thread/WARN]: 	at me.libraryaddict.disguise.utilities.reflection.ClassMappings.<clinit>(ClassMappings.java:25)

[02:55:32] [Server thread/WARN]: 	at me.libraryaddict.disguise.LibsDisguises.deleteMappingsCache(LibsDisguises.java:194)

[02:55:32] [Server thread/WARN]: 	at me.libraryaddict.disguise.LibsDisguises.onLoad(LibsDisguises.java:178)

[02:55:32] [Server thread/WARN]: 	at org.bukkit.craftbukkit.v1_8_R3.CraftServer.loadPlugins(CraftServer.java:303)

[02:55:32] [Server thread/WARN]: 	at org.bukkit.craftbukkit.v1_8_R3.CraftServer.reload(CraftServer.java:803)

[02:55:32] [Server thread/WARN]: 	... 11 more

[02:55:32] [Server thread/ERROR]: [LibsDisguises] Failed to delete mappings cache
[02:55:32] [Server thread/ERROR]: [LibsDisguises] Lib's Disguises couldn't update itself
[02:55:32] [Server thread/ERROR]: Error occurred while enabling LibsDisguises v11.0.5 (Is it up to date?)
java.lang.NoClassDefFoundError: Could not initialize class me.libraryaddict.disguise.DisguiseConfig
	at me.libraryaddict.disguise.utilities.plugin.BisectHosting.isBisectHosted(BisectHosting.java:13) ~[?:?]
	at me.libraryaddict.disguise.utilities.LibsPremium.doSecondaryCheck(LibsPremium.java:220) ~[?:?]
	at me.libraryaddict.disguise.utilities.LibsPremium.check(LibsPremium.java:290) ~[?:?]
	at me.libraryaddict.disguise.LibsDisguises.onEnable(LibsDisguises.java:215) ~[?:?]
	at org.bukkit.plugin.java.JavaPlugin.setEnabled(JavaPlugin.java:321) ~[patched_1.8.8.jar:git-PandaSpigot-119]
	at org.bukkit.plugin.java.JavaPluginLoader.enablePlugin(JavaPluginLoader.java:332) ~[patched_1.8.8.jar:git-PandaSpigot-119]
	at org.bukkit.plugin.SimplePluginManager.enablePlugin(SimplePluginManager.java:454) ~[patched_1.8.8.jar:git-PandaSpigot-119]
	at org.bukkit.craftbukkit.v1_8_R3.CraftServer.loadPlugin(CraftServer.java:393) ~[patched_1.8.8.jar:git-PandaSpigot-119]
	at org.bukkit.craftbukkit.v1_8_R3.CraftServer.enablePlugins(CraftServer.java:352) ~[patched_1.8.8.jar:git-PandaSpigot-119]
	at org.bukkit.craftbukkit.v1_8_R3.CraftServer.reload(CraftServer.java:805) ~[patched_1.8.8.jar:git-PandaSpigot-119]
	at org.bukkit.Bukkit.reload(Bukkit.java:573) ~[patched_1.8.8.jar:git-PandaSpigot-119]
	at org.bukkit.command.defaults.ReloadCommand.execute(ReloadCommand.java:25) ~[patched_1.8.8.jar:git-PandaSpigot-119]
	at org.bukkit.command.SimpleCommandMap.dispatch(SimpleCommandMap.java:146) ~[patched_1.8.8.jar:git-PandaSpigot-119]
	at org.bukkit.craftbukkit.v1_8_R3.CraftServer.dispatchCommand(CraftServer.java:700) ~[patched_1.8.8.jar:git-PandaSpigot-119]
	at org.bukkit.craftbukkit.v1_8_R3.CraftServer.dispatchServerCommand(CraftServer.java:663) ~[patched_1.8.8.jar:git-PandaSpigot-119]
	at net.minecraft.server.v1_8_R3.DedicatedServer.aO(DedicatedServer.java:450) ~[patched_1.8.8.jar:git-PandaSpigot-119]
	at net.minecraft.server.v1_8_R3.DedicatedServer.B(DedicatedServer.java:413) ~[patched_1.8.8.jar:git-PandaSpigot-119]
	at net.minecraft.server.v1_8_R3.MinecraftServer.A(MinecraftServer.java:815) ~[patched_1.8.8.jar:git-PandaSpigot-119]
	at net.minecraft.server.v1_8_R3.MinecraftServer.run(MinecraftServer.java:648) ~[patched_1.8.8.jar:git-PandaSpigot-119]
	at net.minecraft.server.v1_8_R3.MinecraftServer.lambda$spin$0(MinecraftServer.java:133) ~[patched_1.8.8.jar:git-PandaSpigot-119]
	at java.lang.Thread.run(Thread.java:840) [?:?]
Caused by: java.lang.ExceptionInInitializerError: Exception java.lang.NoClassDefFoundError: org/bukkit/boss/BarStyle [in thread "Server thread"]
	at me.libraryaddict.disguise.DisguiseConfig.<clinit>(DisguiseConfig.java:209) ~[?:?]
	at me.libraryaddict.disguise.LibsDisguises.onLoad(LibsDisguises.java:108) ~[?:?]
	at org.bukkit.craftbukkit.v1_8_R3.CraftServer.loadPlugins(CraftServer.java:303) ~[patched_1.8.8.jar:git-PandaSpigot-119]
	at org.bukkit.craftbukkit.v1_8_R3.CraftServer.reload(CraftServer.java:803) ~[patched_1.8.8.jar:git-PandaSpigot-119]
	... 11 more
[02:55:32] [Server thread/INFO]: [LibsDisguises] Disabling LibsDisguises v11.0.5
[02:55:32] [Server thread/ERROR]: Error occurred while disabling LibsDisguises v11.0.5 (Is it up to date?)
java.lang.NoClassDefFoundError: com/github/retrooper/packetevents/wrapper/PacketWrapper
	at me.libraryaddict.disguise.LibsDisguises.onDisable(LibsDisguises.java:532) ~[?:?]
	at org.bukkit.plugin.java.JavaPlugin.setEnabled(JavaPlugin.java:323) ~[patched_1.8.8.jar:git-PandaSpigot-119]
	at org.bukkit.plugin.java.JavaPluginLoader.disablePlugin(JavaPluginLoader.java:360) ~[patched_1.8.8.jar:git-PandaSpigot-119]
	at org.bukkit.plugin.java.JavaPluginLoader.enablePlugin(JavaPluginLoader.java:336) ~[patched_1.8.8.jar:git-PandaSpigot-119]
	at org.bukkit.plugin.SimplePluginManager.enablePlugin(SimplePluginManager.java:454) ~[patched_1.8.8.jar:git-PandaSpigot-119]
	at org.bukkit.craftbukkit.v1_8_R3.CraftServer.loadPlugin(CraftServer.java:393) ~[patched_1.8.8.jar:git-PandaSpigot-119]
	at org.bukkit.craftbukkit.v1_8_R3.CraftServer.enablePlugins(CraftServer.java:352) ~[patched_1.8.8.jar:git-PandaSpigot-119]
	at org.bukkit.craftbukkit.v1_8_R3.CraftServer.reload(CraftServer.java:805) ~[patched_1.8.8.jar:git-PandaSpigot-119]
	at org.bukkit.Bukkit.reload(Bukkit.java:573) ~[patched_1.8.8.jar:git-PandaSpigot-119]
	at org.bukkit.command.defaults.ReloadCommand.execute(ReloadCommand.java:25) ~[patched_1.8.8.jar:git-PandaSpigot-119]
	at org.bukkit.command.SimpleCommandMap.dispatch(SimpleCommandMap.java:146) ~[patched_1.8.8.jar:git-PandaSpigot-119]
	at org.bukkit.craftbukkit.v1_8_R3.CraftServer.dispatchCommand(CraftServer.java:700) ~[patched_1.8.8.jar:git-PandaSpigot-119]
	at org.bukkit.craftbukkit.v1_8_R3.CraftServer.dispatchServerCommand(CraftServer.java:663) ~[patched_1.8.8.jar:git-PandaSpigot-119]
	at net.minecraft.server.v1_8_R3.DedicatedServer.aO(DedicatedServer.java:450) ~[patched_1.8.8.jar:git-PandaSpigot-119]
	at net.minecraft.server.v1_8_R3.DedicatedServer.B(DedicatedServer.java:413) ~[patched_1.8.8.jar:git-PandaSpigot-119]
	at net.minecraft.server.v1_8_R3.MinecraftServer.A(MinecraftServer.java:815) ~[patched_1.8.8.jar:git-PandaSpigot-119]
	at net.minecraft.server.v1_8_R3.MinecraftServer.run(MinecraftServer.java:648) ~[patched_1.8.8.jar:git-PandaSpigot-119]
	at net.minecraft.server.v1_8_R3.MinecraftServer.lambda$spin$0(MinecraftServer.java:133) ~[patched_1.8.8.jar:git-PandaSpigot-119]
	at java.lang.Thread.run(Thread.java:840) [?:?]
Caused by: java.lang.ClassNotFoundException: com.github.retrooper.packetevents.wrapper.PacketWrapper
	at java.net.URLClassLoader.findClass(URLClassLoader.java:445) ~[?:?]
	at org.bukkit.plugin.java.PluginClassLoader.findClass(PluginClassLoader.java:102) ~[patched_1.8.8.jar:git-PandaSpigot-119]
	at org.bukkit.plugin.java.PluginClassLoader.findClass(PluginClassLoader.java:87) ~[patched_1.8.8.jar:git-PandaSpigot-119]
	at java.lang.ClassLoader.loadClass(ClassLoader.java:592) ~[?:?]
	at java.lang.ClassLoader.loadClass(ClassLoader.java:525) ~[?:?]
	... 19 more
[02:55:32] [Server thread/INFO]: [ChestActions] Enabling ChestActions v2.9
[02:55:32] [Server thread/INFO]: [ChestActions] ChestActions enabled
[02:55:32] [Server thread/INFO]: [ChestActions] Config found
[02:55:32] [Server thread/INFO]: [ChestActions] You have the latest version of the plugin.
[02:55:32] [Server thread/INFO]: [WorldEdit] Enabling WorldEdit v6.1.9;caf0ad9
[02:55:33] [Server thread/INFO]: WEPIF: Using the Bukkit Permissions API.
[02:55:33] [Server thread/INFO]: [WorldEdit] Using com.sk89q.worldedit.bukkit.adapter.impl.Spigot_v1_8_R3 as the Bukkit adapter
[02:55:33] [Server thread/INFO]: [Guilds] Enabling Guilds v3.0.2
[02:55:33] [Server thread/INFO]: [Guilds] Loading settings.yml

[02:55:33] [Server thread/INFO]: [Guilds] Loading messages.yml

[02:55:33] [Server thread/INFO]: [Guilds] Loading guilds.yml

[02:55:33] [Server thread/INFO]: [Guilds] Loading players.yml

[02:55:33] [Server thread/INFO]: [Guilds] Guilds is an old plugin reborn. I am satisfied that this build is stable but if you find any bugs please feed them back to AVOCARDO as soon as possible. Thank you.

[02:55:33] [Server thread/INFO]: [spark] Enabling spark v1.10.119
[02:55:33] [Server thread/INFO]: [spark] Using Paper ServerTickStartEvent for tick monitoring
[02:55:33] [Server thread/INFO]: [spark] Starting background profiler...
[02:55:33] [Server thread/INFO]: [ViaVersion] Enabling ViaVersion v5.0.0
[02:55:33] [Server thread/INFO]: [ViaBackwards] Enabling ViaBackwards v5.0.0
[02:55:33] [Server thread/INFO]: [Spawn] Enabling Spawn v2.4.1
[02:55:33] [Server thread/INFO]: [WorldGuard] Enabling WorldGuard v6.1.3-SNAPSHOT;c904242
[02:55:34] [Server thread/INFO]: [WorldGuard] (world) TNT ignition is PERMITTED.
[02:55:34] [Server thread/INFO]: [WorldGuard] (world) Lighters are PERMITTED.
[02:55:34] [Server thread/INFO]: [WorldGuard] (world) Lava fire is blocked.
[02:55:34] [Server thread/INFO]: [WorldGuard] (world) Fire spread is UNRESTRICTED.
[02:55:34] [Server thread/INFO]: [WorldGuard] Loaded configuration for world 'world'
[02:55:34] [Server thread/INFO]: [WorldGuard] (world_nether) TNT ignition is PERMITTED.
[02:55:34] [Server thread/INFO]: [WorldGuard] (world_nether) Lighters are PERMITTED.
[02:55:34] [Server thread/INFO]: [WorldGuard] (world_nether) Lava fire is blocked.
[02:55:34] [Server thread/INFO]: [WorldGuard] (world_nether) Fire spread is UNRESTRICTED.
[02:55:34] [Server thread/INFO]: [WorldGuard] Loaded configuration for world 'world_nether'
[02:55:34] [Server thread/INFO]: [WorldGuard] (world_the_end) TNT ignition is PERMITTED.
[02:55:34] [Server thread/INFO]: [WorldGuard] (world_the_end) Lighters are PERMITTED.
[02:55:34] [Server thread/INFO]: [WorldGuard] (world_the_end) Lava fire is blocked.
[02:55:34] [Server thread/INFO]: [WorldGuard] (world_the_end) Fire spread is UNRESTRICTED.
[02:55:34] [Server thread/INFO]: [WorldGuard] Loaded configuration for world 'world_the_end'
[02:55:34] [Server thread/INFO]: [WorldGuard] Loading region data...
[02:55:34] [Server thread/INFO]: [ViaRewind-Legacy-Support] Enabling ViaRewind-Legacy-Support v1.5.1
[02:55:34] [Server thread/INFO]: [Essentials] Enabling Essentials v2.15.0.1
[02:55:34] [Server thread/ERROR]: [Essentials] Failed to apply custom currency format: modifiers
[02:55:34] [Server thread/INFO]: Attempting to convert old kits in config.yml to new kits.yml
[02:55:34] [Server thread/INFO]: No kits found to migrate.
[02:55:34] [Server thread/INFO]: [Essentials] Using 1.8.3+ BlockStateMeta provider as mob spawner provider.
[02:55:34] [Server thread/INFO]: [Essentials] Using legacy item data provider as spawn egg provider.
[02:55:34] [Server thread/INFO]: [Essentials] Using legacy potion meta provider as potion meta provider.
[02:55:34] [Server thread/ERROR]: [Essentials] Failed to apply custom currency format: modifiers
[02:55:34] [Server thread/INFO]: Using locale en
[02:55:34] [Server thread/INFO]: [Essentials] Using Spigot 1.7.10+ ServerListPingEvent iterator
[02:55:34] [Server thread/INFO]: [Essentials] Starting Metrics. Opt-out using the global bStats config.
[02:55:34] [Server thread/INFO]: [Vault] [Economy] Essentials Economy hooked.
[02:55:34] [Server thread/INFO]: [Essentials] Using Vault based permissions (LuckPerms)
[02:55:34] [Server thread/INFO]: [EconomyShopGUI] Enabling EconomyShopGUI v6.12.2
[02:55:34] [Server thread/INFO]: [EconomyShopGUI] [INFO]: Using lang-en.yml as language file.
[02:55:34] [Server thread/INFO]: [EconomyShopGUI] [INFO]: Completed loading 16 section configs from /sections/
[02:55:34] [Server thread/INFO]: [EconomyShopGUI] [INFO]: Completed loading 16 shop configs from /shops/
[02:55:34] [Server thread/INFO]: [EconomyShopGUI] [INFO]: Updating Shop settings...
[02:55:34] [Server thread/INFO]: [EconomyShopGUI] [INFO]: Successfully hooked into Vault and using Essentials Economy as economy provider
[02:55:34] [Server thread/INFO]: [EconomyShopGUI] [INFO]: Completed loading 1 economy provider(s) for all 14 shop sections.
[02:55:34] [Server thread/INFO]: [EconomyShopGUI] [INFO]: Using minecraft version 1.8.8...
[02:55:34] [Server thread/INFO]: [EconomyShopGUI] [INFO]: Spawner provider set to AUTO in config
[02:55:34] [Server thread/INFO]: [EconomyShopGUI] [INFO]: Automatically searching for compatible spawner provider....
[02:55:34] [Server thread/INFO]: [EconomyShopGUI] [INFO]: Failed to automatically find compatible spawner provider, using default...
[02:55:34] [Server thread/INFO]: [EconomyShopGUI] [DEBUG]: This item material is not supported in this minecraft version.
[02:55:34] [Server thread/INFO]: [EconomyShopGUI] [WARN]: Item path in config.yml: spawner-break-tools.3
[02:55:34] [Server thread/INFO]: [EconomyShopGUI] [INFO]: Debug mode is enabled.
[02:55:34] [Server thread/INFO]: [EconomyShopGUI] [INFO]: Loading all items...
[02:55:34] [Server thread/INFO]: [EconomyShopGUI] [WARN]: Failed to migrate database to new format for TRANSACTIONS_5_2025
[02:55:34] [Server thread/WARN]: java.sql.SQLException: query does not return ResultSet

[02:55:34] [Server thread/WARN]: 	at org.sqlite.Stmt.executeQuery(Stmt.java:124)

[02:55:34] [Server thread/WARN]: 	at me.gypopo.economyshopgui.files.TransactionLog$Database.checkTableConstraints(TransactionLog.java:704)

[02:55:34] [Server thread/WARN]: 	at me.gypopo.economyshopgui.files.TransactionLog$Database.connect(TransactionLog.java:687)

[02:55:34] [Server thread/WARN]: 	at me.gypopo.economyshopgui.files.TransactionLog$Database.<init>(TransactionLog.java:677)

[02:55:34] [Server thread/WARN]: 	at me.gypopo.economyshopgui.files.TransactionLog.setup(TransactionLog.java:64)

[02:55:34] [Server thread/WARN]: 	at me.gypopo.economyshopgui.methodes.SendMessage.init(SendMessage.java:57)

[02:55:34] [Server thread/WARN]: 	at me.gypopo.economyshopgui.methodes.StartupReload.loadItems(StartupReload.java:146)

[02:55:34] [Server thread/WARN]: 	at me.gypopo.economyshopgui.EconomyShopGUI.onEnable(EconomyShopGUI.java:199)

[02:55:34] [Server thread/WARN]: 	at org.bukkit.plugin.java.JavaPlugin.setEnabled(JavaPlugin.java:321)

[02:55:34] [Server thread/WARN]: 	at org.bukkit.plugin.java.JavaPluginLoader.enablePlugin(JavaPluginLoader.java:332)

[02:55:34] [Server thread/WARN]: 	at org.bukkit.plugin.SimplePluginManager.enablePlugin(SimplePluginManager.java:454)

[02:55:34] [Server thread/WARN]: 	at org.bukkit.craftbukkit.v1_8_R3.CraftServer.loadPlugin(CraftServer.java:393)

[02:55:34] [Server thread/WARN]: 	at org.bukkit.craftbukkit.v1_8_R3.CraftServer.enablePlugins(CraftServer.java:352)

[02:55:34] [Server thread/WARN]: 	at org.bukkit.craftbukkit.v1_8_R3.CraftServer.reload(CraftServer.java:805)

[02:55:34] [Server thread/WARN]: 	at org.bukkit.Bukkit.reload(Bukkit.java:573)

[02:55:34] [Server thread/WARN]: 	at org.bukkit.command.defaults.ReloadCommand.execute(ReloadCommand.java:25)

[02:55:34] [Server thread/WARN]: 	at org.bukkit.command.SimpleCommandMap.dispatch(SimpleCommandMap.java:146)

[02:55:34] [Server thread/WARN]: 	at org.bukkit.craftbukkit.v1_8_R3.CraftServer.dispatchCommand(CraftServer.java:700)

[02:55:34] [Server thread/WARN]: 	at org.bukkit.craftbukkit.v1_8_R3.CraftServer.dispatchServerCommand(CraftServer.java:663)

[02:55:34] [Server thread/WARN]: 	at net.minecraft.server.v1_8_R3.DedicatedServer.aO(DedicatedServer.java:450)

[02:55:34] [Server thread/WARN]: 	at net.minecraft.server.v1_8_R3.DedicatedServer.B(DedicatedServer.java:413)

[02:55:34] [Server thread/WARN]: 	at net.minecraft.server.v1_8_R3.MinecraftServer.A(MinecraftServer.java:815)

[02:55:34] [Server thread/WARN]: 	at net.minecraft.server.v1_8_R3.MinecraftServer.run(MinecraftServer.java:648)

[02:55:34] [Server thread/WARN]: 	at net.minecraft.server.v1_8_R3.MinecraftServer.lambda$spin$0(MinecraftServer.java:133)

[02:55:34] [Server thread/WARN]: 	at java.base/java.lang.Thread.run(Thread.java:840)

[02:55:34] [Server thread/INFO]: [EconomyShopGUI] [INFO]: Initialized - Took 379ms to complete
[02:55:34] [Server thread/INFO]: [BetterRTP] Enabling BetterRTP v3.6.13
[02:55:35] [Server thread/INFO]: [BetterRTP] Cooldown = 600
[02:55:35] [Server thread/INFO]: Server permissions file permissions.yml is empty, ignoring it
[02:55:35] [Server thread/INFO]: CONSOLE: Reload complete.
[02:55:35] [Server thread/INFO]: Timings Reset
[02:55:35] [Server thread/INFO]: [ViaVersion] ViaVersion detected server version: 1.8.x (47)
[02:55:35] [Server thread/WARN]: [ViaVersion] This version of Minecraft is extremely outdated and support for it has reached its end of life. You will still be able to run Via on this Minecraft version, but we are unlikely to provide any further fixes or help with problems specific to legacy Minecraft versions. Please consider updating to give your players a better experience and to avoid issues that have long been fixed.
[02:55:35] [Craft Scheduler Thread - 131/INFO]: [Vault] Checking for Updates ... 
[02:55:35] [Craft Scheduler Thread - 130/INFO]: [ViaVersion] Finished mapping loading, shutting down loader executor!
[02:55:35] [Craft Scheduler Thread - 131/INFO]: [Vault] No new version available
[02:55:35] [Server thread/WARN]: [ViaVersion] There is a newer plugin version available: 5.3.2, you're on: 5.0.0
[02:55:40] [Server thread/INFO]: cocainefrog issued server command: /disguise
[02:55:44] [Server thread/INFO]: cocainefrog issued server command: /help disguise
[02:55:58] [Server thread/INFO]: cocainefrog issued server command: /libs disguise
[02:56:05] [Server thread/INFO]: cocainefrog issued server command: /libsdisguises
[02:56:10] [Async Chat Thread - #0/INFO]: <cocainefrog> e
[02:56:20] [Server thread/INFO]: cocainefrog issued server command: /libsdisguises help
[02:56:26] [Server thread/INFO]: cocainefrog issued server command: /help libsdisguises
[02:56:34] [Server thread/INFO]: cocainefrog issued server command: /help disguise 2
[02:56:44] [Server thread/INFO]: cocainefrog issued server command: /help disguise 3
[02:56:57] [Server thread/INFO]: cocainefrog issued server command: /disguises
[02:57:54] [Server thread/INFO]: cocainefrog issued server command: /disguise pig
[02:58:07] [Server thread/INFO]: cocainefrog issued server command: /disguise help
[02:58:10] [Server thread/INFO]: cocainefrog issued server command: /help disguise
[02:58:17] [Server thread/INFO]: cocainefrog issued server command: /help /disguise
[02:58:22] [Server thread/INFO]: cocainefrog issued server command: /disguise pig
[02:58:29] [Server thread/INFO]: cocainefrog has just earned the achievement [Taking Inventory]
[02:59:46] [Server thread/INFO]: cocainefrog issued server command: /disguise ender dragon
[03:00:30] [Craft Scheduler Thread - 131/INFO]: [EconomyManager] Saving Economy Manager's Information.
[03:00:30] [Craft Scheduler Thread - 131/WARN]: Exception in thread "Craft Scheduler Thread - 131" 
[03:00:30] [Craft Scheduler Thread - 131/WARN]: org.apache.commons.lang.UnhandledException: Plugin EconomyManager v1.0.3 generated an exception while executing task 1575
	at org.bukkit.craftbukkit.v1_8_R3.scheduler.CraftAsyncTask.run(CraftAsyncTask.java:57)
	at org.github.paperspigot.ServerSchedulerReportingWrapper.run(ServerSchedulerReportingWrapper.java:23)
	at java.base/java.util.concurrent.ThreadPoolExecutor.runWorker(ThreadPoolExecutor.java:1136)
	at java.base/java.util.concurrent.ThreadPoolExecutor$Worker.run(ThreadPoolExecutor.java:635)
	at java.base/java.lang.Thread.run(Thread.java:840)
Caused by: java.lang.ClassCastException: class org.bukkit.craftbukkit.v1_8_R3.CraftOfflinePlayer cannot be cast to class org.bukkit.entity.Player (org.bukkit.craftbukkit.v1_8_R3.CraftOfflinePlayer and org.bukkit.entity.Player are in unnamed module of loader 'app')
	at debels.EconomyManager.save(EconomyManager.java:535)
	at debels.EconomyManager.access$0(EconomyManager.java:530)
	at debels.EconomyManager$1.run(EconomyManager.java:114)
	at org.bukkit.craftbukkit.v1_8_R3.scheduler.CraftTask.run(CraftTask.java:59)
	at org.bukkit.craftbukkit.v1_8_R3.scheduler.CraftAsyncTask.run(CraftAsyncTask.java:53)
	... 4 more

[03:00:39] [Server thread/INFO]: cocainefrog issued server command: /replacenear 1 grass air
[03:00:55] [Server thread/INFO]: cocainefrog issued server command: /give cocainefrog grass
[03:01:26] [Server thread/INFO]: cocainefrog issued server command: /give coc 31
[03:01:42] [Server thread/INFO]: cocainefrog issued server command: /give coc 2
[03:03:16] [Server thread/INFO]: cocainefrog issued server command: /give coc tallgrass
[03:03:28] [Server thread/INFO]: cocainefrog issued server command: /replacenear 50 tallgrass air
[03:04:49] [Server thread/INFO]: cocainefrog issued server command: /replace grass wood
[03:04:56] [Server thread/INFO]: cocainefrog issued server command: //replace grass wood
[03:05:06] [Server thread/INFO]: cocainefrog issued server command: //undo
[03:05:30] [Craft Scheduler Thread - 134/INFO]: [EconomyManager] Saving Economy Manager's Information.
[03:05:30] [Craft Scheduler Thread - 134/WARN]: Exception in thread "Craft Scheduler Thread - 134" 
[03:05:30] [Craft Scheduler Thread - 134/WARN]: org.apache.commons.lang.UnhandledException: Plugin EconomyManager v1.0.3 generated an exception while executing task 1575
	at org.bukkit.craftbukkit.v1_8_R3.scheduler.CraftAsyncTask.run(CraftAsyncTask.java:57)
	at org.github.paperspigot.ServerSchedulerReportingWrapper.run(ServerSchedulerReportingWrapper.java:23)
	at java.base/java.util.concurrent.ThreadPoolExecutor.runWorker(ThreadPoolExecutor.java:1136)
	at java.base/java.util.concurrent.ThreadPoolExecutor$Worker.run(ThreadPoolExecutor.java:635)
	at java.base/java.lang.Thread.run(Thread.java:840)
Caused by: java.lang.ClassCastException: class org.bukkit.craftbukkit.v1_8_R3.CraftOfflinePlayer cannot be cast to class org.bukkit.entity.Player (org.bukkit.craftbukkit.v1_8_R3.CraftOfflinePlayer and org.bukkit.entity.Player are in unnamed module of loader 'app')
	at debels.EconomyManager.save(EconomyManager.java:535)
	at debels.EconomyManager.access$0(EconomyManager.java:530)
	at debels.EconomyManager$1.run(EconomyManager.java:114)
	at org.bukkit.craftbukkit.v1_8_R3.scheduler.CraftTask.run(CraftTask.java:59)
	at org.bukkit.craftbukkit.v1_8_R3.scheduler.CraftAsyncTask.run(CraftAsyncTask.java:53)
	... 4 more

[03:05:58] [Async Chat Thread - #1/INFO]: <cocainefrog> -142 68 126
[03:06:14] [Async Chat Thread - #1/INFO]: <cocainefrog> -ttg 68 151
[03:06:29] [Async Chat Thread - #1/INFO]: <cocainefrog> -118 68 151
[03:06:35] [Server thread/INFO]: cocainefrog issued server command: /fill
[03:07:08] [Server thread/INFO]: cocainefrog issued server command: /fill -142 68 126 -118 68 151 wood
[03:07:08] [Server thread/INFO]: [cocainefrog: There is no such block with name minecraft:wood]
[03:07:40] [Server thread/INFO]: cocainefrog issued server command: //fill wood
[03:07:54] [Server thread/INFO]: cocainefrog issued server command: //hsphere stone 10
[03:10:30] [Craft Scheduler Thread - 135/INFO]: [EconomyManager] Saving Economy Manager's Information.
[03:10:30] [Craft Scheduler Thread - 135/WARN]: Exception in thread "Craft Scheduler Thread - 135" 
[03:10:30] [Craft Scheduler Thread - 135/WARN]: org.apache.commons.lang.UnhandledException: Plugin EconomyManager v1.0.3 generated an exception while executing task 1575
	at org.bukkit.craftbukkit.v1_8_R3.scheduler.CraftAsyncTask.run(CraftAsyncTask.java:57)
	at org.github.paperspigot.ServerSchedulerReportingWrapper.run(ServerSchedulerReportingWrapper.java:23)
	at java.base/java.util.concurrent.ThreadPoolExecutor.runWorker(ThreadPoolExecutor.java:1136)
	at java.base/java.util.concurrent.ThreadPoolExecutor$Worker.run(ThreadPoolExecutor.java:635)
	at java.base/java.lang.Thread.run(Thread.java:840)
Caused by: java.lang.ClassCastException: class org.bukkit.craftbukkit.v1_8_R3.CraftOfflinePlayer cannot be cast to class org.bukkit.entity.Player (org.bukkit.craftbukkit.v1_8_R3.CraftOfflinePlayer and org.bukkit.entity.Player are in unnamed module of loader 'app')
	at debels.EconomyManager.save(EconomyManager.java:535)
	at debels.EconomyManager.access$0(EconomyManager.java:530)
	at debels.EconomyManager$1.run(EconomyManager.java:114)
	at org.bukkit.craftbukkit.v1_8_R3.scheduler.CraftTask.run(CraftTask.java:59)
	at org.bukkit.craftbukkit.v1_8_R3.scheduler.CraftAsyncTask.run(CraftAsyncTask.java:53)
	... 4 more

[03:11:47] [Server thread/INFO]: cocainefrog issued server command: //fill 5 stone
[03:11:55] [Server thread/INFO]: cocainefrog issued server command: //fill stone 5 1
[03:12:03] [Server thread/INFO]: cocainefrog issued server command: //undo
[03:12:19] [Server thread/INFO]: cocainefrog issued server command: //fill stone 5 1
[03:12:59] [Server thread/INFO]: cocainefrog issued server command: //fill stone 5 1
[03:15:30] [Craft Scheduler Thread - 137/INFO]: [EconomyManager] Saving Economy Manager's Information.
[03:15:30] [Craft Scheduler Thread - 137/WARN]: Exception in thread "Craft Scheduler Thread - 137" 
[03:15:30] [Craft Scheduler Thread - 137/WARN]: org.apache.commons.lang.UnhandledException: Plugin EconomyManager v1.0.3 generated an exception while executing task 1575
	at org.bukkit.craftbukkit.v1_8_R3.scheduler.CraftAsyncTask.run(CraftAsyncTask.java:57)
	at org.github.paperspigot.ServerSchedulerReportingWrapper.run(ServerSchedulerReportingWrapper.java:23)
	at java.base/java.util.concurrent.ThreadPoolExecutor.runWorker(ThreadPoolExecutor.java:1136)
	at java.base/java.util.concurrent.ThreadPoolExecutor$Worker.run(ThreadPoolExecutor.java:635)
	at java.base/java.lang.Thread.run(Thread.java:840)
Caused by: java.lang.ClassCastException: class org.bukkit.craftbukkit.v1_8_R3.CraftOfflinePlayer cannot be cast to class org.bukkit.entity.Player (org.bukkit.craftbukkit.v1_8_R3.CraftOfflinePlayer and org.bukkit.entity.Player are in unnamed module of loader 'app')
	at debels.EconomyManager.save(EconomyManager.java:535)
	at debels.EconomyManager.access$0(EconomyManager.java:530)
	at debels.EconomyManager$1.run(EconomyManager.java:114)
	at org.bukkit.craftbukkit.v1_8_R3.scheduler.CraftTask.run(CraftTask.java:59)
	at org.bukkit.craftbukkit.v1_8_R3.scheduler.CraftAsyncTask.run(CraftAsyncTask.java:53)
	... 4 more

[03:15:45] [Server thread/INFO]: cocainefrog issued server command: /spawnset
[03:15:48] [Server thread/INFO]: cocainefrog issued server command: /spawn set
[03:15:56] [Server thread/INFO]: cocainefrog issued server command: /setworldspawn
[03:15:56] [Server thread/INFO]: [cocainefrog: Set the world spawn point to (-118, 91, 137)]
[03:16:03] [Server thread/INFO]: cocainefrog issued server command: /clear
[03:16:05] [Server thread/INFO]: cocainefrog issued server command: /kill c
[03:16:09] [Server thread/INFO]: cocainefrog issued server command: /kill coc
[03:16:09] [Server thread/INFO]: cocainefrog died
[03:17:04] [Server thread/INFO]: cocainefrog issued server command: /gm 3
[03:17:14] [Server thread/INFO]: cocainefrog issued server command: /gm 1
[03:17:57] [Server thread/INFO]: cocainefrog issued server command: /rg define spawn cocainefrog
[03:18:04] [Timer-21/INFO]: [WorldGuard] Region data changes made in 'world' have been background saved
[03:19:11] [Server thread/INFO]: cocainefrog lost connection: Disconnected
[03:19:11] [Server thread/INFO]: cocainefrog left the game.
[03:19:23] [Server thread/INFO]: Unknown command. Type "/help" for help.
